"datelastmodified","basisofrecord","institutioncode","collectioncode","catalognumber","startdatetime","enddatetime","timezone","locality","latitude","longitude","coordinateprecision","bottomdepth","instrumentdepth","instrumenttype","instrumentmodel","collectornumber","fieldnumber","stationstatus","stationclass","temperature","recordurl","relationshiptype","relatedcatalogitem","the_geom","notes"
"2025-03-12",TRANSMITTER,USFWS,FWSCARTLD22UMR,"1-NEXTRAK-800080-A69-1601-12174-2024-07-23T14",2024-07-23 14:07:00.000,2024-10-28 20:12:00.000,UTC,STATION:1,39.63769,-91.25125,,,,Receiver,NEXTRAK,NOT USED,A69-1601-12174,,,,,STATION,"1",POINT (-91.25125 39.63769),""
"2025-03-12",TRANSMITTER,USFWS,FWSCARTLD22UMR,"1-VR2TX-488699-A69-1601-62249-2022-01-01T16",2022-01-01 16:00:00.000,2023-07-06 12:55:24.000,UTC,STATION:1,39.63769,-91.25125,,,,Transceiver,VR2TX,NOT USED,A69-1601-62249,,,,,STATION,"1",POINT (-91.25125 39.63769),""
"2025-03-12",TRANSMITTER,USFWS,FWSCARTLD22UMR,"1-VR2TX-488699-A69-1601-62249-2023-07-06T13",2023-07-06 13:00:00.000,2023-08-02 21:25:00.000,UTC,STATION:1,39.63769,-91.25125,,,,Transceiver,VR2TX,NOT USED,A69-1601-62249,,,,,STATION,"1",POINT (-91.25125 39.63769),""
"2025-03-12",TRANSMITTER,USFWS,FWSCARTLD22UMR,"1-VR2TX-488699-A69-1601-62249-2023-08-02T21",2023-08-02 21:30:00.000,2023-11-29 15:59:00.000,UTC,STATION:1,39.63769,-91.25125,,,,Transceiver,VR2TX,NOT USED,A69-1601-62249,,,,,STATION,"1",POINT (-91.25125 39.63769),""
"2025-03-12",TRANSMITTER,USFWS,FWSCARTLD22UMR,"1-VR2TX-488699-A69-1601-62249-2023-11-29T16",2023-11-29 16:04:00.000,2024-02-08 15:53:00.000,UTC,STATION:1,39.63769,-91.25125,,,,Transceiver,VR2TX,NOT USED,A69-1601-62249,,,,,STATION,"1",POINT (-91.25125 39.63769),""
"2025-03-12",TRANSMITTER,USFWS,FWSCARTLD22UMR,"1-VR2TX-488699-A69-1601-62249-2024-02-08T15",2024-02-08 15:58:00.000,2024-02-22 14:45:00.000,UTC,STATION:1,39.63769,-91.25125,,,,Transceiver,VR2TX,NOT USED,A69-1601-62249,,,,,STATION,"1",POINT (-91.25125 39.63769),""
"2025-03-12",TRANSMITTER,USFWS,FWSCARTLD22UMR,"1-VR2TX-488699-A69-1601-62249-2024-02-22T14",2024-02-22 14:50:00.000,2024-07-23 14:02:00.000,UTC,STATION:1,39.63769,-91.25125,,,,Transceiver,VR2TX,NOT USED,A69-1601-62249,,,,,STATION,"1",POINT (-91.25125 39.63769),""
"2025-03-12",TRANSMITTER,USFWS,FWSCARTLD22UMR,"10-VR2TX-488694-A69-1601-62244-2022-01-01T16",2022-01-01 16:00:00.000,2023-07-06 13:23:00.000,UTC,STATION:10,39.63499,-91.24797,,,,Transceiver,VR2TX,NOT USED,A69-1601-62244,,,,,STATION,"10",POINT (-91.24797 39.63499),""
"2025-03-12",TRANSMITTER,USFWS,FWSCARTLD22UMR,"10-VR2TX-488694-A69-1601-62244-2023-07-06T13",2023-07-06 13:28:00.000,2023-08-02 22:07:00.000,UTC,STATION:10,39.63499,-91.24797,,,,Transceiver,VR2TX,NOT USED,A69-1601-62244,,,,,STATION,"10",POINT (-91.24797 39.63499),""
"2025-03-12",TRANSMITTER,USFWS,FWSCARTLD22UMR,"10-VR2TX-488694-A69-1601-62244-2023-08-02T22",2023-08-02 22:12:00.000,2023-11-29 15:21:00.000,UTC,STATION:10,39.63499,-91.24797,,,,Transceiver,VR2TX,NOT USED,A69-1601-62244,,,,,STATION,"10",POINT (-91.24797 39.63499),""
"2025-03-12",TRANSMITTER,USFWS,FWSCARTLD22UMR,"10-VR2TX-488694-A69-1601-62244-2023-11-29T15",2023-11-29 15:26:00.000,2024-02-08 15:17:00.000,UTC,STATION:10,39.63499,-91.24797,,,,Transceiver,VR2TX,NOT USED,A69-1601-62244,,,,,STATION,"10",POINT (-91.24797 39.63499),Barge Parked in front of receiver
"2025-03-12",TRANSMITTER,USFWS,FWSCARTLD22UMR,"10-VR2TX-488694-A69-1601-62244-2024-02-08T15",2024-02-08 15:22:00.000,2024-02-22 14:26:00.000,UTC,STATION:10,39.63499,-91.24797,,,,Transceiver,VR2TX,NOT USED,A69-1601-62244,,,,,STATION,"10",POINT (-91.24797 39.63499),""
"2025-03-12",TRANSMITTER,USFWS,FWSCARTLD22UMR,"10-VR2TX-488694-A69-1601-62244-2024-02-22T14",2024-02-22 14:31:00.000,2024-07-15 19:24:00.000,UTC,STATION:10,39.63499,-91.24797,,,,Transceiver,VR2TX,NOT USED,A69-1601-62244,,,,,STATION,"10",POINT (-91.24797 39.63499),""
"2025-03-12",TRANSMITTER,USFWS,FWSCARTLD22UMR,"10-VR2TX-488694-A69-1601-62244-2024-07-15T19",2024-07-15 19:29:00.000,2024-10-28 18:57:00.000,UTC,STATION:10,39.63499,-91.24797,,,,Transceiver,VR2TX,NOT USED,A69-1601-62244,,,,,STATION,"10",POINT (-91.24797 39.63499),""
"2025-03-12",TRANSMITTER,USFWS,FWSCARTLD22UMR,"11-VR2TX-488691-A69-1601-62241-2022-01-01T16",2022-01-01 16:00:00.000,2023-07-06 14:53:00.000,UTC,STATION:11,39.63826,-91.24589,,,,Transceiver,VR2TX,NOT USED,A69-1601-62241,,,,,STATION,"11",POINT (-91.24589 39.63826),""
"2025-03-12",TRANSMITTER,USFWS,FWSCARTLD22UMR,"11-VR2TX-488691-A69-1601-62241-2023-07-06T14",2023-07-06 14:58:00.000,2023-08-03 17:25:53.000,UTC,STATION:11,39.63826,-91.24589,,,,Transceiver,VR2TX,NOT USED,A69-1601-62241,,,,,STATION,"11",POINT (-91.24589 39.63826),""
"2025-03-12",TRANSMITTER,USFWS,FWSCARTLD22UMR,"11-VR2TX-488691-A69-1601-62241-2023-08-03T17",2023-08-03 17:30:00.000,2023-11-29 14:10:00.000,UTC,STATION:11,39.63826,-91.24589,,,,Transceiver,VR2TX,NOT USED,A69-1601-62241,,,,,STATION,"11",POINT (-91.24589 39.63826),""
"2025-03-12",TRANSMITTER,USFWS,FWSCARTLD22UMR,"11-VR2TX-488691-A69-1601-62241-2023-11-29T14",2023-11-29 14:15:00.000,2024-02-08 14:49:00.000,UTC,STATION:11,39.63826,-91.24589,,,,Transceiver,VR2TX,NOT USED,A69-1601-62241,,,,,STATION,"11",POINT (-91.24589 39.63826),""
"2025-03-12",TRANSMITTER,USFWS,FWSCARTLD22UMR,"11-VR2TX-488691-A69-1601-62241-2024-02-08T14",2024-02-08 14:54:00.000,2024-02-22 13:54:00.000,UTC,STATION:11,39.63826,-91.24589,,,,Transceiver,VR2TX,NOT USED,A69-1601-62241,,,,,STATION,"11",POINT (-91.24589 39.63826),""
"2025-03-12",TRANSMITTER,USFWS,FWSCARTLD22UMR,"11-VR2TX-488691-A69-1601-62241-2024-02-22T19",2024-02-22 19:59:00.000,2024-07-15 18:09:00.000,UTC,STATION:11,39.63826,-91.24589,,,,Transceiver,VR2TX,NOT USED,A69-1601-62241,,,,,STATION,"11",POINT (-91.24589 39.63826),""
"2025-03-12",TRANSMITTER,USFWS,FWSCARTLD22UMR,"11-VR2TX-488691-A69-1601-62241-2024-07-15T18",2024-07-15 18:14:00.000,2024-10-28 20:06:00.000,UTC,STATION:11,39.63826,-91.24589,,,,Transceiver,VR2TX,NOT USED,A69-1601-62241,,,,,STATION,"11",POINT (-91.24589 39.63826),""
"2025-03-12",TRANSMITTER,USFWS,FWSCARTLD22UMR,"12-VR2TX-488690-A69-1601-62240-2022-01-01T16",2022-01-01 16:00:00.000,2023-07-06 21:06:00.000,UTC,STATION:12,39.64364,-91.2582,,,,Transceiver,VR2TX,NOT USED,A69-1601-62240,,,,,STATION,"12",POINT (-91.2582 39.64364),""
"2025-03-12",TRANSMITTER,USFWS,FWSCARTLD22UMR,"12-VR2TX-488690-A69-1601-62240-2023-07-06T21",2023-07-06 21:11:00.000,2023-08-03 13:42:00.000,UTC,STATION:12,39.64364,-91.2582,,,,Transceiver,VR2TX,NOT USED,A69-1601-62240,,,,,STATION,"12",POINT (-91.2582 39.64364),""
"2025-03-12",TRANSMITTER,USFWS,FWSCARTLD22UMR,"12-VR2TX-488690-A69-1601-62240-2023-08-03T13",2023-08-03 13:47:00.000,2023-11-29 17:29:00.000,UTC,STATION:12,39.64364,-91.2582,,,,Transceiver,VR2TX,NOT USED,A69-1601-62240,,,,,STATION,"12",POINT (-91.2582 39.64364),""
"2025-03-12",TRANSMITTER,USFWS,FWSCARTLD22UMR,"12-VR2TX-488690-A69-1601-62240-2023-11-29T17",2023-11-29 17:34:00.000,2024-02-07 18:44:00.000,UTC,STATION:12,39.64364,-91.2582,,,,Transceiver,VR2TX,NOT USED,A69-1601-62240,,,,,STATION,"12",POINT (-91.2582 39.64364),""
"2025-03-12",TRANSMITTER,USFWS,FWSCARTLD22UMR,"12-VR2TX-488690-A69-1601-62240-2024-02-07T18",2024-02-07 18:49:00.000,2024-02-21 19:20:00.000,UTC,STATION:12,39.64364,-91.2582,,,,Transceiver,VR2TX,NOT USED,A69-1601-62240,,,,,STATION,"12",POINT (-91.2582 39.64364),""
"2025-03-12",TRANSMITTER,USFWS,FWSCARTLD22UMR,"12-VR2TX-488690-A69-1601-62240-2024-08-12T19",2024-08-12 19:26:00.000,2024-12-10 19:16:00.000,UTC,STATION:12,39.64364,-91.2582,,,,Transceiver,VR2TX,NOT USED,A69-1601-62240,,,,,STATION,"12",POINT (-91.2582 39.64364),replaced  with 490947due to poor dection rate of 488690
"2025-03-12",TRANSMITTER,USFWS,FWSCARTLD22UMR,"13-VR2TX-487137-A69-1601-62007-2022-01-01T16",2022-01-01 16:00:00.000,2023-07-06 20:31:59.000,UTC,STATION:13,39.65108,-91.25417,,,,Transceiver,VR2TX,NOT USED,A69-1601-62007,,,,,STATION,"13",POINT (-91.25417 39.65108),""
"2025-03-12",TRANSMITTER,USFWS,FWSCARTLD22UMR,"13-VR2TX-487137-A69-1601-62007-2023-07-06T20",2023-07-06 20:36:00.000,2023-08-03 14:42:00.000,UTC,STATION:13,39.65108,-91.25417,,,,Transceiver,VR2TX,NOT USED,A69-1601-62007,,,,,STATION,"13",POINT (-91.25417 39.65108),""
"2026-01-12",TRANSMITTER,USFWS,FWSCARTLD22UMR,"11-VR2TX-488691-A69-1601-62241-2024-10-28T20",2024-10-28 20:11:00.000,2025-03-25 13:00:00.000,UTC,STATION:11,39.63828,-91.24594,,,,Transceiver,VR2TX,NOT USED,A69-1601-62241,,,,,STATION,"11",POINT (-91.24594 39.63828),|More precise gps point taken via waypoint avg.
"2026-01-12",TRANSMITTER,USFWS,FWSCARTLD22UMR,"12-VR2TX-490947-A69-1601-62741-2024-12-10T19",2024-12-10 19:21:00.000,2025-03-26 16:50:00.000,UTC,STATION:12,39.64364,-91.2582,,,,Transceiver,VR2TX,NOT USED,A69-1601-62741,,,,,STATION,"12",POINT (-91.2582 39.64364),""
"2025-03-12",TRANSMITTER,USFWS,FWSCARTLD22UMR,"13-VR2TX-487137-A69-1601-62007-2023-08-03T14",2023-08-03 14:47:00.000,2023-11-29 19:31:00.000,UTC,STATION:13,39.65108,-91.25417,,,,Transceiver,VR2TX,NOT USED,A69-1601-62007,,,,,STATION,"13",POINT (-91.25417 39.65108),""
"2025-03-12",TRANSMITTER,USFWS,FWSCARTLD22UMR,"13-VR2TX-487137-A69-1601-62007-2023-11-29T19",2023-11-29 19:36:00.000,2024-02-07 20:04:00.000,UTC,STATION:13,39.65108,-91.25417,,,,Transceiver,VR2TX,NOT USED,A69-1601-62007,,,,,STATION,"13",POINT (-91.25417 39.65108),""
"2025-03-12",TRANSMITTER,USFWS,FWSCARTLD22UMR,"13-VR2TX-487137-A69-1601-62007-2024-02-07T20",2024-02-07 20:09:00.000,2024-02-21 20:16:00.000,UTC,STATION:13,39.65108,-91.25417,,,,Transceiver,VR2TX,NOT USED,A69-1601-62007,,,,,STATION,"13",POINT (-91.25417 39.65108),edge of rip rap on maple
"2025-03-12",TRANSMITTER,USFWS,FWSCARTLD22UMR,"13-VR2TX-487137-A69-1601-62007-2024-02-21T20",2024-02-21 20:21:00.000,2024-08-12 20:08:00.000,UTC,STATION:13,39.65108,-91.25417,,,,Transceiver,VR2TX,NOT USED,A69-1601-62007,,,,,STATION,"13",POINT (-91.25417 39.65108),""
"2025-03-12",TRANSMITTER,USFWS,FWSCARTLD22UMR,"13-VR2TX-487137-A69-1601-62007-2024-08-12T20",2024-08-12 20:12:00.000,2024-12-11 14:10:00.000,UTC,STATION:13,39.65108,-91.25417,,,,Transceiver,VR2TX,NOT USED,A69-1601-62007,,,,,STATION,"13",POINT (-91.25417 39.65108),"moved upstream due to accessibility concerns, new cable and battey"
"2025-03-12",TRANSMITTER,USFWS,FWSCARTLD22UMR,"14-VR2TX-487136-A69-1601-62006-2022-01-01T16",2022-01-01 16:00:00.000,2023-07-06 19:57:00.000,UTC,STATION:14,39.65863,-91.26063,,,,Transceiver,VR2TX,NOT USED,A69-1601-62006,,,,,STATION,"14",POINT (-91.26063 39.65863),""
"2025-03-12",TRANSMITTER,USFWS,FWSCARTLD22UMR,"14-VR2TX-487136-A69-1601-62006-2023-07-06T20",2023-07-06 20:02:00.000,2023-08-03 14:06:00.000,UTC,STATION:14,39.65863,-91.26063,,,,Transceiver,VR2TX,NOT USED,A69-1601-62006,,,,,STATION,"14",POINT (-91.26063 39.65863),""
"2025-03-12",TRANSMITTER,USFWS,FWSCARTLD22UMR,"14-VR2TX-487136-A69-1601-62006-2023-08-03T14",2023-08-03 14:11:00.000,2023-11-29 19:11:00.000,UTC,STATION:14,39.65863,-91.26063,,,,Transceiver,VR2TX,NOT USED,A69-1601-62006,,,,,STATION,"14",POINT (-91.26063 39.65863),""
"2025-03-12",TRANSMITTER,USFWS,FWSCARTLD22UMR,"14-VR2TX-487136-A69-1601-62006-2023-11-29T19",2023-11-29 19:16:00.000,2024-02-07 19:44:00.000,UTC,STATION:14,39.65863,-91.26063,,,,Transceiver,VR2TX,NOT USED,A69-1601-62006,,,,,STATION,"14",POINT (-91.26063 39.65863),""
"2025-03-12",TRANSMITTER,USFWS,FWSCARTLD22UMR,"14-VR2TX-487136-A69-1601-62006-2024-02-07T19",2024-02-07 19:49:00.000,2024-02-21 20:05:00.000,UTC,STATION:14,39.65863,-91.26063,,,,Transceiver,VR2TX,NOT USED,A69-1601-62006,,,,,STATION,"14",POINT (-91.26063 39.65863),Half dead maple side channel entrance
"2025-03-12",TRANSMITTER,USFWS,FWSCARTLD22UMR,"15-VR2TX-488693-A69-1601-62243-2022-01-01T16",2022-01-01 16:00:00.000,2023-07-05 18:46:20.000,UTC,STATION:15,39.64004,-91.24099,,,,Transceiver,VR2TX,NOT USED,A69-1601-62243,,,,,STATION,"15",POINT (-91.24099 39.64004),""
"2025-03-12",TRANSMITTER,USFWS,FWSCARTLD22UMR,"15-VR2TX-488693-A69-1601-62243-2023-07-05T18",2023-07-05 18:51:00.000,2023-08-02 18:10:34.000,UTC,STATION:15,39.64004,-91.24099,,,,Transceiver,VR2TX,NOT USED,A69-1601-62243,,,,,STATION,"15",POINT (-91.24099 39.64004),""
"2025-03-12",TRANSMITTER,USFWS,FWSCARTLD22UMR,"15-VR2TX-488693-A69-1601-62243-2023-08-02T18",2023-08-02 18:15:00.000,2023-11-28 19:48:00.000,UTC,STATION:15,39.64004,-91.24099,,,,Transceiver,VR2TX,NOT USED,A69-1601-62243,,,,,STATION,"15",POINT (-91.24099 39.64004),""
"2025-03-12",TRANSMITTER,USFWS,FWSCARTLD22UMR,"15-VR2TX-488693-A69-1601-62243-2023-11-28T19",2023-11-28 19:53:00.000,2024-02-07 17:26:00.000,UTC,STATION:15,39.64004,-91.24099,,,,Transceiver,VR2TX,NOT USED,A69-1601-62243,,,,,STATION,"15",POINT (-91.24099 39.64004),""
"2025-03-12",TRANSMITTER,USFWS,FWSCARTLD22UMR,"15-VR2TX-488693-A69-1601-62243-2024-02-07T17",2024-02-07 17:31:00.000,2024-02-21 22:45:00.000,UTC,STATION:15,39.64004,-91.24099,,,,Transceiver,VR2TX,NOT USED,A69-1601-62243,,,,,STATION,"15",POINT (-91.24099 39.64004),edge of rip rap point by dam
"2025-03-12",TRANSMITTER,USFWS,FWSCARTLD22UMR,"15-VR2TX-488693-A69-1601-62243-2024-02-21T22",2024-02-21 22:50:00.000,2024-08-13 14:30:00.000,UTC,STATION:15,39.64004,-91.24099,,,,Transceiver,VR2TX,NOT USED,A69-1601-62243,,,,,STATION,"15",POINT (-91.24099 39.64004),""
"2025-03-12",TRANSMITTER,USFWS,FWSCARTLD22UMR,"15-VR2TX-488693-A69-1601-62243-2024-08-13T14",2024-08-13 14:35:00.000,2024-12-09 20:20:00.000,UTC,STATION:15,39.64004,-91.24099,,,,Transceiver,VR2TX,NOT USED,A69-1601-62243,,,,,STATION,"15",POINT (-91.24099 39.64004),replaced  cable and battery
"2025-03-12",TRANSMITTER,USFWS,FWSCARTLD22UMR,"16-VR2TX-485473-A69-1601-62865-2022-01-01T16",2022-01-01 16:00:00.000,2023-07-06 19:23:28.000,UTC,STATION:16,39.6619,-91.2708,,,,Transceiver,VR2TX,NOT USED,A69-1601-62865,,,,,STATION,"16",POINT (-91.2708 39.6619),""
"2025-03-12",TRANSMITTER,USFWS,FWSCARTLD22UMR,"16-VR2TX-485473-A69-1601-62865-2023-07-06T19",2023-07-06 19:28:00.000,2023-08-03 15:34:50.000,UTC,STATION:16,39.6619,-91.2708,,,,Transceiver,VR2TX,NOT USED,A69-1601-62865,,,,,STATION,"16",POINT (-91.2708 39.6619),""
"2025-03-12",TRANSMITTER,USFWS,FWSCARTLD22UMR,"16-VR2TX-485473-A69-1601-62865-2023-08-03T15",2023-08-03 15:39:00.000,2023-11-29 18:53:00.000,UTC,STATION:16,39.6619,-91.2708,,,,Transceiver,VR2TX,NOT USED,A69-1601-62865,,,,,STATION,"16",POINT (-91.2708 39.6619),""
"2025-03-12",TRANSMITTER,USFWS,FWSCARTLD22UMR,"16-VR2TX-485473-A69-1601-62865-2023-11-29T18",2023-11-29 18:58:00.000,2024-02-07 19:29:00.000,UTC,STATION:16,39.6619,-91.2708,,,,Transceiver,VR2TX,NOT USED,A69-1601-62865,,,,,STATION,"16",POINT (-91.2708 39.6619),""
"2025-03-12",TRANSMITTER,USFWS,FWSCARTLD22UMR,"16-VR2TX-485473-A69-1601-62865-2024-02-07T19",2024-02-07 19:34:00.000,2024-02-21 19:52:00.000,UTC,STATION:16,39.6619,-91.2708,,,,Transceiver,VR2TX,NOT USED,A69-1601-62865,,,,,STATION,"16",POINT (-91.2708 39.6619),group of three maples leaning over water
"2025-03-12",TRANSMITTER,USFWS,FWSCARTLD22UMR,"16-VR2TX-485473-A69-1601-62865-2024-02-21T19",2024-02-21 19:57:00.000,2024-08-12 20:50:00.000,UTC,STATION:16,39.6619,-91.2708,,,,Transceiver,VR2TX,NOT USED,A69-1601-62865,,,,,STATION,"16",POINT (-91.2708 39.6619),moved 100 feet upstream on elm
"2025-03-12",TRANSMITTER,USFWS,FWSCARTLD22UMR,"17-VR2TX-487147-A69-1601-62038-2022-01-01T16",2022-01-01 16:00:00.000,2023-07-06 21:20:35.000,UTC,STATION:17,39.64661,-91.26548,,,,Transceiver,VR2TX,NOT USED,A69-1601-62038,,,,,STATION,"17",POINT (-91.26548 39.64661),""
"2025-03-12",TRANSMITTER,USFWS,FWSCARTLD22UMR,"17-VR2TX-487147-A69-1601-62038-2023-07-06T21",2023-07-06 21:25:00.000,2023-08-03 13:58:00.000,UTC,STATION:17,39.64661,-91.26548,,,,Transceiver,VR2TX,NOT USED,A69-1601-62038,,,,,STATION,"17",POINT (-91.26548 39.64661),""
"2026-01-12",TRANSMITTER,USFWS,FWSCARTLD22UMR,"14-VR2TX-487136-A69-1601-62006-2024-02-21T20",2024-02-21 20:10:00.000,,UTC,STATION:14,39.65863,-91.26063,,,,Transceiver,VR2TX,NOT USED,A69-1601-62006,,,,,STATION,"14",POINT (-91.26063 39.65863),"Inaccesible on 8/12 due to fallen tree, Will record new receiver when placed|Inaccesible on 8/12 due to fallen tree"
"2026-01-12",TRANSMITTER,USFWS,FWSCARTLD22UMR,"15-VR2TX-488693-A69-1601-62243-2024-12-09T20",2024-12-09 20:25:00.000,2025-04-28 12:55:00.000,UTC,STATION:15,39.64007,-91.24108,,,,Transceiver,VR2TX,NOT USED,A69-1601-62243,,,,,STATION,"15",POINT (-91.24108 39.64007),|More precise gps point taken via waypoint avg.
"2025-03-12",TRANSMITTER,USFWS,FWSCARTLD22UMR,"17-VR2TX-487147-A69-1601-62038-2023-08-03T14",2023-08-03 14:03:00.000,2023-11-29 17:44:00.000,UTC,STATION:17,39.64661,-91.26548,,,,Transceiver,VR2TX,NOT USED,A69-1601-62038,,,,,STATION,"17",POINT (-91.26548 39.64661),""
"2025-03-12",TRANSMITTER,USFWS,FWSCARTLD22UMR,"17-VR2TX-487147-A69-1601-62038-2023-11-29T17",2023-11-29 17:49:00.000,2024-02-07 19:02:00.000,UTC,STATION:17,39.64661,-91.26548,,,,Transceiver,VR2TX,NOT USED,A69-1601-62038,,,,,STATION,"17",POINT (-91.26548 39.64661),""
"2025-03-12",TRANSMITTER,USFWS,FWSCARTLD22UMR,"17-VR2TX-487147-A69-1601-62038-2024-02-07T19",2024-02-07 19:07:00.000,2024-02-21 19:29:00.000,UTC,STATION:17,39.64661,-91.26548,,,,Transceiver,VR2TX,NOT USED,A69-1601-62038,,,,,STATION,"17",POINT (-91.26548 39.64661),Between wing dams twin stem maple
"2025-03-12",TRANSMITTER,USFWS,FWSCARTLD22UMR,"17-VR2TX-487147-A69-1601-62038-2024-02-21T19",2024-02-21 19:34:00.000,2024-08-12 19:14:00.000,UTC,STATION:17,39.64661,-91.26548,,,,Transceiver,VR2TX,NOT USED,A69-1601-62038,,,,,STATION,"17",POINT (-91.26548 39.64661),""
"2025-03-12",TRANSMITTER,USFWS,FWSCARTLD22UMR,"17-VR2TX-487147-A69-1601-62038-2024-08-12T19",2024-08-12 19:19:00.000,2024-12-10 20:14:00.000,UTC,STATION:17,39.64661,-91.26548,,,,Transceiver,VR2TX,NOT USED,A69-1601-62038,,,,,STATION,"17",POINT (-91.26548 39.64661),""
"2025-03-12",TRANSMITTER,USFWS,FWSCARTLD22UMR,"18-VR2TX-487146-A69-1601-62037-2022-01-01T16",2022-01-01 16:00:00.000,2023-07-06 19:03:31.000,UTC,STATION:18,39.66016,-91.27779,,,,Transceiver,VR2TX,NOT USED,A69-1601-62037,,,,,STATION,"18",POINT (-91.27779 39.66016),""
"2025-03-12",TRANSMITTER,USFWS,FWSCARTLD22UMR,"18-VR2TX-487146-A69-1601-62037-2023-07-06T19",2023-07-06 19:08:00.000,2023-08-03 15:48:00.000,UTC,STATION:18,39.66016,-91.27779,,,,Transceiver,VR2TX,NOT USED,A69-1601-62037,,,,,STATION,"18",POINT (-91.27779 39.66016),""
"2025-03-12",TRANSMITTER,USFWS,FWSCARTLD22UMR,"18-VR2TX-487146-A69-1601-62037-2023-08-03T15",2023-08-03 15:53:00.000,2023-11-29 18:05:00.000,UTC,STATION:18,39.66016,-91.27779,,,,Transceiver,VR2TX,NOT USED,A69-1601-62037,,,,,STATION,"18",POINT (-91.27779 39.66016),""
"2025-03-12",TRANSMITTER,USFWS,FWSCARTLD22UMR,"18-VR2TX-487146-A69-1601-62037-2023-11-29T18",2023-11-29 18:10:00.000,2024-02-07 19:16:00.000,UTC,STATION:18,39.66016,-91.27779,,,,Transceiver,VR2TX,NOT USED,A69-1601-62037,,,,,STATION,"18",POINT (-91.27779 39.66016),""
"2025-03-12",TRANSMITTER,USFWS,FWSCARTLD22UMR,"18-VR2TX-487146-A69-1601-62037-2024-02-07T19",2024-02-07 19:21:00.000,2024-02-21 19:45:00.000,UTC,STATION:18,39.66016,-91.27779,,,,Transceiver,VR2TX,NOT USED,A69-1601-62037,,,,,STATION,"18",POINT (-91.27779 39.66016),half dead bushy maple 150 yards from point
"2025-03-12",TRANSMITTER,USFWS,FWSCARTLD22UMR,"18-VR2TX-487146-A69-1601-62037-2024-02-21T19",2024-02-21 19:50:00.000,2024-08-12 18:16:00.000,UTC,STATION:18,39.66016,-91.27779,,,,Transceiver,VR2TX,NOT USED,A69-1601-62037,,,,,STATION,"18",POINT (-91.27779 39.66016),moved 50 feet downstream
"2025-03-12",TRANSMITTER,USFWS,FWSCARTLD22UMR,"18-VR2TX-487146-A69-1601-62037-2024-08-12T18",2024-08-12 18:21:00.000,2024-12-10 20:40:00.000,UTC,STATION:18,39.65965,-91.27712,,,,Transceiver,VR2TX,NOT USED,A69-1601-62037,,,,,STATION,"18",POINT (-91.27712 39.65965),""
"2025-03-12",TRANSMITTER,USFWS,FWSCARTLD22UMR,"19-VR2TX-488697-A69-1601-62247-2022-01-01T16",2022-01-01 16:00:00.000,2023-07-05 17:45:34.000,UTC,STATION:19,39.63812,-91.24526,,,,Transceiver,VR2TX,NOT USED,A69-1601-62247,,,,,STATION,"19",POINT (-91.24526 39.63812),""
"2025-03-12",TRANSMITTER,USFWS,FWSCARTLD22UMR,"19-VR2TX-490945-A69-1601-62739-2023-08-02T17",2023-08-02 17:53:00.000,2023-11-27 18:52:00.000,UTC,STATION:19,39.63812,-91.24526,,,,Transceiver,VR2TX,NOT USED,A69-1601-62739,,,,,STATION,"19",POINT (-91.24526 39.63812),""
"2025-03-12",TRANSMITTER,USFWS,FWSCARTLD22UMR,"19-VR2TX-490945-A69-1601-62739-2023-11-27T18",2023-11-27 18:57:00.000,2024-02-07 17:10:00.000,UTC,STATION:19,39.63812,-91.24526,,,,Transceiver,VR2TX,NOT USED,A69-1601-62739,,,,,STATION,"19",POINT (-91.24526 39.63812),""
"2025-03-12",TRANSMITTER,USFWS,FWSCARTLD22UMR,"2-VR2TX-488704-A69-1601-62254-2022-01-01T16",2022-01-01 16:00:00.000,2023-07-06 13:13:00.000,UTC,STATION:2,39.63353,-91.24713,,,,Transceiver,VR2TX,NOT USED,A69-1601-62254,,,,,STATION,"2",POINT (-91.24713 39.63353),""
"2025-03-12",TRANSMITTER,USFWS,FWSCARTLD22UMR,"2-VR2TX-488704-A69-1601-62254-2023-07-06T13",2023-07-06 13:18:00.000,2023-08-02 21:44:00.000,UTC,STATION:2,39.63353,-91.24713,,,,Transceiver,VR2TX,NOT USED,A69-1601-62254,,,,,STATION,"2",POINT (-91.24713 39.63353),""
"2025-03-12",TRANSMITTER,USFWS,FWSCARTLD22UMR,"2-VR2TX-488704-A69-1601-62254-2023-08-02T21",2023-08-02 21:51:00.000,2023-11-29 16:13:00.000,UTC,STATION:2,39.63353,-91.24713,,,,Transceiver,VR2TX,NOT USED,A69-1601-62254,,,,,STATION,"2",POINT (-91.24713 39.63353),""
"2025-03-12",TRANSMITTER,USFWS,FWSCARTLD22UMR,"2-VR2TX-488704-A69-1601-62254-2023-11-29T16",2023-11-29 16:18:00.000,2024-02-08 15:27:00.000,UTC,STATION:2,39.63353,-91.24713,,,,Transceiver,VR2TX,NOT USED,A69-1601-62254,,,,,STATION,"2",POINT (-91.24713 39.63353),""
"2025-03-12",TRANSMITTER,USFWS,FWSCARTLD22UMR,"2-VR2TX-488704-A69-1601-62254-2024-02-08T15",2024-02-08 15:32:00.000,2024-02-22 14:36:00.000,UTC,STATION:2,39.63353,-91.24713,,,,Transceiver,VR2TX,NOT USED,A69-1601-62254,,,,,STATION,"2",POINT (-91.24713 39.63353),""
"2025-03-12",TRANSMITTER,USFWS,FWSCARTLD22UMR,"2-VR2TX-488704-A69-1601-62254-2024-02-22T14",2024-02-22 14:40:00.000,2024-07-15 19:42:00.000,UTC,STATION:2,39.63353,-91.24713,,,,Transceiver,VR2TX,NOT USED,A69-1601-62254,,,,,STATION,"2",POINT (-91.24713 39.63353),""
"2025-03-12",TRANSMITTER,USFWS,FWSCARTLD22UMR,"2-VR2TX-488704-A69-1601-62254-2024-07-15T19",2024-07-15 19:47:00.000,2024-10-28 20:38:00.000,UTC,STATION:2,39.63353,-91.24713,,,,Transceiver,VR2TX,NOT USED,A69-1601-62254,,,,,STATION,"2",POINT (-91.24713 39.63353),""
"2025-03-12",TRANSMITTER,USFWS,FWSCARTLD22UMR,"20-VR2TX-488692-A69-1601-62242-2022-01-01T16",2022-01-01 16:00:00.000,2023-07-05 19:35:09.000,UTC,STATION:20,39.62501,-91.24012,,,,Transceiver,VR2TX,NOT USED,A69-1601-62242,,,,,STATION,"20",POINT (-91.24012 39.62501),""
"2025-03-12",TRANSMITTER,USFWS,FWSCARTLD22UMR,"20-VR2TX-488692-A69-1601-62242-2023-07-05T19",2023-07-05 19:40:00.000,2023-08-02 19:11:50.000,UTC,STATION:20,39.62501,-91.24012,,,,Transceiver,VR2TX,NOT USED,A69-1601-62242,,,,,STATION,"20",POINT (-91.24012 39.62501),""
"2026-01-12",TRANSMITTER,USFWS,FWSCARTLD22UMR,"18-VR2TX-487146-A69-1601-62037-2024-12-10T20",2024-12-10 20:45:00.000,2025-05-20 08:25:00.000,UTC,STATION:18,39.65965,-91.27712,,,,Transceiver,VR2TX,NOT USED,A69-1601-62037,,,,,STATION,"18",POINT (-91.27712 39.65965),""
"2026-01-12",TRANSMITTER,USFWS,FWSCARTLD22UMR,"19-VR2TX-490945-A69-1601-62739-2024-02-07T17",2024-02-07 17:15:00.000,2024-10-31 18:02:00.000,UTC,STATION:19,39.63812,-91.24526,,,,Transceiver,VR2TX,NOT USED,A69-1601-62739,,,,,STATION,"19",POINT (-91.24526 39.63812),
"2026-01-12",TRANSMITTER,USFWS,FWSCARTLD22UMR,"19-VR2TX-490945-A69-1601-62739-2024-10-31T18",2024-10-31 18:07:00.000,2025-03-25 12:50:00.000,UTC,STATION:19,39.63812,-91.24526,,,,Transceiver,VR2TX,NOT USED,A69-1601-62739,,,,,STATION,"19",POINT (-91.24526 39.63812),"Currents unsafe for retrieval|Currents unsafe for retrieval,  Removed out of precaution before construction begins"
"2026-01-12",TRANSMITTER,USFWS,FWSCARTLD22UMR,"2-VR2TX-488704-A69-1601-62254-2024-10-28T20",2024-10-28 20:43:00.000,2025-04-30 17:46:00.000,UTC,STATION:2,39.6336,-91.25121,,,,Transceiver,VR2TX,NOT USED,A69-1601-62254,,,,,STATION,"2",POINT (-91.25121 39.6336),|More precise gps point taken via waypoint avg.
"2025-03-12",TRANSMITTER,USFWS,FWSCARTLD22UMR,"20-VR2TX-488692-A69-1601-62242-2023-08-02T19",2023-08-02 19:16:00.000,2023-11-28 20:36:00.000,UTC,STATION:20,39.62501,-91.24012,,,,Transceiver,VR2TX,NOT USED,A69-1601-62242,,,,,STATION,"20",POINT (-91.24012 39.62501),""
"2025-03-12",TRANSMITTER,USFWS,FWSCARTLD22UMR,"20-VR2TX-488692-A69-1601-62242-2023-11-28T20",2023-11-28 20:41:00.000,2024-02-07 20:55:00.000,UTC,STATION:20,39.62501,-91.24012,,,,Transceiver,VR2TX,NOT USED,A69-1601-62242,,,,,STATION,"20",POINT (-91.24012 39.62501),Dead broken slanted tree end of rocks
"2025-03-12",TRANSMITTER,USFWS,FWSCARTLD22UMR,"20-VR2TX-488692-A69-1601-62242-2024-02-07T21",2024-02-07 21:00:00.000,2024-02-21 22:01:00.000,UTC,STATION:20,39.62501,-91.24012,,,,Transceiver,VR2TX,NOT USED,A69-1601-62242,,,,,STATION,"20",POINT (-91.24012 39.62501),""
"2025-03-12",TRANSMITTER,USFWS,FWSCARTLD22UMR,"20-VR2TX-488692-A69-1601-62242-2024-02-21T22",2024-02-21 22:06:00.000,2024-08-13 13:39:00.000,UTC,STATION:20,39.62501,-91.24012,,,,Transceiver,VR2TX,NOT USED,A69-1601-62242,,,,,STATION,"20",POINT (-91.24012 39.62501),barely accessibledue to river lock
"2025-03-12",TRANSMITTER,USFWS,FWSCARTLD22UMR,"20-VR2TX-488692-A69-1601-62242-2024-08-13T13",2024-08-13 13:44:00.000,2024-12-09 20:25:00.000,UTC,STATION:20,39.62501,-91.24012,,,,Transceiver,VR2TX,NOT USED,A69-1601-62242,,,,,STATION,"20",POINT (-91.24012 39.62501),replaced battery & cable
"2025-03-12",TRANSMITTER,USFWS,FWSCARTLD22UMR,"21-VR2TX-485466-A69-1601-62858-2022-01-01T16",2022-01-01 16:00:00.000,2023-07-05 18:18:30.000,UTC,STATION:21,39.63314,-91.23919,,,,Transceiver,VR2TX,NOT USED,A69-1601-62858,,,,,STATION,"21",POINT (-91.23919 39.63314),""
"2025-03-12",TRANSMITTER,USFWS,FWSCARTLD22UMR,"21-VR2TX-485466-A69-1601-62858-2023-07-05T18",2023-07-05 18:23:00.000,2023-08-02 19:11:50.000,UTC,STATION:21,39.63314,-91.23919,,,,Transceiver,VR2TX,NOT USED,A69-1601-62858,,,,,STATION,"21",POINT (-91.23919 39.63314),""
"2025-03-12",TRANSMITTER,USFWS,FWSCARTLD22UMR,"21-VR2TX-485466-A69-1601-62858-2023-08-02T19",2023-08-02 19:16:00.000,2023-11-28 20:10:00.000,UTC,STATION:21,39.63314,-91.23919,,,,Transceiver,VR2TX,NOT USED,A69-1601-62858,,,,,STATION,"21",POINT (-91.23919 39.63314),""
"2025-03-12",TRANSMITTER,USFWS,FWSCARTLD22UMR,"21-VR2TX-485466-A69-1601-62858-2023-11-28T20",2023-11-28 20:15:00.000,2024-02-07 21:55:00.000,UTC,STATION:21,39.63314,-91.23919,,,,Transceiver,VR2TX,NOT USED,A69-1601-62858,,,,,STATION,"21",POINT (-91.23919 39.63314),""
"2025-03-12",TRANSMITTER,USFWS,FWSCARTLD22UMR,"21-VR2TX-485466-A69-1601-62858-2024-02-07T22",2024-02-07 22:00:00.000,2024-02-21 22:35:00.000,UTC,STATION:21,39.63314,-91.23919,,,,Transceiver,VR2TX,NOT USED,A69-1601-62858,,,,,STATION,"21",POINT (-91.23919 39.63314),""
"2025-03-12",TRANSMITTER,USFWS,FWSCARTLD22UMR,"21-VR2TX-485466-A69-1601-62858-2024-02-21T22",2024-02-21 22:40:00.000,2024-08-13 14:48:00.000,UTC,STATION:21,39.63314,-91.23919,,,,Transceiver,VR2TX,NOT USED,A69-1601-62858,,,,,STATION,"21",POINT (-91.23919 39.63314),rock point mid island
"2025-03-12",TRANSMITTER,USFWS,FWSCARTLD22UMR,"21-VR2TX-485466-A69-1601-62858-2024-08-13T14",2024-08-13 14:53:00.000,2024-12-09 18:35:00.000,UTC,STATION:21,39.63314,-91.23919,,,,Transceiver,VR2TX,NOT USED,A69-1601-62858,,,,,STATION,"21",POINT (-91.23919 39.63314),replaced battery & cable
"2025-03-12",TRANSMITTER,USFWS,FWSCARTLD22UMR,"22-VR2TX-487139-A69-1601-62009-2022-01-01T16",2022-01-01 16:00:00.000,2023-07-05 19:01:53.000,UTC,STATION:22,39.62637,-91.22594,,,,Transceiver,VR2TX,NOT USED,A69-1601-62009,,,,,STATION,"22",POINT (-91.22594 39.62637),""
"2025-03-12",TRANSMITTER,USFWS,FWSCARTLD22UMR,"22-VR2TX-487139-A69-1601-62009-2023-07-05T19",2023-07-05 19:06:00.000,2023-08-02 18:29:00.000,UTC,STATION:22,39.62637,-91.22594,,,,Transceiver,VR2TX,NOT USED,A69-1601-62009,,,,,STATION,"22",POINT (-91.22594 39.62637),site visited on 11/28 but no data was on receiver due to shallow water
"2025-03-12",TRANSMITTER,USFWS,FWSCARTLD22UMR,"22-VR2TX-487139-A69-1601-62009-2023-08-02T18",2023-08-02 18:34:00.000,2024-02-07 17:59:00.000,UTC,STATION:22,39.62637,-91.22594,,,,Transceiver,VR2TX,NOT USED,A69-1601-62009,,,,,STATION,"22",POINT (-91.22594 39.62637),""
"2025-03-12",TRANSMITTER,USFWS,FWSCARTLD22UMR,"22-VR2TX-487139-A69-1601-62009-2024-02-07T18",2024-02-07 18:04:00.000,2024-02-21 22:59:00.000,UTC,STATION:22,39.62637,-91.22594,,,,Transceiver,VR2TX,NOT USED,A69-1601-62009,,,,,STATION,"22",POINT (-91.22594 39.62637),Bunch of maples by grass cliff
"2025-03-12",TRANSMITTER,USFWS,FWSCARTLD22UMR,"22-VR2TX-487139-A69-1601-62009-2024-02-21T23",2024-02-21 23:04:00.000,2024-08-13 14:16:00.000,UTC,STATION:22,39.62637,-91.22594,,,,Transceiver,VR2TX,NOT USED,A69-1601-62009,,,,,STATION,"22",POINT (-91.22594 39.62637),""
"2025-03-12",TRANSMITTER,USFWS,FWSCARTLD22UMR,"22-VR2TX-487139-A69-1601-62009-2024-08-13T14",2024-08-13 14:21:00.000,2024-12-09 21:55:00.000,UTC,STATION:22,39.62637,-91.22594,,,,Transceiver,VR2TX,NOT USED,A69-1601-62009,,,,,STATION,"22",POINT (-91.22594 39.62637),replaced  cable and battery
"2025-03-12",TRANSMITTER,USFWS,FWSCARTLD22UMR,"23-VR2TX-488698-A69-1601-62248-2022-01-01T16",2022-01-01 16:00:00.000,2023-07-05 19:49:16.000,UTC,STATION:23,39.62184,-91.22602,,,,Transceiver,VR2TX,NOT USED,A69-1601-62248,,,,,STATION,"23",POINT (-91.22602 39.62184),""
"2025-03-12",TRANSMITTER,USFWS,FWSCARTLD22UMR,"23-VR2TX-488698-A69-1601-62248-2023-07-05T19",2023-07-05 19:54:00.000,2023-08-02 19:31:46.000,UTC,STATION:23,39.62184,-91.22602,,,,Transceiver,VR2TX,NOT USED,A69-1601-62248,,,,,STATION,"23",POINT (-91.22602 39.62184),""
"2025-03-12",TRANSMITTER,USFWS,FWSCARTLD22UMR,"23-VR2TX-488698-A69-1601-62248-2023-08-02T19",2023-08-02 19:36:00.000,2023-11-28 21:09:00.000,UTC,STATION:23,39.62184,-91.22602,,,,Transceiver,VR2TX,NOT USED,A69-1601-62248,,,,,STATION,"23",POINT (-91.22602 39.62184),""
"2025-03-12",TRANSMITTER,USFWS,FWSCARTLD22UMR,"23-VR2TX-488698-A69-1601-62248-2023-11-28T21",2023-11-28 21:14:00.000,2024-02-07 21:14:00.000,UTC,STATION:23,39.62184,-91.22602,,,,Transceiver,VR2TX,NOT USED,A69-1601-62248,,,,,STATION,"23",POINT (-91.22602 39.62184),""
"2025-03-12",TRANSMITTER,USFWS,FWSCARTLD22UMR,"23-VR2TX-488698-A69-1601-62248-2024-02-07T21",2024-02-07 21:19:00.000,2024-02-21 22:25:00.000,UTC,STATION:23,39.62184,-91.22602,,,,Transceiver,VR2TX,NOT USED,A69-1601-62248,,,,,STATION,"23",POINT (-91.22602 39.62184),second maple by tip of island
"2025-03-12",TRANSMITTER,USFWS,FWSCARTLD22UMR,"23-VR2TX-488698-A69-1601-62248-2024-02-21T22",2024-02-21 22:30:00.000,,UTC,STATION:23,39.62184,-91.22602,,,,Transceiver,VR2TX,NOT USED,A69-1601-62248,,,,,STATION,"23",POINT (-91.22602 39.62184),"replaced 12/10, old receiver stuck hope to get the data if the tree gets dislodged"
"2025-03-12",TRANSMITTER,USFWS,FWSCARTLD22UMR,"23-VR2TX-490948-A69-1601-62742-2024-12-10T00",2024-12-10 00:00:00.000,,UTC,STATION:23,39.62183,-91.22591,,,,Transceiver,VR2TX,NOT USED,A69-1601-62742,,,,,STATION,"23",POINT (-91.22591 39.62183),"deploy time missing, will add after next download"
"2025-03-12",TRANSMITTER,USFWS,FWSCARTLD22UMR,"24-VR2TX-487148-A69-1601-62039-2022-01-01T16",2022-01-01 16:00:00.000,2023-07-06 20:55:54.000,UTC,STATION:24,39.64279,-91.24232,,,,Transceiver,VR2TX,NOT USED,A69-1601-62039,,,,,STATION,"24",POINT (-91.24232 39.64279),""
"2026-01-12",TRANSMITTER,USFWS,FWSCARTLD22UMR,"22-VR2TX-487139-A69-1601-62009-2024-12-09T22",2024-12-09 22:00:00.000,2025-04-28 13:25:00.000,UTC,STATION:22,39.62644,-91.22608,,,,Transceiver,VR2TX,NOT USED,A69-1601-62009,,,,,STATION,"22",POINT (-91.22608 39.62644),|More precise GPS points via waypoint avg
"2025-03-12",TRANSMITTER,USFWS,FWSCARTLD22UMR,"24-VR2TX-487148-A69-1601-62039-2023-07-06T21",2023-07-06 21:00:00.000,2023-08-03 13:28:35.000,UTC,STATION:24,39.64279,-91.24232,,,,Transceiver,VR2TX,NOT USED,A69-1601-62039,,,,,STATION,"24",POINT (-91.24232 39.64279),""
"2025-03-12",TRANSMITTER,USFWS,FWSCARTLD22UMR,"24-VR2TX-487148-A69-1601-62039-2023-08-03T13",2023-08-03 13:28:35.000,2023-11-29 19:46:00.000,UTC,STATION:24,39.64279,-91.24232,,,,Transceiver,VR2TX,NOT USED,A69-1601-62039,,,,,STATION,"24",POINT (-91.24232 39.64279),""
"2025-03-12",TRANSMITTER,USFWS,FWSCARTLD22UMR,"24-VR2TX-487148-A69-1601-62039-2023-11-29T19",2023-11-29 19:52:00.000,2024-02-07 20:19:00.000,UTC,STATION:24,39.64279,-91.24232,,,,Transceiver,VR2TX,NOT USED,A69-1601-62039,,,,,STATION,"24",POINT (-91.24232 39.64279),""
"2025-03-12",TRANSMITTER,USFWS,FWSCARTLD22UMR,"24-VR2TX-487148-A69-1601-62039-2024-02-07T20",2024-02-07 20:24:00.000,2024-02-21 20:28:00.000,UTC,STATION:24,39.64279,-91.24232,,,,Transceiver,VR2TX,NOT USED,A69-1601-62039,,,,,STATION,"24",POINT (-91.24232 39.64279),maple 100 yards upstream from dam
"2025-03-12",TRANSMITTER,USFWS,FWSCARTLD22UMR,"24-VR2TX-487148-A69-1601-62039-2024-02-21T20",2024-02-21 20:33:00.000,2024-08-12 19:39:00.000,UTC,STATION:24,39.64279,-91.24232,,,,Transceiver,VR2TX,NOT USED,A69-1601-62039,,,,,STATION,"24",POINT (-91.24232 39.64279),""
"2025-03-12",TRANSMITTER,USFWS,FWSCARTLD22UMR,"24-VR2TX-487148-A69-1601-62039-2024-08-12T19",2024-08-12 19:44:00.000,2024-12-10 19:45:00.000,UTC,STATION:24,39.64279,-91.24232,,,,Transceiver,VR2TX,NOT USED,A69-1601-62039,,,,,STATION,"24",POINT (-91.24232 39.64279),""
"2025-03-12",TRANSMITTER,USFWS,FWSCARTLD22UMR,"3-VR2TX-488701-A69-1601-62251-2022-01-01T16",2022-01-01 16:00:00.000,2023-07-06 13:45:23.000,UTC,STATION:3,39.63666,-91.24976,,,,Transceiver,VR2TX,NOT USED,A69-1601-62251,,,,,STATION,"3",POINT (-91.24976 39.63666),""
"2025-03-12",TRANSMITTER,USFWS,FWSCARTLD22UMR,"3-VR2TX-488701-A69-1601-62251-2023-07-06T13",2023-07-06 13:50:00.000,2023-08-02 22:33:00.000,UTC,STATION:3,39.63666,-91.24976,,,,Transceiver,VR2TX,NOT USED,A69-1601-62251,,,,,STATION,"3",POINT (-91.24976 39.63666),""
"2025-03-12",TRANSMITTER,USFWS,FWSCARTLD22UMR,"3-VR2TX-488701-A69-1601-62251-2023-08-02T22",2023-08-02 22:38:00.000,2023-11-29 14:53:00.000,UTC,STATION:3,39.63666,-91.24976,,,,Transceiver,VR2TX,NOT USED,A69-1601-62251,,,,,STATION,"3",POINT (-91.24976 39.63666),""
"2025-03-12",TRANSMITTER,USFWS,FWSCARTLD22UMR,"3-VR2TX-488701-A69-1601-62251-2023-11-29T14",2023-11-29 14:58:00.000,2024-02-08 15:46:00.000,UTC,STATION:3,39.63666,-91.24976,,,,Transceiver,VR2TX,NOT USED,A69-1601-62251,,,,,STATION,"3",POINT (-91.24976 39.63666),""
"2025-03-12",TRANSMITTER,USFWS,FWSCARTLD22UMR,"3-VR2TX-488701-A69-1601-62251-2024-02-08T15",2024-02-08 15:51:00.000,2024-02-22 14:08:00.000,UTC,STATION:3,39.63666,-91.24976,,,,Transceiver,VR2TX,NOT USED,A69-1601-62251,,,,,STATION,"3",POINT (-91.24976 39.63666),""
"2025-03-12",TRANSMITTER,USFWS,FWSCARTLD22UMR,"3-VR2TX-488701-A69-1601-62251-2024-02-22T14",2024-02-22 14:13:00.000,2024-07-15 20:02:00.000,UTC,STATION:3,39.63666,-91.24976,,,,Transceiver,VR2TX,NOT USED,A69-1601-62251,,,,,STATION,"3",POINT (-91.24976 39.63666),""
"2025-03-12",TRANSMITTER,USFWS,FWSCARTLD22UMR,"3-VR2TX-488701-A69-1601-62251-2024-07-15T20",2024-07-15 20:07:00.000,2024-10-28 16:53:00.000,UTC,STATION:3,39.63666,-91.24976,,,,Transceiver,VR2TX,NOT USED,A69-1601-62251,,,,,STATION,"3",POINT (-91.24976 39.63666),""
"2025-03-12",TRANSMITTER,USFWS,FWSCARTLD22UMR,"4-VR2TX-488700-A69-1601-62250-2022-01-01T16",2022-01-01 16:00:00.000,2023-07-06 13:42:00.000,UTC,STATION:4,39.63638,-91.24948,,,,Transceiver,VR2TX,NOT USED,A69-1601-62250,,,,,STATION,"4",POINT (-91.24948 39.63638),""
"2025-03-12",TRANSMITTER,USFWS,FWSCARTLD22UMR,"4-VR2TX-488700-A69-1601-62250-2023-07-06T13",2023-07-06 13:47:00.000,2023-08-02 22:24:00.000,UTC,STATION:4,39.63638,-91.24948,,,,Transceiver,VR2TX,NOT USED,A69-1601-62250,,,,,STATION,"4",POINT (-91.24948 39.63638),""
"2025-03-12",TRANSMITTER,USFWS,FWSCARTLD22UMR,"4-VR2TX-488700-A69-1601-62250-2023-08-02T22",2023-08-02 22:29:00.000,2023-11-29 14:47:00.000,UTC,STATION:4,39.63638,-91.24948,,,,Transceiver,VR2TX,NOT USED,A69-1601-62250,,,,,STATION,"4",POINT (-91.24948 39.63638),""
"2025-03-12",TRANSMITTER,USFWS,FWSCARTLD22UMR,"4-VR2TX-488700-A69-1601-62250-2023-11-29T14",2023-11-29 14:52:00.000,2024-02-08 15:42:00.000,UTC,STATION:4,39.63638,-91.24948,,,,Transceiver,VR2TX,NOT USED,A69-1601-62250,,,,,STATION,"4",POINT (-91.24948 39.63638),""
"2025-03-12",TRANSMITTER,USFWS,FWSCARTLD22UMR,"4-VR2TX-488700-A69-1601-62250-2024-02-08T15",2024-02-08 15:47:00.000,2024-02-22 14:12:00.000,UTC,STATION:4,39.63638,-91.24948,,,,Transceiver,VR2TX,NOT USED,A69-1601-62250,,,,,STATION,"4",POINT (-91.24948 39.63638),lock at downstream level
"2025-03-12",TRANSMITTER,USFWS,FWSCARTLD22UMR,"4-VR2TX-488700-A69-1601-62250-2024-02-22T14",2024-02-22 14:17:00.000,2024-07-15 19:55:00.000,UTC,STATION:4,39.63638,-91.24948,,,,Transceiver,VR2TX,NOT USED,A69-1601-62250,,,,,STATION,"4",POINT (-91.24948 39.63638),""
"2025-03-12",TRANSMITTER,USFWS,FWSCARTLD22UMR,"4-VR2TX-488700-A69-1601-62250-2024-07-15T20",2024-07-15 20:00:00.000,2024-10-28 17:12:00.000,UTC,STATION:4,39.63638,-91.24948,,,,Transceiver,VR2TX,NOT USED,A69-1601-62250,,,,,STATION,"4",POINT (-91.24948 39.63638),""
"2025-03-12",TRANSMITTER,USFWS,FWSCARTLD22UMR,"5-VR2TX-488695-A69-1601-62245-2022-01-01T16",2022-01-01 16:00:00.000,2023-07-06 13:35:53.000,UTC,STATION:5,39.63578,-91.24888,,,,Transceiver,VR2TX,NOT USED,A69-1601-62245,,,,,STATION,"5",POINT (-91.24888 39.63578),""
"2025-03-12",TRANSMITTER,USFWS,FWSCARTLD22UMR,"5-VR2TX-488695-A69-1601-62245-2023-07-06T13",2023-07-06 13:40:00.000,2023-08-02 22:19:00.000,UTC,STATION:5,39.63578,-91.24888,,,,Transceiver,VR2TX,NOT USED,A69-1601-62245,,,,,STATION,"5",POINT (-91.24888 39.63578),""
"2025-03-12",TRANSMITTER,USFWS,FWSCARTLD22UMR,"5-VR2TX-488695-A69-1601-62245-2023-08-02T22",2023-08-02 22:24:00.000,2023-11-29 15:03:00.000,UTC,STATION:5,39.63578,-91.24888,,,,Transceiver,VR2TX,NOT USED,A69-1601-62245,,,,,STATION,"5",POINT (-91.24888 39.63578),""
"2025-03-12",TRANSMITTER,USFWS,FWSCARTLD22UMR,"5-VR2TX-488695-A69-1601-62245-2023-11-29T15",2023-11-29 15:08:00.000,2024-02-08 15:42:00.000,UTC,STATION:5,39.63578,-91.24888,,,,Transceiver,VR2TX,NOT USED,A69-1601-62245,,,,,STATION,"5",POINT (-91.24888 39.63578),""
"2026-01-12",TRANSMITTER,USFWS,FWSCARTLD22UMR,"25-VR2TX-488699-A69-1601-62249-2024-12-10T14",2024-12-10 14:49:00.000,2025-05-20 10:00:00.000,UTC,STATION:25,39.61317,-91.2056,,,,Transceiver,VR2TX,NOT USED,A69-1601-62249,,,,,STATION,"25",POINT (-91.2056 39.61317),|More precise GPS points via waypoint avg
"2026-01-12",TRANSMITTER,USFWS,FWSCARTLD22UMR,"28-VR2TX-490946-A69-1601-62740-2024-12-10T16",2024-12-10 16:00:00.000,2025-08-20 11:00:00.000,UTC,STATION:28,39.56652,-91.1724,,,,Transceiver,VR2TX,NOT USED,A69-1601-62740,,,,,STATION,"28",POINT (-91.1724 39.56652),|More precise GPS points via waypoint avg
"2026-01-12",TRANSMITTER,USFWS,FWSCARTLD22UMR,"3-VR2TX-488701-A69-1601-62251-2024-10-28T16",2024-10-28 16:53:00.000,2025-04-30 17:34:00.000,UTC,STATION:3,39.63667,-91.24978,,,,Transceiver,VR2TX,NOT USED,A69-1601-62251,,,,,STATION,"3",POINT (-91.24978 39.63667),|More precise gps point taken via waypoint avg.
"2026-01-12",TRANSMITTER,USFWS,FWSCARTLD22UMR,"4-VR2TX-488700-A69-1601-62250-2024-10-28T17",2024-10-28 17:16:00.000,2025-04-30 17:30:00.000,UTC,STATION:4,39.63639,-91.2495,,,,Transceiver,VR2TX,NOT USED,A69-1601-62250,,,,,STATION,"4",POINT (-91.2495 39.63639),|More precise gps point taken via waypoint avg.
"2025-03-12",TRANSMITTER,USFWS,FWSCARTLD22UMR,"5-VR2TX-488695-A69-1601-62245-2024-02-08T15",2024-02-08 15:47:00.000,2024-02-22 14:17:00.000,UTC,STATION:5,39.63578,-91.24888,,,,Transceiver,VR2TX,NOT USED,A69-1601-62245,,,,,STATION,"5",POINT (-91.24888 39.63578),lock at downstream level
"2025-03-12",TRANSMITTER,USFWS,FWSCARTLD22UMR,"5-VR2TX-488695-A69-1601-62245-2024-02-22T14",2024-02-22 14:22:00.000,2024-07-15 18:49:00.000,UTC,STATION:5,39.63578,-91.24888,,,,Transceiver,VR2TX,NOT USED,A69-1601-62245,,,,,STATION,"5",POINT (-91.24888 39.63578),""
"2025-03-12",TRANSMITTER,USFWS,FWSCARTLD22UMR,"5-VR2TX-488695-A69-1601-62245-2024-07-15T18",2024-07-15 18:54:00.000,2024-10-28 18:38:00.000,UTC,STATION:5,39.63578,-91.24888,,,,Transceiver,VR2TX,NOT USED,A69-1601-62245,,,,,STATION,"5",POINT (-91.24888 39.63578),""
"2025-03-12",TRANSMITTER,USFWS,FWSCARTLD22UMR,"6-NEXTRAK-800082-A69-1601-12178-2024-07-15T20",2024-07-15 20:22:00.000,2024-10-28 19:24:00.000,UTC,STATION:6,39.63515,-91.24826,,,,Receiver,NEXTRAK,NOT USED,A69-1601-12178,,,,,STATION,"6",POINT (-91.24826 39.63515),""
"2025-03-12",TRANSMITTER,USFWS,FWSCARTLD22UMR,"6-VR2TX-488696-A69-1601-62246-2022-01-01T16",2022-01-01 16:00:00.000,2023-07-06 13:27:00.000,UTC,STATION:6,39.63515,-91.24826,,,,Transceiver,VR2TX,NOT USED,A69-1601-62246,,,,,STATION,"6",POINT (-91.24826 39.63515),""
"2025-03-12",TRANSMITTER,USFWS,FWSCARTLD22UMR,"6-VR2TX-488696-A69-1601-62246-2023-07-06T13",2023-07-06 13:32:00.000,2023-08-02 22:12:00.000,UTC,STATION:6,39.63515,-91.24826,,,,Transceiver,VR2TX,NOT USED,A69-1601-62246,,,,,STATION,"6",POINT (-91.24826 39.63515),""
"2025-03-12",TRANSMITTER,USFWS,FWSCARTLD22UMR,"6-VR2TX-488696-A69-1601-62246-2023-08-02T22",2023-08-02 22:17:00.000,2023-11-29 15:08:00.000,UTC,STATION:6,39.63515,-91.24826,,,,Transceiver,VR2TX,NOT USED,A69-1601-62246,,,,,STATION,"6",POINT (-91.24826 39.63515),""
"2025-03-12",TRANSMITTER,USFWS,FWSCARTLD22UMR,"6-VR2TX-488696-A69-1601-62246-2023-11-29T15",2023-11-29 15:13:00.000,2024-02-08 15:33:00.000,UTC,STATION:6,39.63515,-91.24826,,,,Transceiver,VR2TX,NOT USED,A69-1601-62246,,,,,STATION,"6",POINT (-91.24826 39.63515),""
"2025-03-12",TRANSMITTER,USFWS,FWSCARTLD22UMR,"6-VR2TX-488696-A69-1601-62246-2024-02-08T15",2024-02-08 15:38:00.000,2024-02-22 14:24:00.000,UTC,STATION:6,39.63515,-91.24826,,,,Transceiver,VR2TX,NOT USED,A69-1601-62246,,,,,STATION,"6",POINT (-91.24826 39.63515),lock at downstream level
"2025-03-12",TRANSMITTER,USFWS,FWSCARTLD22UMR,"6-VR2TX-488696-A69-1601-62246-2024-02-22T14",2024-02-22 14:29:00.000,2024-07-15 20:17:00.000,UTC,STATION:6,39.63515,-91.24826,,,,Transceiver,VR2TX,NOT USED,A69-1601-62246,,,,,STATION,"6",POINT (-91.24826 39.63515),""
"2025-03-12",TRANSMITTER,USFWS,FWSCARTLD22UMR,"7-VR2TX-488689-A69-1601-62239-2022-01-01T16",2022-01-01 16:00:00.000,2023-07-06 13:19:00.000,UTC,STATION:7,39.63492,-91.24804,,,,Transceiver,VR2TX,NOT USED,A69-1601-62239,,,,,STATION,"7",POINT (-91.24804 39.63492),""
"2025-03-12",TRANSMITTER,USFWS,FWSCARTLD22UMR,"7-VR2TX-488689-A69-1601-62239-2023-07-06T13",2023-07-06 13:24:00.000,2023-08-02 21:57:00.000,UTC,STATION:7,39.63492,-91.24804,,,,Transceiver,VR2TX,NOT USED,A69-1601-62239,,,,,STATION,"7",POINT (-91.24804 39.63492),""
"2025-03-12",TRANSMITTER,USFWS,FWSCARTLD22UMR,"7-VR2TX-488689-A69-1601-62239-2023-08-02T22",2023-08-02 22:02:00.000,2023-11-29 15:15:00.000,UTC,STATION:7,39.63492,-91.24804,,,,Transceiver,VR2TX,NOT USED,A69-1601-62239,,,,,STATION,"7",POINT (-91.24804 39.63492),""
"2025-03-12",TRANSMITTER,USFWS,FWSCARTLD22UMR,"7-VR2TX-488689-A69-1601-62239-2023-11-29T15",2023-11-29 15:20:00.000,2024-02-08 15:21:00.000,UTC,STATION:7,39.63492,-91.24804,,,,Transceiver,VR2TX,NOT USED,A69-1601-62239,,,,,STATION,"7",POINT (-91.24804 39.63492),""
"2025-03-12",TRANSMITTER,USFWS,FWSCARTLD22UMR,"7-VR2TX-488689-A69-1601-62239-2024-02-08T15",2024-02-08 15:26:00.000,2024-02-22 14:28:00.000,UTC,STATION:7,39.63492,-91.24804,,,,Transceiver,VR2TX,NOT USED,A69-1601-62239,,,,,STATION,"7",POINT (-91.24804 39.63492),""
"2025-03-12",TRANSMITTER,USFWS,FWSCARTLD22UMR,"7-VR2TX-488689-A69-1601-62239-2024-02-22T14",2024-02-22 14:35:00.000,2024-07-23 13:42:00.000,UTC,STATION:7,39.63492,-91.24804,,,,Transceiver,VR2TX,NOT USED,A69-1601-62239,,,,,STATION,"7",POINT (-91.24804 39.63492),""
"2025-03-12",TRANSMITTER,USFWS,FWSCARTLD22UMR,"7-VR2TX-488689-A69-1601-62239-2024-07-23T13",2024-07-23 13:47:00.000,2024-10-28 18:01:00.000,UTC,STATION:7,39.63492,-91.24804,,,,Transceiver,VR2TX,NOT USED,A69-1601-62239,,,,,STATION,"7",POINT (-91.24804 39.63492),""
"2025-03-12",TRANSMITTER,USFWS,FWSCARTLD22UMR,"8-VR2TX-488702-A69-1601-62252-2022-01-01T16",2022-01-01 16:00:00.000,2023-07-06 13:31:00.000,UTC,STATION:8,39.63521,-91.24819,,,,Transceiver,VR2TX,NOT USED,A69-1601-62252,,,,,STATION,"8",POINT (-91.24819 39.63521),""
"2025-03-12",TRANSMITTER,USFWS,FWSCARTLD22UMR,"8-VR2TX-488702-A69-1601-62252-2023-07-06T13",2023-07-06 13:36:00.000,2023-08-02 22:00:00.000,UTC,STATION:8,39.63521,-91.24819,,,,Transceiver,VR2TX,NOT USED,A69-1601-62252,,,,,STATION,"8",POINT (-91.24819 39.63521),""
"2025-03-12",TRANSMITTER,USFWS,FWSCARTLD22UMR,"8-VR2TX-488702-A69-1601-62252-2023-08-02T22",2023-08-02 22:05:00.000,2023-11-29 15:24:00.000,UTC,STATION:8,39.63521,-91.24819,,,,Transceiver,VR2TX,NOT USED,A69-1601-62252,,,,,STATION,"8",POINT (-91.24819 39.63521),""
"2025-03-12",TRANSMITTER,USFWS,FWSCARTLD22UMR,"8-VR2TX-488702-A69-1601-62252-2023-11-29T15",2023-11-29 15:30:00.000,2024-02-08 15:14:00.000,UTC,STATION:8,39.63521,-91.24819,,,,Transceiver,VR2TX,NOT USED,A69-1601-62252,,,,,STATION,"8",POINT (-91.24819 39.63521),Barge Parked in front of receiver
"2025-03-12",TRANSMITTER,USFWS,FWSCARTLD22UMR,"8-VR2TX-488702-A69-1601-62252-2024-02-08T15",2024-02-08 15:19:00.000,2024-02-22 14:20:00.000,UTC,STATION:8,39.63521,-91.24819,,,,Transceiver,VR2TX,NOT USED,A69-1601-62252,,,,,STATION,"8",POINT (-91.24819 39.63521),Barge parked by receiver
"2025-03-12",TRANSMITTER,USFWS,FWSCARTLD22UMR,"8-VR2TX-488702-A69-1601-62252-2024-02-22T14",2024-02-22 14:25:00.000,2024-07-15 18:59:00.000,UTC,STATION:8,39.63521,-91.24819,,,,Transceiver,VR2TX,NOT USED,A69-1601-62252,,,,,STATION,"8",POINT (-91.24819 39.63521),""
"2025-03-12",TRANSMITTER,USFWS,FWSCARTLD22UMR,"8-VR2TX-488702-A69-1601-62252-2024-07-15T19",2024-07-15 19:04:00.000,2024-10-31 17:40:00.000,UTC,STATION:8,39.63521,-91.24819,,,,Transceiver,VR2TX,NOT USED,A69-1601-62252,,,,,STATION,"8",POINT (-91.24819 39.63521),""
"2025-03-12",TRANSMITTER,USFWS,FWSCARTLD22UMR,"9-VR2TX-488703-A69-1601-62253-2022-01-01T16",2022-01-01 16:00:00.000,2023-07-06 13:49:00.000,UTC,STATION:9,39.63673,-91.24908,,,,Transceiver,VR2TX,NOT USED,A69-1601-62253,,,,,STATION,"9",POINT (-91.24908 39.63673),""
"2025-03-12",TRANSMITTER,USFWS,FWSCARTLD22UMR,"9-VR2TX-488703-A69-1601-62253-2023-07-06T13",2023-07-06 13:54:00.000,2023-08-03 17:10:00.000,UTC,STATION:9,39.63673,-91.24908,,,,Transceiver,VR2TX,NOT USED,A69-1601-62253,,,,,STATION,"9",POINT (-91.24908 39.63673),""
"2025-03-12",TRANSMITTER,USFWS,FWSCARTLD22UMR,"9-VR2TX-488703-A69-1601-62253-2023-08-03T17",2023-08-03 17:15:00.000,2023-11-29 14:35:00.000,UTC,STATION:9,39.63673,-91.24908,,,,Transceiver,VR2TX,NOT USED,A69-1601-62253,,,,,STATION,"9",POINT (-91.24908 39.63673),""
"2026-01-12",TRANSMITTER,USFWS,FWSCARTLD22UMR,"7-VR2TX-488689-A69-1601-62239-2024-10-28T18",2024-10-28 18:06:00.000,2025-04-30 17:06:00.000,UTC,STATION:7,39.63498,-91.24815,,,,Transceiver,VR2TX,NOT USED,A69-1601-62239,,,,,STATION,"7",POINT (-91.24815 39.63498),""
"2026-01-12",TRANSMITTER,USFWS,FWSCARTLD22UMR,"8-VR2TX-488702-A69-1601-62252-2024-10-31T17",2024-10-31 17:45:00.000,2025-03-25 12:15:00.000,UTC,STATION:8,39.63521,-91.24819,,,,Transceiver,VR2TX,NOT USED,A69-1601-62252,,,,,STATION,"8",POINT (-91.24819 39.63521),Swapped receivers
"2025-03-12",TRANSMITTER,USFWS,FWSCARTLD22UMR,"9-VR2TX-488703-A69-1601-62253-2023-11-29T14",2023-11-29 14:40:00.000,2024-02-08 15:07:00.000,UTC,STATION:9,39.63673,-91.24908,,,,Transceiver,VR2TX,NOT USED,A69-1601-62253,,,,,STATION,"9",POINT (-91.24908 39.63673),""
"2025-03-12",TRANSMITTER,USFWS,FWSCARTLD22UMR,"9-VR2TX-488703-A69-1601-62253-2024-02-08T15",2024-02-08 15:12:00.000,2024-02-22 14:05:00.000,UTC,STATION:9,39.63673,-91.24908,,,,Transceiver,VR2TX,NOT USED,A69-1601-62253,,,,,STATION,"9",POINT (-91.24908 39.63673),Barge parked by receiver
"2025-03-12",TRANSMITTER,USFWS,FWSCARTLD22UMR,"9-VR2TX-488703-A69-1601-62253-2024-02-22T14",2024-02-22 14:10:00.000,2024-07-15 18:38:00.000,UTC,STATION:9,39.63673,-91.24908,,,,Transceiver,VR2TX,NOT USED,A69-1601-62253,,,,,STATION,"9",POINT (-91.24908 39.63673),""
"2025-03-12",TRANSMITTER,USFWS,FWSCARTLD22UMR,"9-VR2TX-488703-A69-1601-62253-2024-07-15T18",2024-07-15 18:43:00.000,2024-10-28 20:35:00.000,UTC,STATION:9,39.63673,-91.24908,,,,Transceiver,VR2TX,NOT USED,A69-1601-62253,,,,,STATION,"9",POINT (-91.24908 39.63673),""
"2026-01-12",TRANSMITTER,USFWS,FWSCARTLD22UMR,"1-NEXTRAK-800080-A69-1601-12174-2024-10-28T20",2024-10-28 20:17:00.000,2025-04-30 18:00:00.000,UTC,STATION:1,39.63771,-91.25121,,,,Receiver,NEXTRAK,NOT USED,A69-1601-12174,,,,,STATION,"1",POINT (-91.25121 39.63771),|More precise gps point taken via waypoint avg.
"2026-01-12",TRANSMITTER,USFWS,FWSCARTLD22UMR,"10-VR2TX-488694-A69-1601-62244-2024-10-28T19",2024-10-28 19:02:00.000,2025-04-30 17:03:00.000,UTC,STATION:10,39.63506,-91.24798,,,,Transceiver,VR2TX,NOT USED,A69-1601-62244,,,,,STATION,"10",POINT (-91.24798 39.63506),|More precise gps point taken via waypoint avg.
"2026-01-12",TRANSMITTER,USFWS,FWSCARTLD22UMR,"12-VR2TX-488690-A69-1601-62240-2024-02-21T19",2024-02-21 19:25:00.000,2024-08-12 19:16:00.000,UTC,STATION:12,39.64364,-91.2582,,,,Transceiver,VR2TX,NOT USED,A69-1601-62240,,,,,STATION,"12",POINT (-91.2582 39.64364),replaced  with 490947due to poor dection rate of 488690
"2026-01-12",TRANSMITTER,USFWS,FWSCARTLD22UMR,"13-VR2TX-487137-A69-1601-62007-2024-12-11T14",2024-12-11 14:15:00.000,2025-05-20 09:05:00.000,UTC,STATION:13,39.65243,-91.25547,,,,Transceiver,VR2TX,NOT USED,A69-1601-62007,,,,,STATION,"13",POINT (-91.25547 39.65243),""
"2026-01-12",TRANSMITTER,USFWS,FWSCARTLD22UMR,"16-VR2TX-485473-A69-1601-62865-2024-08-12T20",2024-08-12 20:55:00.000,2025-03-26 17:50:00.000,UTC,STATION:16,39.6619,-91.2708,,,,Transceiver,VR2TX,NOT USED,A69-1601-62865,,,,,STATION,"16",POINT (-91.2708 39.6619),Removed receiver due to degrading bank and inability to find better spot
"2026-01-12",TRANSMITTER,USFWS,FWSCARTLD22UMR,"17-VR2TX-487147-A69-1601-62038-2024-12-10T20",2024-12-10 20:19:00.000,2025-05-20 08:42:00.000,UTC,STATION:17,39.64661,-91.26548,,,,Transceiver,VR2TX,NOT USED,A69-1601-62038,,,,,STATION,"17",POINT (-91.26548 39.64661),""
"2026-01-12",TRANSMITTER,USFWS,FWSCARTLD22UMR,"19-VR2TX-488697-A69-1601-62247-2023-07-05T17",2023-07-05 17:50:00.000,2023-08-02 17:48:00.000,UTC,STATION:19,39.63812,-91.24526,,,,Transceiver,VR2TX,NOT USED,A69-1601-62247,,,,,STATION,"19",POINT (-91.24526 39.63812),Lost Receiver replaced. Replaced with VR2Tx-490945
"2026-01-12",TRANSMITTER,USFWS,FWSCARTLD22UMR,"20-VR2TX-488692-A69-1601-62242-2024-12-09T20",2024-12-09 20:30:00.000,2025-09-15 11:38:00.000,UTC,STATION:20,39.62504,-91.24007,,,,Transceiver,VR2TX,NOT USED,A69-1601-62242,,,,,STATION,"20",POINT (-91.24007 39.62504),|More precise GPS points via waypoint avg
"2026-01-12",TRANSMITTER,USFWS,FWSCARTLD22UMR,"21-VR2TX-485466-A69-1601-62858-2024-12-09T18",2024-12-09 18:40:00.000,2025-09-15 11:28:00.000,UTC,STATION:21,39.63315,-91.23916,,,,Transceiver,VR2TX,NOT USED,A69-1601-62858,,,,,STATION,"21",POINT (-91.23916 39.63315),|More precise GPS points via waypoint avg
"2026-01-12",TRANSMITTER,USFWS,FWSCARTLD22UMR,"24-VR2TX-487148-A69-1601-62039-2024-12-10T19",2024-12-10 19:50:00.000,2025-03-26 18:00:00.000,UTC,STATION:24,39.64279,-91.24232,,,,Transceiver,VR2TX,NOT USED,A69-1601-62039,,,,,STATION,"24",POINT (-91.24232 39.64279),""
"2026-01-12",TRANSMITTER,USFWS,FWSCARTLD22UMR,"26-VR2TX-488696-A69-1601-62246-2024-10-31T00",2024-10-31 00:00:00.000,2025-04-28 12:44:00.000,UTC,STATION:26,39.63806,-91.24568,,,,Transceiver,VR2TX,NOT USED,A69-1601-62246,,,,,STATION,"26",POINT (-91.24568 39.63806),"missing deploy time will update when we download for the first time, receiver was out of water because it was placed during flood stage|missing deploy time will update when we download for the first time, receiver was out of water because it was placed during flood stage, More precise GPS points via waypoint avg"
"2026-01-12",TRANSMITTER,USFWS,FWSCARTLD22UMR,"5-VR2TX-488695-A69-1601-62245-2024-10-28T18",2024-10-28 18:43:00.000,2025-04-30 05:24:00.000,UTC,STATION:5,39.6358,-91.24892,,,,Transceiver,VR2TX,NOT USED,A69-1601-62245,,,,,STATION,"5",POINT (-91.24892 39.6358),|More precise gps point taken via waypoint avg.
"2026-01-12",TRANSMITTER,USFWS,FWSCARTLD22UMR,"6-NEXTRAK-800082-A69-1601-12178-2024-10-28T19",2024-10-28 19:29:00.000,2025-04-30 16:37:00.000,UTC,STATION:6,39.63534,-91.24826,,,,Receiver,NEXTRAK,NOT USED,A69-1601-12178,,,,,STATION,"6",POINT (-91.24826 39.63534),Download was going to take multiple hours. Not sure what exactly was succesfully offloaded
"2026-01-12",TRANSMITTER,USFWS,FWSCARTLD22UMR,"9-VR2TX-488703-A69-1601-62253-2024-10-28T20",2024-10-28 20:40:00.000,2025-04-30 16:25:00.000,UTC,STATION:9,39.63674,-91.24904,,,,Transceiver,VR2TX,NOT USED,A69-1601-62253,,,,,STATION,"9",POINT (-91.24904 39.63674),|More precise gps point taken via waypoint avg.
"2025-03-12",TRANSMITTER,USFWS,FWSLAX,"1505-VR2TX-480765-A69-1601-62765-2016-10-11T17",2016-10-11 17:00:00.000,2017-03-16 17:00:00.000,UTC,STATION:1505,41.51741,-90.56647,,,,Transceiver,VR2TX,NOT USED,A69-1601-62765,,,,,STATION,"1505",POINT (-90.56647 41.51741),""
"2025-03-12",TRANSMITTER,USFWS,FWSLAX,"15 MID WALL-VR2TX-480753-A69-1601-62753-2017-05-18T17",2017-05-18 17:00:00.000,2017-11-15 18:00:00.000,UTC,STATION:15 MID WALL,41.51932,-90.56285,,,,Transceiver,VR2TX,NOT USED,A69-1601-62753,,,,,STATION,"15 MID WALL",POINT (-90.56285 41.51932),"5/18/17-11/15/17 was named 483, change name to 15 Mid Wall to differentiate from other lock receivers, station name was changed from 483 to this name at this offload"
"2025-03-12",TRANSMITTER,USFWS,FWSLAX,"1501-VR2TX-480766-A69-1601-62766-2016-10-11T17",2016-10-11 17:00:00.000,2017-03-16 17:00:00.000,UTC,STATION:1501,41.51699,-90.56796,,,,Transceiver,VR2TX,NOT USED,A69-1601-62766,,,,,STATION,"1501",POINT (-90.56796 41.51699),""
"2025-03-12",TRANSMITTER,USFWS,FWSLAX,"1502-VR2TX-480767-A69-1601-62767-2016-10-11T17",2016-10-11 17:00:00.000,2017-03-16 17:00:00.000,UTC,STATION:1502,41.51747,-90.56706,,,,Transceiver,VR2TX,NOT USED,A69-1601-62767,,,,,STATION,"1502",POINT (-90.56706 41.51747),""
"2025-03-12",TRANSMITTER,USFWS,FWSLAX,"1503-VR2TX-480768-A69-1601-62768-2016-10-11T17",2016-10-11 17:00:00.000,2017-03-16 17:00:00.000,UTC,STATION:1503,41.51821,-90.56566,,,,Transceiver,VR2TX,NOT USED,A69-1601-62768,,,,,STATION,"1503",POINT (-90.56566 41.51821),""
"2025-03-12",TRANSMITTER,USFWS,FWSLAX,"1504-VR2TX-480769-A69-1601-62769-2016-10-11T17",2016-10-11 17:00:00.000,2017-03-16 17:00:00.000,UTC,STATION:1504,41.51795,-90.56545,,,,Transceiver,VR2TX,NOT USED,A69-1601-62769,,,,,STATION,"1504",POINT (-90.56545 41.51795),""
"2025-03-12",TRANSMITTER,USFWS,FWSLAX,"1506-VR2TX-480764-A69-1601-62764-2016-10-11T17",2016-10-11 17:00:00.000,2017-03-16 17:00:00.000,UTC,STATION:1506,41.5173,-90.56637,,,,Transceiver,VR2TX,NOT USED,A69-1601-62764,,,,,STATION,"1506",POINT (-90.56637 41.5173),""
"2025-03-12",TRANSMITTER,USFWS,FWSLAX,"1507-VR2TX-480763-A69-1601-62763-2016-10-11T17",2016-10-11 17:00:00.000,2017-03-16 17:00:00.000,UTC,STATION:1507,41.51785,-90.56535,,,,Transceiver,VR2TX,NOT USED,A69-1601-62763,,,,,STATION,"1507",POINT (-90.56535 41.51785),""
"2025-03-12",TRANSMITTER,USFWS,FWSLAX,"1507-VR2TX-480763-A69-1601-62763-2017-03-16T17",2017-03-16 17:05:00.000,2017-11-15 18:00:00.000,UTC,STATION:1507,41.51785,-90.56535,,,,Transceiver,VR2TX,NOT USED,A69-1601-62763,,,,,STATION,"1507",POINT (-90.56535 41.51785),|Added this deploy record for RAFT format
"2025-03-12",TRANSMITTER,USFWS,FWSLAX,"1506-VR2TX-480764-A69-1601-62764-2017-11-15T18",2017-11-15 18:05:00.000,2018-11-26 18:00:00.000,UTC,STATION:1506,41.5173,-90.56637,,,,Transceiver,VR2TX,NOT USED,A69-1601-62764,,,,,STATION,"1506",POINT (-90.56637 41.5173),|Added this deploy record for RAFT format
"2025-03-12",TRANSMITTER,USFWS,FWSLAX,"1505-VR2TX-480765-A69-1601-62765-2017-03-16T17",2017-03-16 17:05:00.000,2017-11-15 18:00:00.000,UTC,STATION:1505,41.51741,-90.56647,,,,Transceiver,VR2TX,NOT USED,A69-1601-62765,,,,,STATION,"1505",POINT (-90.56647 41.51741),|Added this deploy record for RAFT format
"2025-03-12",TRANSMITTER,USFWS,FWSLAX,"1505-VR2TX-480765-A69-1601-62765-2017-11-15T18",2017-11-15 18:05:00.000,2018-11-26 18:00:00.000,UTC,STATION:1505,41.51741,-90.56647,,,,Transceiver,VR2TX,NOT USED,A69-1601-62765,,,,,STATION,"1505",POINT (-90.56647 41.51741),|Added this deploy record for RAFT format
"2025-03-12",TRANSMITTER,USFWS,FWSLAX,"1501-VR2TX-480766-A69-1601-62766-2017-03-16T17",2017-03-16 17:05:00.000,2017-11-15 18:00:00.000,UTC,STATION:1501,41.51699,-90.56796,,,,Transceiver,VR2TX,NOT USED,A69-1601-62766,,,,,STATION,"1501",POINT (-90.56796 41.51699),|Added this deploy record for RAFT format
"2025-03-12",TRANSMITTER,USFWS,FWSLAX,"1502-VR2TX-480767-A69-1601-62767-2017-03-16T17",2017-03-16 17:05:00.000,2017-11-15 18:00:00.000,UTC,STATION:1502,41.51747,-90.56706,,,,Transceiver,VR2TX,NOT USED,A69-1601-62767,,,,,STATION,"1502",POINT (-90.56706 41.51747),|Added this deploy record for RAFT format
"2025-03-12",TRANSMITTER,USFWS,FWSLAX,"1502-VR2TX-480767-A69-1601-62767-2017-11-15T18",2017-11-15 18:05:00.000,2018-11-26 18:00:00.000,UTC,STATION:1502,41.51747,-90.56706,,,,Transceiver,VR2TX,NOT USED,A69-1601-62767,,,,,STATION,"1502",POINT (-90.56706 41.51747),|Added this deploy record for RAFT format
"2025-03-12",TRANSMITTER,USFWS,FWSLAX,"1503-VR2TX-480768-A69-1601-62768-2017-11-15T18",2017-11-15 18:05:00.000,2018-11-26 18:00:00.000,UTC,STATION:1503,41.51821,-90.56566,,,,Transceiver,VR2TX,NOT USED,A69-1601-62768,,,,,STATION,"1503",POINT (-90.56566 41.51821),|Added this deploy record for RAFT format
"2025-03-12",TRANSMITTER,USFWS,FWSLAX,"1504-VR2TX-480769-A69-1601-62769-2017-03-16T17",2017-03-16 17:05:00.000,2017-11-15 18:00:00.000,UTC,STATION:1504,41.51795,-90.56545,,,,Transceiver,VR2TX,NOT USED,A69-1601-62769,,,,,STATION,"1504",POINT (-90.56545 41.51795),|Added this deploy record for RAFT format
"2025-03-12",TRANSMITTER,USFWS,FWSLAX,"1501-VR2TX-480766-A69-1601-62766-2017-11-15T18",2017-11-15 18:05:00.000,2018-11-26 18:00:00.000,UTC,STATION:1501,41.51699,-90.56796,,,,Transceiver,VR2TX,NOT USED,A69-1601-62766,,,,,STATION,"1501",POINT (-90.56796 41.51699),|Added this deploy record for RAFT format
"2025-03-12",TRANSMITTER,USFWS,FWSLAX,"1504-VR2TX-480769-A69-1601-62769-2017-11-15T18",2017-11-15 18:05:00.000,2018-11-26 18:00:00.000,UTC,STATION:1504,41.51795,-90.56545,,,,Transceiver,VR2TX,NOT USED,A69-1601-62769,,,,,STATION,"1504",POINT (-90.56545 41.51795),|Added this deploy record for RAFT format
"2025-03-12",TRANSMITTER,USFWS,FWSLAX,"1508-VR2TX-480762-A69-1601-62762-2016-10-11T17",2016-10-11 17:00:00.000,2017-03-16 17:00:00.000,UTC,STATION:1508,41.51761,-90.56511,,,,Transceiver,VR2TX,NOT USED,A69-1601-62762,,,,,STATION,"1508",POINT (-90.56511 41.51761),""
"2025-03-12",TRANSMITTER,USFWS,FWSLAX,"1509-VR2TX-480761-A69-1601-62761-2016-10-11T17",2016-10-11 17:00:00.000,2017-03-16 17:00:00.000,UTC,STATION:1509,41.51719,-90.56591,,,,Transceiver,VR2TX,NOT USED,A69-1601-62761,,,,,STATION,"1509",POINT (-90.56591 41.51719),""
"2025-03-12",TRANSMITTER,USFWS,FWSLAX,"1510-VR2TX-480760-A69-1601-62760-2016-10-11T17",2016-10-11 17:00:00.000,2017-03-16 17:00:00.000,UTC,STATION:1510,41.51677,-90.56671,,,,Transceiver,VR2TX,NOT USED,A69-1601-62760,,,,,STATION,"1510",POINT (-90.56671 41.51677),""
"2025-03-12",TRANSMITTER,USFWS,FWSLAX,"1511-VR2TX-480759-A69-1601-62759-2016-10-11T17",2016-10-11 17:00:00.000,2017-03-16 17:00:00.000,UTC,STATION:1511,41.51591,-90.56831,,,,Transceiver,VR2TX,NOT USED,A69-1601-62759,,,,,STATION,"1511",POINT (-90.56831 41.51591),""
"2025-03-12",TRANSMITTER,USFWS,FWSLAX,"1512-VR2TX-480758-A69-1601-62758-2016-10-11T17",2016-10-11 17:00:00.000,2017-03-16 17:00:00.000,UTC,STATION:1512,41.5155,-90.56909,,,,Transceiver,VR2TX,NOT USED,A69-1601-62758,,,,,STATION,"1512",POINT (-90.56909 41.5155),"Deployed as a bottom set extending downstream, but later unrecovered and lost, Deployed as a bottom set extending downstream, but later unrecovered and lost"
"2025-03-12",TRANSMITTER,USFWS,FWSLAX,"1514-VR2TX-480756-A69-1601-62756-2016-10-11T17",2016-10-11 17:00:00.000,2016-10-13 17:00:00.000,UTC,STATION:1514,41.51704,-90.56695,,,,Transceiver,VR2TX,NOT USED,A69-1601-62756,,,,,STATION,"1514",POINT (-90.56695 41.51704),"Deployed as bottom set, would not hold position so removed shortly after. Made up approx. coordinates right below Lock 15, Deployed as bottom set, would not hold position so removed shortly after. Made up approx. coordinates right below Lock 15"
"2025-03-12",TRANSMITTER,USFWS,FWSLAX,"1515-VR2TX-480755-A69-1601-62755-2016-10-11T17",2016-10-11 17:00:00.000,2016-10-13 17:00:00.000,UTC,STATION:1515,41.5166,-90.56936,,,,Transceiver,VR2TX,NOT USED,A69-1601-62755,,,,,STATION,"1515",POINT (-90.56936 41.5166),"Deployed as bottom set, would not hold position so removed shortly after. Made up approx. coordinates right below Lock 15, Deployed as bottom set, would not hold position so removed shortly after. Made up approx. coordinates right below Lock 15"
"2025-03-12",TRANSMITTER,USFWS,FWSLAX,"1516-VR2TX-480754-A69-1601-62754-2016-10-11T17",2016-10-11 17:00:00.000,2016-10-13 17:00:00.000,UTC,STATION:1516,41.51608,-90.56846,,,,Transceiver,VR2TX,NOT USED,A69-1601-62754,,,,,STATION,"1516",POINT (-90.56846 41.51608),"Deployed as bottom set, would not hold position so removed shortly after. Made up approx. coordinates right below Lock 15, Deployed as bottom set, would not hold position so removed shortly after. Made up approx. coordinates right below Lock 15"
"2025-03-12",TRANSMITTER,USFWS,FWSLAX,"1517-VR2TX-480753-A69-1601-62753-2016-10-11T17",2016-10-11 17:00:00.000,2016-10-13 17:00:00.000,UTC,STATION:1517,41.51653,-90.56834,,,,Transceiver,VR2TX,NOT USED,A69-1601-62753,,,,,STATION,"1517",POINT (-90.56834 41.51653),"Deployed as bottom set, would not hold position so removed shortly after. Made up approx. coordinates right below Lock 15, Deployed as bottom set, would not hold position so removed shortly after. Made up approx. coordinates right below Lock 15"
"2025-03-12",TRANSMITTER,USFWS,FWSLAX,"1518-VR2TX-480752-A69-1601-62752-2016-10-11T17",2016-10-11 17:00:00.000,2016-10-13 17:00:00.000,UTC,STATION:1518,41.51617,-90.5688,,,,Transceiver,VR2TX,NOT USED,A69-1601-62752,,,,,STATION,"1518",POINT (-90.5688 41.51617),"Deployed as bottom set, would not hold position so removed shortly after. Made up approx. coordinates right below Lock 15, Deployed as bottom set, would not hold position so removed shortly after. Made up approx. coordinates right below Lock 15"
"2025-03-12",TRANSMITTER,USFWS,FWSLAX,"1509-VR2TX-480761-A69-1601-62761-2017-03-16T17",2017-03-16 17:05:00.000,2017-11-15 18:00:00.000,UTC,STATION:1509,41.51719,-90.56591,,,,Transceiver,VR2TX,NOT USED,A69-1601-62761,,,,,STATION,"1509",POINT (-90.56591 41.51719),|Added this deploy record for RAFT format
"2025-03-12",TRANSMITTER,USFWS,FWSLAX,"1509-VR2TX-480761-A69-1601-62761-2017-11-15T18",2017-11-15 18:05:00.000,2018-11-26 18:00:00.000,UTC,STATION:1509,41.51719,-90.56591,,,,Transceiver,VR2TX,NOT USED,A69-1601-62761,,,,,STATION,"1509",POINT (-90.56591 41.51719),|Added this deploy record for RAFT format
"2025-03-12",TRANSMITTER,USFWS,FWSLAX,"1508-VR2TX-480762-A69-1601-62762-2017-03-16T17",2017-03-16 17:05:00.000,2017-11-15 18:00:00.000,UTC,STATION:1508,41.51761,-90.56511,,,,Transceiver,VR2TX,NOT USED,A69-1601-62762,,,,,STATION,"1508",POINT (-90.56511 41.51761),|Added this deploy record for RAFT format
"2025-03-12",TRANSMITTER,USFWS,FWSLAX,"1511-VR2TX-480759-A69-1601-62759-2017-03-16T17",2017-03-16 17:05:00.000,2017-11-16 18:00:00.000,UTC,STATION:1511,41.51591,-90.56831,,,,Transceiver,VR2TX,NOT USED,A69-1601-62759,,,,,STATION,"1511",POINT (-90.56831 41.51591),|Added this deploy record for RAFT format
"2025-03-12",TRANSMITTER,USFWS,FWSLAX,"1511-VR2TX-480759-A69-1601-62759-2017-11-16T18",2017-11-16 18:05:00.000,2018-11-28 18:00:00.000,UTC,STATION:1511,41.51591,-90.56831,,,,Transceiver,VR2TX,NOT USED,A69-1601-62759,,,,,STATION,"1511",POINT (-90.56831 41.51591),|Added this deploy record for RAFT format
"2025-03-12",TRANSMITTER,USFWS,FWSLAX,"1510-VR2TX-480760-A69-1601-62760-2017-11-15T18",2017-11-15 18:05:00.000,2018-11-28 18:00:00.000,UTC,STATION:1510,41.51677,-90.56671,,,,Transceiver,VR2TX,NOT USED,A69-1601-62760,,,,,STATION,"1510",POINT (-90.56671 41.51677),|Added this deploy record for RAFT format
"2025-03-12",TRANSMITTER,USFWS,FWSLAX,"1507-VR2TX-480763-A69-1601-62763-2017-11-15T18",2017-11-15 18:05:00.000,2018-11-26 18:00:00.000,UTC,STATION:1507,41.51785,-90.56535,,,,Transceiver,VR2TX,NOT USED,A69-1601-62763,,,,,STATION,"1507",POINT (-90.56535 41.51785),|Added this deploy record for RAFT format
"2025-03-12",TRANSMITTER,USFWS,FWSLAX,"3625_P20-VR2TX-485278-A69-1601-62748-2021-05-19T20",2021-05-19 20:58:00.000,2021-08-19 05:00:00.000,UTC,STATION:3625_P20,40.37835,-91.40149,,3.0,3.0,Transceiver,VR2TX,NOT USED,A69-1601-62748,,,,,STATION,"3625_P20",POINT (-91.40149 40.37835),""
"2025-03-12",TRANSMITTER,USFWS,FWSLAX,"365B-VR2TX-481460-A69-1601-63460-2017-11-14T18",2017-11-14 18:00:00.000,2018-08-02 17:00:00.000,UTC,STATION:365B,40.39904,-91.35757,,2.1,1.5,Transceiver,VR2TX,NOT USED,A69-1601-63460,,,,,STATION,"365B",POINT (-91.35757 40.39904),""
"2025-03-12",TRANSMITTER,USFWS,FWSLAX,"365B-VR2TX-481460-A69-1601-63460-2018-10-04T17",2018-10-04 17:05:00.000,2018-11-14 18:00:00.000,UTC,STATION:365B,40.39904,-91.35757,,2.1,1.5,Transceiver,VR2TX,NOT USED,A69-1601-63460,,,,,STATION,"365B",POINT (-91.35757 40.39904),|Added this deploy record for RAFT format
"2025-03-12",TRANSMITTER,USFWS,FWSLAX,"367_P19-VR2TX-489350-A69-1601-62599-2023-05-05T19",2023-05-05 19:24:00.000,2023-07-05 21:51:00.000,UTC,STATION:367_P19,40.42466,-91.37545,,3.5,0.5,Transceiver,VR2TX,NOT USED,A69-1601-62599,,,,,STATION,"367_P19",POINT (-91.37545 40.42466),""
"2025-03-12",TRANSMITTER,USFWS,FWSLAX,"396-VR2TX-480756-A69-1601-62756-2018-08-02T17",2018-08-02 17:00:00.000,2018-08-08 17:00:00.000,UTC,STATION:396,40.69918,-91.11076,,,1.0,Transceiver,VR2TX,NOT USED,A69-1601-62756,,,,,STATION,"396",POINT (-91.11076 40.69918),Deployed to replace missing 123260 at this Station
"2025-03-12",TRANSMITTER,USFWS,FWSLAX,"396-VR2TX-480756-A69-1601-62756-2018-08-08T17",2018-08-08 17:05:00.000,2018-11-02 17:00:00.000,UTC,STATION:396,40.69918,-91.11076,,,1.0,Transceiver,VR2TX,NOT USED,A69-1601-62756,,,,,STATION,"396",POINT (-91.11076 40.69918),"Last detection on 11/1/18, receiver's history after that up to 11/14/18 is unknown. It was reportedly pulled from a buoy at a different location than where it was deployed. Therefore, estimated removal date as day after last detection.|Added this deploy record for RAFT format, Last detection on 11/1/18, receiver's history after that up to 11/14/18 is unknown. It was reportedly pulled from a buoy at a different location than where it was deployed. Therefore, estimated removal date as day after last detection."
"2025-03-12",TRANSMITTER,USFWS,FWSLAX,"410SC-VR2TX-481464-A69-1601-63464-2017-11-14T18",2017-11-14 18:00:00.000,2018-06-14 17:00:00.000,UTC,STATION:410SC,40.88654,-91.03156,,,,Transceiver,VR2TX,NOT USED,A69-1601-63464,,,,,STATION,"410SC",POINT (-91.03156 40.88654),""
"2025-03-12",TRANSMITTER,USFWS,FWSLAX,"410SC-VR2TX-481464-A69-1601-63464-2018-08-09T17",2018-08-09 17:05:00.000,2018-11-14 18:00:00.000,UTC,STATION:410SC,40.88654,-91.03156,,,,Transceiver,VR2TX,NOT USED,A69-1601-63464,,,,,STATION,"410SC",POINT (-91.03156 40.88654),|Added this deploy record for RAFT format
"2025-03-12",TRANSMITTER,USFWS,FWSLAX,"422B-VR2TX-481465-A69-1601-63465-2017-11-14T18",2017-11-14 18:00:00.000,2018-06-13 17:00:00.000,UTC,STATION:422B,41.02131,-90.96213,,,,Transceiver,VR2TX,NOT USED,A69-1601-63465,,,,,STATION,"422B",POINT (-90.96213 41.02131),""
"2025-03-12",TRANSMITTER,USFWS,FWSLAX,"422B-VR2TX-481465-A69-1601-63465-2018-08-09T17",2018-08-09 17:05:00.000,2018-11-12 18:00:00.000,UTC,STATION:422B,41.02131,-90.96213,,,,Transceiver,VR2TX,NOT USED,A69-1601-63465,,,,,STATION,"422B",POINT (-90.96213 41.02131),"Data up to 11/12/18, battery was dead when removed on 11/28/2018|Added this deploy record for RAFT format, Data up to 11/12/18, battery was dead when removed on 11/28/2018"
"2025-03-12",TRANSMITTER,USFWS,FWSLAX,"436_P18-VR2TX-489351-A69-1601-62600-2023-05-03T20",2023-05-03 20:21:00.000,2023-07-10 23:25:00.000,UTC,STATION:436_P18,41.17024,-91.04367,,4.8,0.5,Transceiver,VR2TX,NOT USED,A69-1601-62600,,,,,STATION,"436_P18",POINT (-91.04367 41.17024),""
"2025-03-12",TRANSMITTER,USFWS,FWSLAX,"436_P18-VR2TX-489351-A69-1601-62600-2023-07-10T23",2023-07-10 23:30:00.000,2023-12-06 23:41:00.000,UTC,STATION:436_P18,41.17024,-91.04367,,4.8,0.5,Transceiver,VR2TX,NOT USED,A69-1601-62600,,,,,STATION,"436_P18",POINT (-91.04367 41.17024),|Added this deploy record for RAFT format
"2025-03-12",TRANSMITTER,USFWS,FWSLAX,"437SC-VR2TX-481461-A69-1601-63461-2017-11-14T18",2017-11-14 18:00:00.000,2018-03-14 17:00:00.000,UTC,STATION:437SC,41.18795,-91.06738,,,,Transceiver,VR2TX,NOT USED,A69-1601-63461,,,,,STATION,"437SC",POINT (-91.06738 41.18795),""
"2025-03-12",TRANSMITTER,USFWS,FWSLAX,"437SC-VR2TX-481461-A69-1601-63461-2018-03-14T17",2018-03-14 17:05:00.000,2018-04-10 17:00:00.000,UTC,STATION:437SC,41.18795,-91.06738,,,,Transceiver,VR2TX,NOT USED,A69-1601-63461,,,,,STATION,"437SC",POINT (-91.06738 41.18795),|Added this deploy record for RAFT format
"2025-03-12",TRANSMITTER,USFWS,FWSLAX,"437SC-VR2TX-481461-A69-1601-63461-2018-04-10T17",2018-04-10 17:05:00.000,2018-05-08 17:00:00.000,UTC,STATION:437SC,41.18795,-91.06738,,,,Transceiver,VR2TX,NOT USED,A69-1601-63461,,,,,STATION,"437SC",POINT (-91.06738 41.18795),|Added this deploy record for RAFT format
"2025-03-12",TRANSMITTER,USFWS,FWSLAX,"437SC-VR2TX-481461-A69-1601-63461-2018-06-06T17",2018-06-06 17:05:00.000,2018-06-26 17:00:00.000,UTC,STATION:437SC,41.18795,-91.06738,,,,Transceiver,VR2TX,NOT USED,A69-1601-63461,,,,,STATION,"437SC",POINT (-91.06738 41.18795),|Added this deploy record for RAFT format
"2025-03-12",TRANSMITTER,USFWS,FWSLAX,"437SC-VR2TX-481461-A69-1601-63461-2018-06-26T17",2018-06-26 17:05:00.000,2018-07-12 17:00:00.000,UTC,STATION:437SC,41.18795,-91.06738,,,,Transceiver,VR2TX,NOT USED,A69-1601-63461,,,,,STATION,"437SC",POINT (-91.06738 41.18795),|Added this deploy record for RAFT format
"2025-03-12",TRANSMITTER,USFWS,FWSLAX,"437SC-VR2TX-481461-A69-1601-63461-2018-07-12T17",2018-07-12 17:05:00.000,2018-08-01 17:00:00.000,UTC,STATION:437SC,41.18795,-91.06738,,,,Transceiver,VR2TX,NOT USED,A69-1601-63461,,,,,STATION,"437SC",POINT (-91.06738 41.18795),|Added this deploy record for RAFT format
"2025-03-12",TRANSMITTER,USFWS,FWSLAX,"437SC-VR2TX-481461-A69-1601-63461-2018-09-11T17",2018-09-11 17:05:00.000,2018-10-04 17:00:00.000,UTC,STATION:437SC,41.18795,-91.06738,,,,Transceiver,VR2TX,NOT USED,A69-1601-63461,,,,,STATION,"437SC",POINT (-91.06738 41.18795),|Added this deploy record for RAFT format
"2025-03-12",TRANSMITTER,USFWS,FWSLAX,"437SC-VR2TX-481461-A69-1601-63461-2018-10-04T17",2018-10-04 17:05:00.000,2018-11-27 18:00:00.000,UTC,STATION:437SC,41.18795,-91.06738,,,,Transceiver,VR2TX,NOT USED,A69-1601-63461,,,,,STATION,"437SC",POINT (-91.06738 41.18795),|Added this deploy record for RAFT format
"2025-03-12",TRANSMITTER,USFWS,FWSLAX,"437SC-VR2TX-481461-A69-1601-63461-2018-08-01T17",2018-08-01 17:05:00.000,2018-09-11 17:00:00.000,UTC,STATION:437SC,41.18795,-91.06738,,,,Transceiver,VR2TX,NOT USED,A69-1601-63461,,,,,STATION,"437SC",POINT (-91.06738 41.18795),|Added this deploy record for RAFT format
"2025-03-12",TRANSMITTER,USFWS,FWSLAX,"440B2-VR2TX-481462-A69-1601-63462-2017-11-14T18",2017-11-14 18:00:00.000,2018-03-14 17:00:00.000,UTC,STATION:440B2,41.22575,-91.08604,,,,Transceiver,VR2TX,NOT USED,A69-1601-63462,,,,,STATION,"440B2",POINT (-91.08604 41.22575),""
"2025-03-12",TRANSMITTER,USFWS,FWSLAX,"440B2-VR2TX-481462-A69-1601-63462-2018-04-11T17",2018-04-11 17:05:00.000,2018-06-06 17:00:00.000,UTC,STATION:440B2,41.22575,-91.08604,,,,Transceiver,VR2TX,NOT USED,A69-1601-63462,,,,,STATION,"440B2",POINT (-91.08604 41.22575),|Added this deploy record for RAFT format
"2025-03-12",TRANSMITTER,USFWS,FWSLAX,"440B2-VR2TX-481462-A69-1601-63462-2018-03-14T17",2018-03-14 17:05:00.000,2018-04-11 17:00:00.000,UTC,STATION:440B2,41.22575,-91.08604,,,,Transceiver,VR2TX,NOT USED,A69-1601-63462,,,,,STATION,"440B2",POINT (-91.08604 41.22575),|Added this deploy record for RAFT format
"2025-03-12",TRANSMITTER,USFWS,FWSLAX,"458SC-VR2TX-480771-A69-1601-62771-2017-03-15T17",2017-03-15 17:00:00.000,2017-06-20 17:00:00.000,UTC,STATION:458SC,41.43324,-91.00331,,,,Transceiver,VR2TX,NOT USED,A69-1601-62771,,,,,STATION,"458SC",POINT (-91.00331 41.43324),""
"2025-03-12",TRANSMITTER,USFWS,FWSLAX,"458SC2-VR2TX-480756-A69-1601-62756-2017-08-07T17",2017-08-07 17:00:00.000,2017-10-17 17:00:00.000,UTC,STATION:458SC2,41.4383,-91.00239,,3.0,2.4,Transceiver,VR2TX,NOT USED,A69-1601-62756,,,,,STATION,"458SC2",POINT (-91.00239 41.4383),""
"2025-03-12",TRANSMITTER,USFWS,FWSLAX,"458SC2-VR2TX-481458-A69-1601-63458-2017-11-16T18",2017-11-16 18:00:00.000,2018-03-14 17:00:00.000,UTC,STATION:458SC2,41.43824,-91.00256,,,,Transceiver,VR2TX,NOT USED,A69-1601-63458,,,,,STATION,"458SC2",POINT (-91.00256 41.43824),""
"2025-03-12",TRANSMITTER,USFWS,FWSLAX,"458SC-VR2TX-480771-A69-1601-62771-2017-08-07T17",2017-08-07 17:05:00.000,2017-10-17 17:00:00.000,UTC,STATION:458SC,41.43324,-91.00331,,,,Transceiver,VR2TX,NOT USED,A69-1601-62771,,,,,STATION,"458SC",POINT (-91.00331 41.43324),|Added this deploy record for RAFT format
"2025-03-12",TRANSMITTER,USFWS,FWSLAX,"458SC-VR2TX-480771-A69-1601-62771-2017-10-17T17",2017-10-17 17:05:00.000,2017-11-16 18:00:00.000,UTC,STATION:458SC,41.43324,-91.00331,,,,Transceiver,VR2TX,NOT USED,A69-1601-62771,,,,,STATION,"458SC",POINT (-91.00331 41.43324),|Added this deploy record for RAFT format
"2025-03-12",TRANSMITTER,USFWS,FWSLAX,"458SC-VR2TX-480771-A69-1601-62771-2017-11-16T18",2017-11-16 18:05:00.000,2018-03-14 17:00:00.000,UTC,STATION:458SC,41.43324,-91.00331,,,,Transceiver,VR2TX,NOT USED,A69-1601-62771,,,,,STATION,"458SC",POINT (-91.00331 41.43324),|Added this deploy record for RAFT format
"2025-03-12",TRANSMITTER,USFWS,FWSLAX,"458SC-VR2TX-480771-A69-1601-62771-2018-06-13T17",2018-06-13 17:05:00.000,2018-07-31 17:00:00.000,UTC,STATION:458SC,41.43324,-91.00331,,,,Transceiver,VR2TX,NOT USED,A69-1601-62771,,,,,STATION,"458SC",POINT (-91.00331 41.43324),|Added this deploy record for RAFT format
"2025-03-12",TRANSMITTER,USFWS,FWSLAX,"458SC-VR2TX-480771-A69-1601-62771-2018-07-31T17",2018-07-31 17:05:00.000,2018-11-28 18:00:00.000,UTC,STATION:458SC,41.43324,-91.00331,,,,Transceiver,VR2TX,NOT USED,A69-1601-62771,,,,,STATION,"458SC",POINT (-91.00331 41.43324),|Added this deploy record for RAFT format
"2025-03-12",TRANSMITTER,USFWS,FWSLAX,"458SC2-VR2TX-481458-A69-1601-63458-2018-03-14T17",2018-03-14 17:05:00.000,2018-06-13 17:00:00.000,UTC,STATION:458SC2,41.43824,-91.00256,,,,Transceiver,VR2TX,NOT USED,A69-1601-63458,,,,,STATION,"458SC2",POINT (-91.00256 41.43824),|Added this deploy record for RAFT format
"2025-03-12",TRANSMITTER,USFWS,FWSLAX,"458SC-VR2TX-480771-A69-1601-62771-2018-03-14T17",2018-03-14 17:05:00.000,2018-06-13 17:00:00.000,UTC,STATION:458SC,41.43324,-91.00331,,,,Transceiver,VR2TX,NOT USED,A69-1601-62771,,,,,STATION,"458SC",POINT (-91.00331 41.43324),|Added this deploy record for RAFT format
"2025-03-12",TRANSMITTER,USFWS,FWSLAX,"458SC2-VR2TX-481458-A69-1601-63458-2018-07-31T17",2018-07-31 17:05:00.000,2018-11-28 18:00:00.000,UTC,STATION:458SC2,41.43824,-91.00256,,,,Transceiver,VR2TX,NOT USED,A69-1601-63458,,,,,STATION,"458SC2",POINT (-91.00256 41.43824),|Added this deploy record for RAFT format
"2025-03-12",TRANSMITTER,USFWS,FWSLAX,"479B-VR2TX-481457-A69-1601-63457-2017-11-16T18",2017-11-16 18:00:00.000,2018-04-12 17:00:00.000,UTC,STATION:479B,41.48981,-90.62514,,,,Transceiver,VR2TX,NOT USED,A69-1601-63457,,,,,STATION,"479B",POINT (-90.62514 41.48981),""
"2025-03-12",TRANSMITTER,USFWS,FWSLAX,"479B-VR2TX-481457-A69-1601-63457-2018-04-12T17",2018-04-12 17:05:00.000,2018-06-13 17:00:00.000,UTC,STATION:479B,41.48981,-90.62514,,,,Transceiver,VR2TX,NOT USED,A69-1601-63457,,,,,STATION,"479B",POINT (-90.62514 41.48981),|Added this deploy record for RAFT format
"2025-03-12",TRANSMITTER,USFWS,FWSLAX,"479B-VR2TX-481457-A69-1601-63457-2018-06-13T17",2018-06-13 17:05:00.000,2018-07-09 17:00:00.000,UTC,STATION:479B,41.48981,-90.62514,,,,Transceiver,VR2TX,NOT USED,A69-1601-63457,,,,,STATION,"479B",POINT (-90.62514 41.48981),|Added this deploy record for RAFT format
"2025-03-12",TRANSMITTER,USFWS,FWSLAX,"479B-VR2TX-481457-A69-1601-63457-2018-07-09T17",2018-07-09 17:05:00.000,2018-07-31 17:00:00.000,UTC,STATION:479B,41.48981,-90.62514,,,,Transceiver,VR2TX,NOT USED,A69-1601-63457,,,,,STATION,"479B",POINT (-90.62514 41.48981),|Added this deploy record for RAFT format
"2025-03-12",TRANSMITTER,USFWS,FWSLAX,"480B-VR2TX-481463-A69-1601-63463-2017-11-15T18",2017-11-15 18:00:00.000,2018-04-12 17:00:00.000,UTC,STATION:480B,41.48861,-90.60312,,,,Transceiver,VR2TX,NOT USED,A69-1601-63463,,,,,STATION,"480B",POINT (-90.60312 41.48861),""
"2025-03-12",TRANSMITTER,USFWS,FWSLAX,"494SC_P14-VR2TX-481465-A69-1601-63465-2021-05-24T22",2021-05-24 22:42:00.000,2021-08-11 21:04:00.000,UTC,STATION:494SC_P14,41.57915,-90.39817,,,1.0,Transceiver,VR2TX,NOT USED,A69-1601-63465,,,,,STATION,"494SC_P14",POINT (-90.39817 41.57915),""
"2025-03-12",TRANSMITTER,USFWS,FWSLAX,"494SC_P14-VR2TX-481465-A69-1601-63465-2022-05-25T00",2022-05-25 00:39:00.000,2022-07-27 20:03:00.000,UTC,STATION:494SC_P14,41.57915,-90.39817,,,1.0,Transceiver,VR2TX,NOT USED,A69-1601-63465,,,,,STATION,"494SC_P14",POINT (-90.39817 41.57915),"70% battery"
"2025-03-12",TRANSMITTER,USFWS,FWSLAX,"494SC_P14-VR2TX-481465-A69-1601-63465-2022-07-27T20",2022-07-27 20:08:00.000,2022-12-05 22:10:00.000,UTC,STATION:494SC_P14,41.57915,-90.39817,,,1.0,Transceiver,VR2TX,NOT USED,A69-1601-63465,,,,,STATION,"494SC_P14",POINT (-90.39817 41.57915),"Battery change|Added this deploy record for RAFT format, Battery change"
"2025-03-12",TRANSMITTER,USFWS,FWSLAX,"494SC_P14-VR2TX-481465-A69-1601-63465-2022-12-05T22",2022-12-05 22:15:00.000,2023-05-22 20:35:00.000,UTC,STATION:494SC_P14,41.57915,-90.39817,,,1.0,Transceiver,VR2TX,NOT USED,A69-1601-63465,,,,,STATION,"494SC_P14",POINT (-90.39817 41.57915),|Added this deploy record for RAFT format
"2025-03-12",TRANSMITTER,USFWS,FWSLAX,"494SC_P14-VR2TX-481465-A69-1601-63465-2023-07-03T20",2023-07-03 20:27:00.000,2023-12-08 02:04:00.000,UTC,STATION:494SC_P14,41.57915,-90.39817,,,1.0,Transceiver,VR2TX,NOT USED,A69-1601-63465,,,,,STATION,"494SC_P14",POINT (-90.39817 41.57915),|Added this deploy record for RAFT format
"2025-03-12",TRANSMITTER,USFWS,FWSLAX,"494SC_P14-VR2TX-481465-A69-1601-63465-2023-05-22T20",2023-05-22 20:40:00.000,2023-07-03 20:22:00.000,UTC,STATION:494SC_P14,41.57915,-90.39817,,,1.0,Transceiver,VR2TX,NOT USED,A69-1601-63465,,,,,STATION,"494SC_P14",POINT (-90.39817 41.57915),"60% battery remaining|Added this deploy record for RAFT format, 60% battery remaining"
"2025-03-12",TRANSMITTER,USFWS,FWSLAX,"5335_P13-VR2TX-487015-A69-1601-63942-2022-08-05T01",2022-08-05 01:11:00.000,2023-03-16 23:45:00.000,UTC,STATION:5335_P13,42.04089,-90.16793,,,4.0,Transceiver,VR2TX,NOT USED,A69-1601-63942,,,,,STATION,"5335_P13",POINT (-90.16793 42.04089),Attached to UMR Refuge barrier line
"2025-03-12",TRANSMITTER,USFWS,FWSLAX,"558_P12-VR2TX-480752-A69-1601-62752-2021-05-06T22",2021-05-06 22:28:00.000,2021-07-02 22:04:00.000,UTC,STATION:558_P12,42.27583,-90.42636,,5.0,,Transceiver,VR2TX,NOT USED,A69-1601-62752,,,,,STATION,"558_P12",POINT (-90.42636 42.27583),"Receiver (station) name error: Should be 558_P12, Receiver (station) name error: Should be 558_P12"
"2025-03-12",TRANSMITTER,USFWS,FWSLAX,"558_P12-VR2TX-480752-A69-1601-62752-2022-04-05T22",2022-04-05 22:09:00.000,2022-06-15 01:47:00.000,UTC,STATION:558_P12,42.27583,-90.42636,,5.0,,Transceiver,VR2TX,NOT USED,A69-1601-62752,,,,,STATION,"558_P12",POINT (-90.42636 42.27583),""
"2025-03-12",TRANSMITTER,USFWS,FWSLAX,"5335_P13-VR2TX-487015-A69-1601-63942-2023-03-16T23",2023-03-16 23:50:00.000,2023-06-13 18:43:00.000,UTC,STATION:5335_P13,42.04089,-90.16793,,,4.0,Transceiver,VR2TX,NOT USED,A69-1601-63942,,,,,STATION,"5335_P13",POINT (-90.16793 42.04089),|Added this deploy record for RAFT format
"2025-03-12",TRANSMITTER,USFWS,FWSLAX,"5335_P13-VR2TX-487015-A69-1601-63942-2023-06-13T18",2023-06-13 18:48:00.000,2023-07-18 23:08:00.000,UTC,STATION:5335_P13,42.04089,-90.16793,,,4.0,Transceiver,VR2TX,NOT USED,A69-1601-63942,,,,,STATION,"5335_P13",POINT (-90.16793 42.04089),|Added this deploy record for RAFT format
"2025-03-12",TRANSMITTER,USFWS,FWSLAX,"5335_P13-VR2TX-487015-A69-1601-63942-2023-07-18T23",2023-07-18 23:13:00.000,2023-09-26 23:06:00.000,UTC,STATION:5335_P13,42.04089,-90.16793,,,4.0,Transceiver,VR2TX,NOT USED,A69-1601-63942,,,,,STATION,"5335_P13",POINT (-90.16793 42.04089),|Added this deploy record for RAFT format
"2025-03-12",TRANSMITTER,USFWS,FWSLAX,"558_P12-VR2TX-480752-A69-1601-62752-2021-07-02T22",2021-07-02 22:09:00.000,2021-12-02 02:24:00.000,UTC,STATION:558_P12,42.27583,-90.42636,,5.0,,Transceiver,VR2TX,NOT USED,A69-1601-62752,,,,,STATION,"558_P12",POINT (-90.42636 42.27583),"Receiver (station) name error: Should be 558_P12|Added this deploy record for RAFT format, Receiver (station) name error: Should be 558_P12"
"2025-03-12",TRANSMITTER,USFWS,FWSLAX,"558_P12-VR2TX-480752-A69-1601-62752-2023-03-17T02",2023-03-17 02:56:00.000,2023-06-13 22:31:00.000,UTC,STATION:558_P12,42.27583,-90.42636,,5.0,,Transceiver,VR2TX,NOT USED,A69-1601-62752,,,,,STATION,"558_P12",POINT (-90.42636 42.27583),""
"2025-03-12",TRANSMITTER,USFWS,FWSLAX,"5745_P12-VR2TX-484549-A69-1601-62097-2021-04-23T23",2021-04-23 23:07:00.000,2021-07-01 19:56:00.000,UTC,STATION:5745_P12,42.44786,-90.59141,,4.0,0.5,Transceiver,VR2TX,NOT USED,A69-1601-62097,,,,,STATION,"5745_P12",POINT (-90.59141 42.44786),""
"2025-03-12",TRANSMITTER,USFWS,FWSLAX,"5745_P12-VR2TX-484549-A69-1601-62097-2022-04-05T23",2022-04-05 23:36:00.000,2022-06-15 03:09:00.000,UTC,STATION:5745_P12,42.44786,-90.59141,,4.0,0.5,Transceiver,VR2TX,NOT USED,A69-1601-62097,,,,,STATION,"5745_P12",POINT (-90.59141 42.44786),""
"2025-03-12",TRANSMITTER,USFWS,FWSLAX,"581_P11-VR2TX-480760-A69-1601-62760-2021-04-23T22",2021-04-23 22:41:00.000,2021-07-01 19:33:00.000,UTC,STATION:581_P11,42.51207,-90.6393,,5.0,0.5,Transceiver,VR2TX,NOT USED,A69-1601-62760,,,,,STATION,"581_P11",POINT (-90.6393 42.51207),""
"2025-03-12",TRANSMITTER,USFWS,FWSLAX,"581_P12-VR2TX-480760-A69-1601-62760-2022-04-05T23",2022-04-05 23:18:00.000,2022-06-15 02:52:00.000,UTC,STATION:581_P12,42.50701,-90.64076,,2.0,,Transceiver,VR2TX,NOT USED,A69-1601-62760,,,,,STATION,"581_P12",POINT (-90.64076 42.50701),""
"2025-03-12",TRANSMITTER,USFWS,FWSLAX,"581_P12-VR2TX-480760-A69-1601-62760-2023-07-19T03",2023-07-19 03:09:00.000,2023-09-27 17:38:00.000,UTC,STATION:581_P12,42.50701,-90.64076,,2.0,,Transceiver,VR2TX,NOT USED,A69-1601-62760,,,,,STATION,"581_P12",POINT (-90.64076 42.50701),""
"2025-03-12",TRANSMITTER,USFWS,FWSLAX,"558_P12-VR2TX-480752-A69-1601-62752-2022-08-04T20",2022-08-04 20:57:00.000,2022-09-12 22:16:00.000,UTC,STATION:558_P12,42.27583,-90.42636,,5.0,,Transceiver,VR2TX,NOT USED,A69-1601-62752,,,,,STATION,"558_P12",POINT (-90.42636 42.27583),|Added this deploy record for RAFT format
"2025-03-12",TRANSMITTER,USFWS,FWSLAX,"558_P12-VR2TX-480752-A69-1601-62752-2023-06-13T22",2023-06-13 22:36:00.000,2023-07-19 02:07:00.000,UTC,STATION:558_P12,42.27583,-90.42636,,5.0,,Transceiver,VR2TX,NOT USED,A69-1601-62752,,,,,STATION,"558_P12",POINT (-90.42636 42.27583),|Added this deploy record for RAFT format
"2025-03-12",TRANSMITTER,USFWS,FWSLAX,"558_P12-VR2TX-480752-A69-1601-62752-2023-07-19T02",2023-07-19 02:12:00.000,2023-09-27 02:19:00.000,UTC,STATION:558_P12,42.27583,-90.42636,,5.0,,Transceiver,VR2TX,NOT USED,A69-1601-62752,,,,,STATION,"558_P12",POINT (-90.42636 42.27583),|Added this deploy record for RAFT format
"2025-03-12",TRANSMITTER,USFWS,FWSLAX,"581_P11-VR2TX-480760-A69-1601-62760-2021-07-01T19",2021-07-01 19:38:00.000,2021-12-02 03:51:00.000,UTC,STATION:581_P11,42.51207,-90.6393,,5.0,0.5,Transceiver,VR2TX,NOT USED,A69-1601-62760,,,,,STATION,"581_P11",POINT (-90.6393 42.51207),|Added this deploy record for RAFT format
"2025-03-12",TRANSMITTER,USFWS,FWSLAX,"581_P12-VR2TX-480760-A69-1601-62760-2022-07-27T21",2022-07-27 21:17:00.000,2022-12-02 02:33:00.000,UTC,STATION:581_P12,42.50701,-90.64076,,2.0,,Transceiver,VR2TX,NOT USED,A69-1601-62760,,,,,STATION,"581_P12",POINT (-90.64076 42.50701),|Added this deploy record for RAFT format
"2025-03-12",TRANSMITTER,USFWS,FWSLAX,"5745_P12-VR2TX-484549-A69-1601-62097-2021-07-01T20",2021-07-01 20:01:00.000,2021-12-02 03:31:00.000,UTC,STATION:5745_P12,42.44786,-90.59141,,4.0,0.5,Transceiver,VR2TX,NOT USED,A69-1601-62097,,,,,STATION,"5745_P12",POINT (-90.59141 42.44786),|Added this deploy record for RAFT format
"2025-03-12",TRANSMITTER,USFWS,FWSLAX,"5745_P12-VR2TX-484549-A69-1601-62097-2022-06-15T03",2022-06-15 03:14:00.000,2022-07-27 20:58:00.000,UTC,STATION:5745_P12,42.44786,-90.59141,,4.0,0.5,Transceiver,VR2TX,NOT USED,A69-1601-62097,,,,,STATION,"5745_P12",POINT (-90.59141 42.44786),|Added this deploy record for RAFT format
"2025-03-12",TRANSMITTER,USFWS,FWSLAX,"581_P12-VR2TX-480760-A69-1601-62760-2022-06-15T02",2022-06-15 02:57:00.000,2022-07-27 21:12:00.000,UTC,STATION:581_P12,42.50701,-90.64076,,2.0,,Transceiver,VR2TX,NOT USED,A69-1601-62760,,,,,STATION,"581_P12",POINT (-90.64076 42.50701),|Added this deploy record for RAFT format
"2025-03-12",TRANSMITTER,USFWS,FWSLAX,"6055_P11-VR2TX-489340-A69-1601-62589-2023-06-23T21",2023-06-23 21:35:00.000,2023-07-19 19:42:00.000,UTC,STATION:6055_P11,42.69845,-90.98289,,,,Transceiver,VR2TX,NOT USED,A69-1601-62589,,,,,STATION,"6055_P11",POINT (-90.98289 42.69845),""
"2025-03-12",TRANSMITTER,USFWS,FWSLAX,"6145_P11-VR2TX-487010-A69-1601-63937-2022-05-05T21",2022-05-05 21:53:00.000,2022-07-27 23:53:00.000,UTC,STATION:6145_P11,42.77906,-91.08943,,1.0,,Transceiver,VR2TX,NOT USED,A69-1601-63937,,,,,STATION,"6145_P11",POINT (-91.08943 42.77906),"New receiver location, At water edge, water predicted to come up, left as is"
"2025-03-12",TRANSMITTER,USFWS,FWSLAX,"6145_P11-VR2TX-487010-A69-1601-63937-2022-12-02T23",2022-12-02 23:52:00.000,2023-06-14 02:37:00.000,UTC,STATION:6145_P11,42.77906,-91.08943,,1.0,,Transceiver,VR2TX,NOT USED,A69-1601-63937,,,,,STATION,"6145_P11",POINT (-91.08943 42.77906),Replaced battery
"2025-03-12",TRANSMITTER,USFWS,FWSLAX,"6145_P11-VR2TX-487010-A69-1601-63937-2022-07-27T23",2022-07-27 23:58:00.000,2022-12-02 23:31:00.000,UTC,STATION:6145_P11,42.77906,-91.08943,,1.0,,Transceiver,VR2TX,NOT USED,A69-1601-63937,,,,,STATION,"6145_P11",POINT (-91.08943 42.77906),"Dry Land|Added this deploy record for RAFT format, Dry Land"
"2025-03-12",TRANSMITTER,USFWS,FWSLAX,"6055_P11-VR2TX-489340-A69-1601-62589-2023-07-19T19",2023-07-19 19:47:00.000,2023-09-27 19:54:00.000,UTC,STATION:6055_P11,42.69845,-90.98289,,,,Transceiver,VR2TX,NOT USED,A69-1601-62589,,,,,STATION,"6055_P11",POINT (-90.98289 42.69845),|Added this deploy record for RAFT format
"2025-03-12",TRANSMITTER,USFWS,FWSLAX,"6145_P11-VR2TX-487010-A69-1601-63937-2023-07-19T20",2023-07-19 20:25:00.000,2023-09-27 20:47:00.000,UTC,STATION:6145_P11,42.77906,-91.08943,,1.0,,Transceiver,VR2TX,NOT USED,A69-1601-63937,,,,,STATION,"6145_P11",POINT (-91.08943 42.77906),""
"2025-03-12",TRANSMITTER,USFWS,FWSLAX,"632_P10-VR2TX-485283-A69-1601-62773-2021-05-04T20",2021-05-04 20:52:00.000,2021-06-09 21:29:00.000,UTC,STATION:632_P10,43.12803,-91.18097,,,,Transceiver,VR2TX,NOT USED,A69-1601-62773,,,,,STATION,"632_P10",POINT (-91.18097 43.12803),No detections
"2025-03-12",TRANSMITTER,USFWS,FWSLAX,"632_P10-VR2TX-485283-A69-1601-62773-2022-06-15T23",2022-06-15 23:34:00.000,2022-07-28 02:35:00.000,UTC,STATION:632_P10,43.12803,-91.18097,,,,Transceiver,VR2TX,NOT USED,A69-1601-62773,,,,,STATION,"632_P10",POINT (-91.18097 43.12803),""
"2025-03-12",TRANSMITTER,USFWS,FWSLAX,"632_P10-VR2TX-485283-A69-1601-62773-2022-11-02T20",2022-11-02 20:58:00.000,2023-04-11 23:33:00.000,UTC,STATION:632_P10,43.12803,-91.18097,,,,Transceiver,VR2TX,NOT USED,A69-1601-62773,,,,,STATION,"632_P10",POINT (-91.18097 43.12803),""
"2025-03-12",TRANSMITTER,USFWS,FWSLAX,"632_P10-VR2TX-485283-A69-1601-62773-2021-06-09T21",2021-06-09 21:34:00.000,2021-07-17 00:32:00.000,UTC,STATION:632_P10,43.12803,-91.18097,,,,Transceiver,VR2TX,NOT USED,A69-1601-62773,,,,,STATION,"632_P10",POINT (-91.18097 43.12803),|Added this deploy record for RAFT format
"2025-03-12",TRANSMITTER,USFWS,FWSLAX,"632_P10-VR2TX-485283-A69-1601-62773-2021-07-17T00",2021-07-17 00:37:00.000,2021-09-11 02:00:00.000,UTC,STATION:632_P10,43.12803,-91.18097,,,,Transceiver,VR2TX,NOT USED,A69-1601-62773,,,,,STATION,"632_P10",POINT (-91.18097 43.12803),"Buoy replaced. Receiver is likely with Coast Guard.|Added this deploy record for RAFT format, Buoy replaced. Receiver is likely with Coast Guard."
"2025-03-12",TRANSMITTER,USFWS,FWSLAX,"632_P10-VR2TX-485283-A69-1601-62773-2022-07-28T02",2022-07-28 02:40:00.000,2022-11-02 20:40:00.000,UTC,STATION:632_P10,43.12803,-91.18097,,,,Transceiver,VR2TX,NOT USED,A69-1601-62773,,,,,STATION,"632_P10",POINT (-91.18097 43.12803),|Added this deploy record for RAFT format
"2025-03-12",TRANSMITTER,USFWS,FWSLAX,"632_P10-VR2TX-485283-A69-1601-62773-2023-07-19T23",2023-07-19 23:18:00.000,2023-09-27 22:54:00.000,UTC,STATION:632_P10,43.12803,-91.18097,,,,Transceiver,VR2TX,NOT USED,A69-1601-62773,,,,,STATION,"632_P10",POINT (-91.18097 43.12803),|Added this deploy record for RAFT format
"2025-03-12",TRANSMITTER,USFWS,FWSLAX,"632_P10-VR2TX-485283-A69-1601-62773-2023-06-14T21",2023-06-14 21:51:00.000,2023-07-19 23:13:00.000,UTC,STATION:632_P10,43.12803,-91.18097,,,,Transceiver,VR2TX,NOT USED,A69-1601-62773,,,,,STATION,"632_P10",POINT (-91.18097 43.12803),|Added this deploy record for RAFT format
"2025-03-12",TRANSMITTER,USFWS,FWSLAX,"641B-P10-VR2TX-480752-A69-1601-62752-2020-06-25T20",2020-06-25 20:17:00.000,2020-08-04 20:09:00.000,UTC,STATION:641B-P10,43.13059,-91.18104,,0.5,1.0,Transceiver,VR2TX,NOT USED,A69-1601-62752,,,,,STATION,"641B-P10",POINT (-91.18104 43.13059),""
"2025-03-12",TRANSMITTER,USFWS,FWSLAX,"641B-P10-VR2TX-480752-A69-1601-62752-2020-12-04T22",2020-12-04 22:31:00.000,2021-05-04 05:00:00.000,UTC,STATION:641B-P10,43.13059,-91.18104,,0.5,1.0,Transceiver,VR2TX,NOT USED,A69-1601-62752,,,,,STATION,"641B-P10",POINT (-91.18104 43.13059),Out of water. Debris built up on line and pull receiver ashore. Redeployed in deeper water.
"2025-03-12",TRANSMITTER,USFWS,FWSLAX,"641_P10-VR2TX-485282-A69-1601-62772-2021-05-04T22",2021-05-04 22:10:00.000,2021-06-09 22:57:00.000,UTC,STATION:641_P10,43.12994,-91.1766,,5.0,0.5,Transceiver,VR2TX,NOT USED,A69-1601-62772,,,,,STATION,"641_P10",POINT (-91.1766 43.12994),No detections
"2025-03-12",TRANSMITTER,USFWS,FWSLAX,"6475_P10-VR2TX-485285-A69-1601-62775-2021-05-04T22",2021-05-04 22:40:00.000,2021-06-09 22:37:00.000,UTC,STATION:6475_P10,43.20465,-91.10647,,,,Transceiver,VR2TX,NOT USED,A69-1601-62775,,,,,STATION,"6475_P10",POINT (-91.10647 43.20465),No detections
"2025-03-12",TRANSMITTER,USFWS,FWSLAX,"641B-P10-VR2TX-480752-A69-1601-62752-2020-09-22T21",2020-09-22 21:22:00.000,2020-12-04 22:26:00.000,UTC,STATION:641B-P10,43.13059,-91.18104,,0.5,1.0,Transceiver,VR2TX,NOT USED,A69-1601-62752,,,,,STATION,"641B-P10",POINT (-91.18104 43.13059),|Added this deploy record for RAFT format
"2025-03-12",TRANSMITTER,USFWS,FWSLAX,"641_P10-VR2TX-485282-A69-1601-62772-2021-06-09T23",2021-06-09 23:02:00.000,2021-07-16 23:25:00.000,UTC,STATION:641_P10,43.12994,-91.1766,,5.0,0.5,Transceiver,VR2TX,NOT USED,A69-1601-62772,,,,,STATION,"641_P10",POINT (-91.1766 43.12994),|Added this deploy record for RAFT format
"2025-03-12",TRANSMITTER,USFWS,FWSLAX,"6475_P10-VR2TX-485285-A69-1601-62775-2021-07-16T23",2021-07-16 23:10:00.000,2021-10-13 19:30:00.000,UTC,STATION:6475_P10,43.20465,-91.10647,,,,Transceiver,VR2TX,NOT USED,A69-1601-62775,,,,,STATION,"6475_P10",POINT (-91.10647 43.20465),|Added this deploy record for RAFT format
"2025-03-12",TRANSMITTER,USFWS,FWSLAX,"6475_P10-VR2TX-485285-A69-1601-62775-2021-10-13T19",2021-10-13 19:35:00.000,2021-12-01 02:22:00.000,UTC,STATION:6475_P10,43.20465,-91.10647,,,,Transceiver,VR2TX,NOT USED,A69-1601-62775,,,,,STATION,"6475_P10",POINT (-91.10647 43.20465),|Added this deploy record for RAFT format
"2025-03-12",TRANSMITTER,USFWS,FWSLAX,"6475_P10-VR2TX-485285-A69-1601-62775-2021-12-01T02",2021-12-01 02:27:00.000,2022-06-15 23:51:00.000,UTC,STATION:6475_P10,43.20465,-91.10647,,,,Transceiver,VR2TX,NOT USED,A69-1601-62775,,,,,STATION,"6475_P10",POINT (-91.10647 43.20465),|Added this deploy record for RAFT format
"2025-03-12",TRANSMITTER,USFWS,FWSLAX,"6475_P10-VR2TX-485285-A69-1601-62775-2022-07-28T03",2022-07-28 03:00:00.000,2022-11-02 21:28:00.000,UTC,STATION:6475_P10,43.20465,-91.10647,,,,Transceiver,VR2TX,NOT USED,A69-1601-62775,,,,,STATION,"6475_P10",POINT (-91.10647 43.20465),|Added this deploy record for RAFT format
"2025-03-12",TRANSMITTER,USFWS,FWSLAX,"6475_P10-VR2TX-485285-A69-1601-62775-2022-11-02T21",2022-11-02 21:33:00.000,2023-04-11 23:57:00.000,UTC,STATION:6475_P10,43.20465,-91.10647,,,,Transceiver,VR2TX,NOT USED,A69-1601-62775,,,,,STATION,"6475_P10",POINT (-91.10647 43.20465),|Added this deploy record for RAFT format
"2025-03-12",TRANSMITTER,USFWS,FWSLAX,"6475_P10-VR2TX-485285-A69-1601-62775-2023-04-12T00",2023-04-12 00:02:00.000,2023-06-14 21:26:00.000,UTC,STATION:6475_P10,43.20465,-91.10647,,,,Transceiver,VR2TX,NOT USED,A69-1601-62775,,,,,STATION,"6475_P10",POINT (-91.10647 43.20465),|Added this deploy record for RAFT format
"2025-03-12",TRANSMITTER,USFWS,FWSLAX,"6475_P10-VR2TX-485285-A69-1601-62775-2023-07-19T23",2023-07-19 23:34:00.000,2023-09-27 23:19:00.000,UTC,STATION:6475_P10,43.20465,-91.10647,,,,Transceiver,VR2TX,NOT USED,A69-1601-62775,,,,,STATION,"6475_P10",POINT (-91.10647 43.20465),|Added this deploy record for RAFT format
"2025-03-12",TRANSMITTER,USFWS,FWSLAX,"641_P10-VR2TX-485282-A69-1601-62772-2021-07-16T23",2021-07-16 23:30:00.000,2021-12-01 02:08:00.000,UTC,STATION:641_P10,43.12994,-91.1766,,5.0,0.5,Transceiver,VR2TX,NOT USED,A69-1601-62772,,,,,STATION,"641_P10",POINT (-91.1766 43.12994),|Added this deploy record for RAFT format
"2025-03-12",TRANSMITTER,USFWS,FWSLAX,"6475_P10-VR2TX-485285-A69-1601-62775-2022-06-15T23",2022-06-15 23:56:00.000,2022-07-28 02:55:00.000,UTC,STATION:6475_P10,43.20465,-91.10647,,,,Transceiver,VR2TX,NOT USED,A69-1601-62775,,,,,STATION,"6475_P10",POINT (-91.10647 43.20465),|Added this deploy record for RAFT format
"2025-03-12",TRANSMITTER,USFWS,FWSLAX,"677B-P9-VR2TX-481460-A69-1601-63460-2020-06-25T23",2020-06-25 23:15:00.000,2020-08-04 22:36:00.000,UTC,STATION:677B-P9,43.541,-91.24002,,0.5,0.5,Transceiver,VR2TX,NOT USED,A69-1601-63460,,,,,STATION,"677B-P9",POINT (-91.24002 43.541),""
"2025-03-12",TRANSMITTER,USFWS,FWSLAX,"677_P9-VR2TX-481460-A69-1601-63460-2021-04-15T21",2021-04-15 21:34:00.000,2021-05-05 01:24:00.000,UTC,STATION:677_P9,43.5464,-91.24196,,0.0,0.0,Transceiver,VR2TX,NOT USED,A69-1601-63460,,,,,STATION,"677_P9",POINT (-91.24196 43.5464),""
"2025-03-12",TRANSMITTER,USFWS,FWSLAX,"677B-P9-VR2TX-481460-A69-1601-63460-2020-08-04T22",2020-08-04 22:41:00.000,2020-09-23 00:13:00.000,UTC,STATION:677B-P9,43.541,-91.24002,,0.5,0.5,Transceiver,VR2TX,NOT USED,A69-1601-63460,,,,,STATION,"677B-P9",POINT (-91.24002 43.541),"Receiver relocated 50m upstream because of dewatering|Added this deploy record for RAFT format, Receiver relocated 50m upstream because of dewatering"
"2025-03-12",TRANSMITTER,USFWS,FWSLAX,"677B-P9-VR2TX-481460-A69-1601-63460-2020-09-23T00",2020-09-23 00:18:00.000,2020-12-05 00:40:00.000,UTC,STATION:677B-P9,43.541,-91.24002,,0.5,0.5,Transceiver,VR2TX,NOT USED,A69-1601-63460,,,,,STATION,"677B-P9",POINT (-91.24002 43.541),|Added this deploy record for RAFT format
"2025-03-12",TRANSMITTER,USFWS,FWSLAX,"677_P9-VR2TX-481460-A69-1601-63460-2021-07-16T20",2021-07-16 20:17:00.000,2021-09-10 19:51:00.000,UTC,STATION:677_P9,43.5464,-91.24196,,0.0,0.0,Transceiver,VR2TX,NOT USED,A69-1601-63460,,,,,STATION,"677_P9",POINT (-91.24196 43.5464),"Receiver dewatered. Relocating upstream.|Added this deploy record for RAFT format, Receiver dewatered. Relocating upstream."
"2025-03-12",TRANSMITTER,USFWS,FWSLAX,"679_P9-VR2TX-481460-A69-1601-63460-2021-09-10T20",2021-09-10 20:13:00.000,2021-12-04 03:14:00.000,UTC,STATION:679_P9,43.56338,-91.23639,,,,Transceiver,VR2TX,NOT USED,A69-1601-63460,,,,,STATION,"679_P9",POINT (-91.23639 43.56338),"Check river mile. Rename receiver on next check, Rename receiver in 2022"
"2025-03-12",TRANSMITTER,USFWS,FWSLAX,"6825_P8-VR2TX-489339-A69-1601-62588-2023-03-29T00",2023-03-29 00:22:00.000,2023-06-01 21:17:00.000,UTC,STATION:6825_P8,43.61906,-91.22464,,6.0,,Transceiver,VR2TX,NOT USED,A69-1601-62588,,,,,STATION,"6825_P8",POINT (-91.22464 43.61906),""
"2025-03-12",TRANSMITTER,USFWS,FWSLAX,"687_P8-VR2TX-489353-A69-1601-62602-2023-03-29T00",2023-03-29 00:38:00.000,2023-06-01 21:04:00.000,UTC,STATION:687_P8,43.66522,-91.25558,,3.0,0.5,Transceiver,VR2TX,NOT USED,A69-1601-62602,,,,,STATION,"687_P8",POINT (-91.25558 43.66522),""
"2025-03-12",TRANSMITTER,USFWS,FWSLAX,"679_P9-VR2TX-481460-A69-1601-63460-2021-12-04T03",2021-12-04 03:19:00.000,2022-05-04 21:53:00.000,UTC,STATION:679_P9,43.56338,-91.23639,,,,Transceiver,VR2TX,NOT USED,A69-1601-63460,,,,,STATION,"679_P9",POINT (-91.23639 43.56338),"Battery replaced|Added this deploy record for RAFT format, Battery replaced"
"2025-03-12",TRANSMITTER,USFWS,FWSLAX,"679_P9-VR2TX-481460-A69-1601-63460-2022-05-04T21",2022-05-04 21:58:00.000,2022-06-16 19:53:00.000,UTC,STATION:679_P9,43.56338,-91.23639,,,,Transceiver,VR2TX,NOT USED,A69-1601-63460,,,,,STATION,"679_P9",POINT (-91.23639 43.56338),|Added this deploy record for RAFT format
"2025-03-12",TRANSMITTER,USFWS,FWSLAX,"679_P9-VR2TX-481460-A69-1601-63460-2022-07-27T02",2022-07-27 02:00:00.000,2022-11-02 23:14:00.000,UTC,STATION:679_P9,43.56338,-91.23639,,,,Transceiver,VR2TX,NOT USED,A69-1601-63460,,,,,STATION,"679_P9",POINT (-91.23639 43.56338),|Added this deploy record for RAFT format
"2025-03-12",TRANSMITTER,USFWS,FWSLAX,"679_P9-VR2TX-481460-A69-1601-63460-2022-11-02T23",2022-11-02 23:19:00.000,2023-03-29 01:38:00.000,UTC,STATION:679_P9,43.56338,-91.23639,,,,Transceiver,VR2TX,NOT USED,A69-1601-63460,,,,,STATION,"679_P9",POINT (-91.23639 43.56338),|Added this deploy record for RAFT format
"2025-03-12",TRANSMITTER,USFWS,FWSLAX,"679_P9-VR2TX-481460-A69-1601-63460-2023-06-21T18",2023-06-21 18:41:00.000,2023-07-20 00:58:00.000,UTC,STATION:679_P9,43.56338,-91.23639,,,,Transceiver,VR2TX,NOT USED,A69-1601-63460,,,,,STATION,"679_P9",POINT (-91.23639 43.56338),|Added this deploy record for RAFT format
"2025-03-12",TRANSMITTER,USFWS,FWSLAX,"6825_P8-VR2TX-489339-A69-1601-62588-2023-06-01T21",2023-06-01 21:22:00.000,2023-07-27 19:11:00.000,UTC,STATION:6825_P8,43.61906,-91.22464,,6.0,,Transceiver,VR2TX,NOT USED,A69-1601-62588,,,,,STATION,"6825_P8",POINT (-91.22464 43.61906),|Added this deploy record for RAFT format
"2025-03-12",TRANSMITTER,USFWS,FWSLAX,"6825_P8-VR2TX-489339-A69-1601-62588-2023-07-27T19",2023-07-27 19:16:00.000,2023-09-25 23:07:00.000,UTC,STATION:6825_P8,43.61906,-91.22464,,6.0,,Transceiver,VR2TX,NOT USED,A69-1601-62588,,,,,STATION,"6825_P8",POINT (-91.22464 43.61906),|Added this deploy record for RAFT format
"2025-03-12",TRANSMITTER,USFWS,FWSLAX,"687_P8-VR2TX-489353-A69-1601-62602-2023-06-01T21",2023-06-01 21:09:00.000,2023-07-27 19:22:00.000,UTC,STATION:687_P8,43.66522,-91.25558,,3.0,0.5,Transceiver,VR2TX,NOT USED,A69-1601-62602,,,,,STATION,"687_P8",POINT (-91.25558 43.66522),|Added this deploy record for RAFT format
"2025-03-12",TRANSMITTER,USFWS,FWSLAX,"687_P8-VR2TX-489353-A69-1601-62602-2023-07-27T19",2023-07-27 19:27:00.000,2023-09-25 23:18:00.000,UTC,STATION:687_P8,43.66522,-91.25558,,3.0,0.5,Transceiver,VR2TX,NOT USED,A69-1601-62602,,,,,STATION,"687_P8",POINT (-91.25558 43.66522),"Rebar is very bent|Added this deploy record for RAFT format, Rebar is very bent"
"2025-03-12",TRANSMITTER,USFWS,FWSLAX,"679_P9-VR2TX-481460-A69-1601-63460-2022-06-16T19",2022-06-16 19:58:00.000,2022-07-27 01:55:00.000,UTC,STATION:679_P9,43.56338,-91.23639,,,,Transceiver,VR2TX,NOT USED,A69-1601-63460,,,,,STATION,"679_P9",POINT (-91.23639 43.56338),|Added this deploy record for RAFT format
"2025-03-12",TRANSMITTER,USFWS,FWSLAX,"687_P8-VR2TX-489353-A69-1601-62602-2023-09-25T23",2023-09-25 23:23:00.000,2023-11-03 00:29:00.000,UTC,STATION:687_P8,43.66522,-91.25558,,3.0,0.5,Transceiver,VR2TX,NOT USED,A69-1601-62602,,,,,STATION,"687_P8",POINT (-91.25558 43.66522),"Receiver mount was badly damaged. Appears to have been impacted by large debris or a vessel.|Added this deploy record for RAFT format, Receiver mount was badly damaged. Appears to have been impacted by large debris or a vessel."
"2025-03-12",TRANSMITTER,USFWS,FWSLAX,"701B-P8-VR2TX-480756-A69-1601-62756-2020-06-26T02",2020-06-26 02:20:00.000,2020-08-04 00:33:00.000,UTC,STATION:701B-P8,43.85366,-91.30065,,1.0,1.0,Transceiver,VR2TX,NOT USED,A69-1601-62756,,,,,STATION,"701B-P8",POINT (-91.30065 43.85366),"Tied to root, Covered in zebra mussels"
"2025-03-12",TRANSMITTER,USFWS,FWSLAX,"7025_P7-VR2TX-485277-A69-1601-62747-2022-04-27T18",2022-04-27 18:47:00.000,2022-06-24 20:20:00.000,UTC,STATION:7025_P7,43.87294,-91.31837,,2.0,2.0,Transceiver,VR2TX,NOT USED,A69-1601-62747,,,,,STATION,"7025_P7",POINT (-91.31837 43.87294),New deployment Location
"2025-03-12",TRANSMITTER,USFWS,FWSLAX,"709A-P7-VR2TX-480769-A69-1601-62769-2020-06-25T00",2020-06-25 00:08:00.000,2020-08-03 23:21:00.000,UTC,STATION:709A-P7,43.93949,-91.36509,,1.0,1.0,Transceiver,VR2TX,NOT USED,A69-1601-62769,,,,,STATION,"709A-P7",POINT (-91.36509 43.93949),""
"2025-03-12",TRANSMITTER,USFWS,FWSLAX,"701B-P8-VR2TX-480756-A69-1601-62756-2020-08-04T00",2020-08-04 00:38:00.000,2020-09-24 18:57:00.000,UTC,STATION:701B-P8,43.85366,-91.30065,,1.0,1.0,Transceiver,VR2TX,NOT USED,A69-1601-62756,,,,,STATION,"701B-P8",POINT (-91.30065 43.85366),|Added this deploy record for RAFT format
"2025-03-12",TRANSMITTER,USFWS,FWSLAX,"701B-P8-VR2TX-480756-A69-1601-62756-2020-09-24T19",2020-09-24 19:02:00.000,2020-12-02 20:12:00.000,UTC,STATION:701B-P8,43.85366,-91.30065,,1.0,1.0,Transceiver,VR2TX,NOT USED,A69-1601-62756,,,,,STATION,"701B-P8",POINT (-91.30065 43.85366),|Added this deploy record for RAFT format
"2025-03-12",TRANSMITTER,USFWS,FWSLAX,"709A-P7-VR2TX-480769-A69-1601-62769-2020-08-03T23",2020-08-03 23:26:00.000,2020-09-24 23:36:00.000,UTC,STATION:709A-P7,43.93949,-91.36509,,1.0,1.0,Transceiver,VR2TX,NOT USED,A69-1601-62769,,,,,STATION,"709A-P7",POINT (-91.36509 43.93949),|Added this deploy record for RAFT format
"2025-03-12",TRANSMITTER,USFWS,FWSLAX,"709A-P7-VR2TX-480769-A69-1601-62769-2020-09-24T23",2020-09-24 23:41:00.000,2020-12-01 00:00:01.000,UTC,STATION:709A-P7,43.93949,-91.36509,,1.0,1.0,Transceiver,VR2TX,NOT USED,A69-1601-62769,,,,,STATION,"709A-P7",POINT (-91.36509 43.93949),|Added this deploy record for RAFT format
"2025-03-12",TRANSMITTER,USFWS,FWSLAX,"7025_P7-VR2TX-485277-A69-1601-62747-2022-07-27T00",2022-07-27 00:01:00.000,2022-10-28 00:44:00.000,UTC,STATION:7025_P7,43.87294,-91.31837,,2.0,2.0,Transceiver,VR2TX,NOT USED,A69-1601-62747,,,,,STATION,"7025_P7",POINT (-91.31837 43.87294),|Added this deploy record for RAFT format
"2025-03-12",TRANSMITTER,USFWS,FWSLAX,"7025_P7-VR2TX-485277-A69-1601-62747-2022-10-28T00",2022-10-28 00:49:00.000,2023-03-28 01:58:00.000,UTC,STATION:7025_P7,43.87294,-91.31837,,2.0,2.0,Transceiver,VR2TX,NOT USED,A69-1601-62747,,,,,STATION,"7025_P7",POINT (-91.31837 43.87294),|Added this deploy record for RAFT format
"2025-03-12",TRANSMITTER,USFWS,FWSLAX,"7025_P7-VR2TX-485277-A69-1601-62747-2023-03-28T02",2023-03-28 02:03:00.000,2023-05-31 23:10:00.000,UTC,STATION:7025_P7,43.87294,-91.31837,,2.0,2.0,Transceiver,VR2TX,NOT USED,A69-1601-62747,,,,,STATION,"7025_P7",POINT (-91.31837 43.87294),|Added this deploy record for RAFT format
"2025-03-12",TRANSMITTER,USFWS,FWSLAX,"7025_P7-VR2TX-485277-A69-1601-62747-2023-07-24T21",2023-07-24 21:56:00.000,2023-09-25 20:11:00.000,UTC,STATION:7025_P7,43.87294,-91.31837,,2.0,2.0,Transceiver,VR2TX,NOT USED,A69-1601-62747,,,,,STATION,"7025_P7",POINT (-91.31837 43.87294),|Added this deploy record for RAFT format
"2025-03-12",TRANSMITTER,USFWS,FWSLAX,"7025_P7-VR2TX-485277-A69-1601-62747-2023-09-25T20",2023-09-25 20:16:00.000,2023-10-02 23:50:00.000,UTC,STATION:7025_P7,43.87294,-91.31837,,2.0,2.0,Transceiver,VR2TX,NOT USED,A69-1601-62747,,,,,STATION,"7025_P7",POINT (-91.31837 43.87294),|Added this deploy record for RAFT format
"2025-03-12",TRANSMITTER,USFWS,FWSLAX,"7025_P7-VR2TX-485277-A69-1601-62747-2023-05-31T23",2023-05-31 23:15:00.000,2023-07-24 21:51:00.000,UTC,STATION:7025_P7,43.87294,-91.31837,,2.0,2.0,Transceiver,VR2TX,NOT USED,A69-1601-62747,,,,,STATION,"7025_P7",POINT (-91.31837 43.87294),|Added this deploy record for RAFT format
"2025-03-12",TRANSMITTER,USFWS,FWSLAX,"7145_P6-VR2TX-480764-A69-1601-62764-2022-04-28T20",2022-04-28 20:38:00.000,2022-06-02 00:44:00.000,UTC,STATION:7145_P6,43.99765,-91.44281,,2.0,2.0,Transceiver,VR2TX,NOT USED,A69-1601-62764,,,,,STATION,"7145_P6",POINT (-91.44281 43.99765),Post hoc record
"2025-03-12",TRANSMITTER,USFWS,FWSLAX,"7145_P6-VR2TX-480764-A69-1601-62764-2022-06-02T00",2022-06-02 00:49:00.000,2022-06-24 21:06:00.000,UTC,STATION:7145_P6,43.99765,-91.44281,,2.0,2.0,Transceiver,VR2TX,NOT USED,A69-1601-62764,,,,,STATION,"7145_P6",POINT (-91.44281 43.99765),|Added this deploy record for RAFT format
"2025-03-12",TRANSMITTER,USFWS,FWSLAX,"7145_P6-VR2TX-480764-A69-1601-62764-2022-10-27T00",2022-10-27 00:26:00.000,2023-07-24 23:01:00.000,UTC,STATION:7145_P6,43.99765,-91.44281,,2.0,2.0,Transceiver,VR2TX,NOT USED,A69-1601-62764,,,,,STATION,"7145_P6",POINT (-91.44281 43.99765),|Added this deploy record for RAFT format
"2025-03-12",TRANSMITTER,USFWS,FWSLAX,"7145_P6-VR2TX-480764-A69-1601-62764-2023-07-24T23",2023-07-24 23:06:00.000,2023-10-03 00:42:00.000,UTC,STATION:7145_P6,43.99765,-91.44281,,2.0,2.0,Transceiver,VR2TX,NOT USED,A69-1601-62764,,,,,STATION,"7145_P6",POINT (-91.44281 43.99765),|Added this deploy record for RAFT format
"2025-03-12",TRANSMITTER,USFWS,FWSLAX,"7145_P6-VR2TX-480764-A69-1601-62764-2022-06-24T21",2022-06-24 21:11:00.000,2022-07-26 22:02:00.000,UTC,STATION:7145_P6,43.99765,-91.44281,,2.0,2.0,Transceiver,VR2TX,NOT USED,A69-1601-62764,,,,,STATION,"7145_P6",POINT (-91.44281 43.99765),|Added this deploy record for RAFT format
"2025-03-12",TRANSMITTER,USFWS,FWSLAX,"730_P5A-VR2TX-487011-A69-1601-63938-2022-04-27T22",2022-04-27 22:54:00.000,2022-06-01 23:00:00.000,UTC,STATION:730_P5A,44.09903,-91.6904,,2.0,2.0,Transceiver,VR2TX,NOT USED,A69-1601-63938,,,,,STATION,"730_P5A",POINT (-91.6904 44.09903),"New deployment, The receiver and the buoy on which it was mounted are missing. Post-hoc record."
"2025-03-12",TRANSMITTER,USFWS,FWSLAX,"730_P5A-VR2TX-487011-A69-1601-63938-2022-10-26T22",2022-10-26 22:41:00.000,2023-03-27 20:39:00.000,UTC,STATION:730_P5A,44.09903,-91.6904,,2.0,2.0,Transceiver,VR2TX,NOT USED,A69-1601-63938,,,,,STATION,"730_P5A",POINT (-91.6904 44.09903),""
"2025-03-12",TRANSMITTER,USFWS,FWSLAX,"730_P5A-VR2TX-487011-A69-1601-63938-2023-05-31T01",2023-05-31 01:52:00.000,2023-07-25 00:41:00.000,UTC,STATION:730_P5A,44.09903,-91.6904,,2.0,2.0,Transceiver,VR2TX,NOT USED,A69-1601-63938,,,,,STATION,"730_P5A",POINT (-91.6904 44.09903),|Added this deploy record for RAFT format
"2025-03-12",TRANSMITTER,USFWS,FWSLAX,"730_P5A-VR2TX-487011-A69-1601-63938-2023-07-25T00",2023-07-25 00:46:00.000,2023-10-02 21:05:00.000,UTC,STATION:730_P5A,44.09903,-91.6904,,2.0,2.0,Transceiver,VR2TX,NOT USED,A69-1601-63938,,,,,STATION,"730_P5A",POINT (-91.6904 44.09903),|Added this deploy record for RAFT format
"2025-03-12",TRANSMITTER,USFWS,FWSLAX,BLACKRIVCONF_P8-VR2TX-480756-A69-1601-62756-2021-03-31T20,2021-03-31 20:58:00.000,2021-04-28 19:21:00.000,UTC,STATION:BLACKRIVCONF_P8,43.82846,-91.25887,,,1.0,Transceiver,VR2TX,NOT USED,A69-1601-62756,,,,,STATION,BLACKRIVCONF_P8,POINT (-91.25887 43.82846),East side of power plant
"2025-03-12",TRANSMITTER,USFWS,FWSLAX,BLACKRIVCONF_P8-VR2TX-480756-A69-1601-62756-2021-04-28T19,2021-04-28 19:26:00.000,2021-06-09 00:50:00.000,UTC,STATION:BLACKRIVCONF_P8,43.82846,-91.25887,,,1.0,Transceiver,VR2TX,NOT USED,A69-1601-62756,,,,,STATION,BLACKRIVCONF_P8,POINT (-91.25887 43.82846),|Added this deploy record for RAFT format
"2025-03-12",TRANSMITTER,USFWS,FWSLAX,BLACKRIVCONF_P8-VR2TX-480756-A69-1601-62756-2021-06-09T00,2021-06-09 00:55:00.000,2021-07-13 23:48:00.000,UTC,STATION:BLACKRIVCONF_P8,43.82846,-91.25887,,,1.0,Transceiver,VR2TX,NOT USED,A69-1601-62756,,,,,STATION,BLACKRIVCONF_P8,POINT (-91.25887 43.82846),|Added this deploy record for RAFT format
"2025-03-12",TRANSMITTER,USFWS,FWSLAX,BLACKRIVCONF_P8-VR2TX-480756-A69-1601-62756-2021-07-13T23,2021-07-13 23:53:00.000,2021-09-09 00:30:00.000,UTC,STATION:BLACKRIVCONF_P8,43.82846,-91.25887,,,1.0,Transceiver,VR2TX,NOT USED,A69-1601-62756,,,,,STATION,BLACKRIVCONF_P8,POINT (-91.25887 43.82846),|Added this deploy record for RAFT format
"2025-03-12",TRANSMITTER,USFWS,FWSLAX,BLACKRIVCONF_P8-VR2TX-480756-A69-1601-62756-2021-10-22T22,2021-10-22 22:01:00.000,2021-11-23 00:44:00.000,UTC,STATION:BLACKRIVCONF_P8,43.82846,-91.25887,,,1.0,Transceiver,VR2TX,NOT USED,A69-1601-62756,,,,,STATION,BLACKRIVCONF_P8,POINT (-91.25887 43.82846),|Added this deploy record for RAFT format
"2025-03-12",TRANSMITTER,USFWS,FWSLAX,BLACKRIVCONF_P8-VR2TX-480756-A69-1601-62756-2021-11-23T00,2021-11-23 00:49:00.000,2022-03-23 23:40:00.000,UTC,STATION:BLACKRIVCONF_P8,43.82846,-91.25887,,,1.0,Transceiver,VR2TX,NOT USED,A69-1601-62756,,,,,STATION,BLACKRIVCONF_P8,POINT (-91.25887 43.82846),|Added this deploy record for RAFT format
"2025-03-12",TRANSMITTER,USFWS,FWSLAX,BLACKRIVCONF_P8-VR2TX-480756-A69-1601-62756-2022-05-18T00,2022-05-18 00:52:00.000,2022-06-16 23:30:00.000,UTC,STATION:BLACKRIVCONF_P8,43.82846,-91.25887,,,1.0,Transceiver,VR2TX,NOT USED,A69-1601-62756,,,,,STATION,BLACKRIVCONF_P8,POINT (-91.25887 43.82846),|Added this deploy record for RAFT format
"2025-03-12",TRANSMITTER,USFWS,FWSLAX,BLACKRIVCONF_P8-VR2TX-480756-A69-1601-62756-2022-06-16T23,2022-06-16 23:35:00.000,2022-07-25 23:34:00.000,UTC,STATION:BLACKRIVCONF_P8,43.82846,-91.25887,,,1.0,Transceiver,VR2TX,NOT USED,A69-1601-62756,,,,,STATION,BLACKRIVCONF_P8,POINT (-91.25887 43.82846),"No new detections recorded. No vrl download|Added this deploy record for RAFT format, No new detections recorded. No vrl download"
"2025-03-12",TRANSMITTER,USFWS,FWSLAX,BLACKRIVCONF_P8-VR2TX-480756-A69-1601-62756-2022-07-25T23,2022-07-25 23:39:00.000,2022-11-17 21:54:00.000,UTC,STATION:BLACKRIVCONF_P8,43.82846,-91.25887,,,1.0,Transceiver,VR2TX,NOT USED,A69-1601-62756,,,,,STATION,BLACKRIVCONF_P8,POINT (-91.25887 43.82846),"No detections|Added this deploy record for RAFT format, No detections"
"2025-03-12",TRANSMITTER,USFWS,FWSLAX,BLACKRIVCONF_P8-VR2TX-480756-A69-1601-62756-2023-06-01T01,2023-06-01 01:17:00.000,2023-07-27 20:30:00.000,UTC,STATION:BLACKRIVCONF_P8,43.82846,-91.25887,,,1.0,Transceiver,VR2TX,NOT USED,A69-1601-62756,,,,,STATION,BLACKRIVCONF_P8,POINT (-91.25887 43.82846),|Added this deploy record for RAFT format
"2025-03-12",TRANSMITTER,USFWS,FWSLAX,BLACKRIVCONF_P8-VR2TX-480756-A69-1601-62756-2023-07-27T20,2023-07-27 20:35:00.000,2023-09-25 21:51:00.000,UTC,STATION:BLACKRIVCONF_P8,43.82846,-91.25887,,,1.0,Transceiver,VR2TX,NOT USED,A69-1601-62756,,,,,STATION,BLACKRIVCONF_P8,POINT (-91.25887 43.82846),|Added this deploy record for RAFT format
"2025-03-12",TRANSMITTER,USFWS,FWSLAX,IOWA29-VR2TX-480770-A69-1601-62770-2018-08-01T17,2018-08-01 17:05:00.000,2018-11-28 18:00:00.000,UTC,STATION:IOWA29,41.28342,-91.34963,,,,Transceiver,VR2TX,NOT USED,A69-1601-62770,,,,,STATION,IOWA29,POINT (-91.34963 41.28342),|Added this deploy record for RAFT format
"2025-03-12",TRANSMITTER,USFWS,FWSLAX,BLACKRIVCONF_P8-VR2TX-480756-A69-1601-62756-2023-03-28T21,2023-03-28 21:08:00.000,2023-06-01 01:12:00.000,UTC,STATION:BLACKRIVCONF_P8,43.82846,-91.25887,,,1.0,Transceiver,VR2TX,NOT USED,A69-1601-62756,,,,,STATION,BLACKRIVCONF_P8,POINT (-91.25887 43.82846),|Added this deploy record for RAFT format
"2025-03-12",TRANSMITTER,USFWS,FWSLAX,CEDAR31-VR2TX-480752-A69-1601-62752-2017-04-18T17,2017-04-18 17:00:00.000,2017-05-16 17:00:00.000,UTC,STATION:CEDAR31,41.5779,-91.08649,,,,Transceiver,VR2TX,NOT USED,A69-1601-62752,,,,,STATION,CEDAR31,POINT (-91.08649 41.5779),""
"2025-03-12",TRANSMITTER,USFWS,FWSLAX,CEDAR31-VR2TX-480762-A69-1601-62762-2019-04-12T22,2019-04-12 22:33:00.000,2019-08-15 19:08:00.000,UTC,STATION:CEDAR31,41.57772,-91.08649,,1.0,1.0,Transceiver,VR2TX,NOT USED,A69-1601-62762,,,,,STATION,CEDAR31,POINT (-91.08649 41.57772),""
"2025-03-12",TRANSMITTER,USFWS,FWSLAX,CHIPPEWA CARYVILLE-VR2TX-480754-A69-1601-62754-2017-05-04T17,2017-05-04 17:00:00.000,2017-08-02 17:00:00.000,UTC,STATION:CHIPPEWA CARYVILLE,44.74535,-91.69689,,,,Transceiver,VR2TX,NOT USED,A69-1601-62754,,,,,STATION,CHIPPEWA CARYVILLE,POINT (-91.69689 44.74535),""
"2025-03-12",TRANSMITTER,USFWS,FWSLAX,CEDAR31-VR2TX-480752-A69-1601-62752-2017-05-16T17,2017-05-16 17:05:00.000,2017-06-21 17:00:00.000,UTC,STATION:CEDAR31,41.5779,-91.08649,,,,Transceiver,VR2TX,NOT USED,A69-1601-62752,,,,,STATION,CEDAR31,POINT (-91.08649 41.5779),|Added this deploy record for RAFT format
"2025-03-12",TRANSMITTER,USFWS,FWSLAX,CEDAR31-VR2TX-480752-A69-1601-62752-2017-06-21T17,2017-06-21 17:05:00.000,2017-11-16 18:00:00.000,UTC,STATION:CEDAR31,41.5779,-91.08649,,,,Transceiver,VR2TX,NOT USED,A69-1601-62752,,,,,STATION,CEDAR31,POINT (-91.08649 41.5779),|Added this deploy record for RAFT format
"2025-03-12",TRANSMITTER,USFWS,FWSLAX,CEDAR31-VR2TX-480752-A69-1601-62752-2017-11-16T18,2017-11-16 18:05:00.000,2018-03-15 17:00:00.000,UTC,STATION:CEDAR31,41.5779,-91.08649,,,,Transceiver,VR2TX,NOT USED,A69-1601-62752,,,,,STATION,CEDAR31,POINT (-91.08649 41.5779),|Added this deploy record for RAFT format
"2025-03-12",TRANSMITTER,USFWS,FWSLAX,CEDAR31-VR2TX-480752-A69-1601-62752-2018-08-01T17,2018-08-01 17:05:00.000,2018-11-28 18:00:00.000,UTC,STATION:CEDAR31,41.5779,-91.08649,,,,Transceiver,VR2TX,NOT USED,A69-1601-62752,,,,,STATION,CEDAR31,POINT (-91.08649 41.5779),|Added this deploy record for RAFT format
"2025-03-12",TRANSMITTER,USFWS,FWSLAX,CHIPPEWA CARYVILLE-VR2TX-480754-A69-1601-62754-2017-08-02T17,2017-08-02 17:05:00.000,2017-11-03 17:00:00.000,UTC,STATION:CHIPPEWA CARYVILLE,44.74535,-91.69689,,,,Transceiver,VR2TX,NOT USED,A69-1601-62754,,,,,STATION,CHIPPEWA CARYVILLE,POINT (-91.69689 44.74535),|Added this deploy record for RAFT format
"2025-03-12",TRANSMITTER,USFWS,FWSLAX,CHIPPEWA CARYVILLE-VR2TX-480754-A69-1601-62754-2017-11-03T17,2017-11-03 17:05:00.000,2018-05-22 17:00:00.000,UTC,STATION:CHIPPEWA CARYVILLE,44.74535,-91.69689,,,,Transceiver,VR2TX,NOT USED,A69-1601-62754,,,,,STATION,CHIPPEWA CARYVILLE,POINT (-91.69689 44.74535),|Added this deploy record for RAFT format
"2025-03-12",TRANSMITTER,USFWS,FWSLAX,CEDAR31-VR2TX-480762-A69-1601-62762-2019-08-15T19,2019-08-15 19:13:00.000,2019-10-02 16:29:00.000,UTC,STATION:CEDAR31,41.57772,-91.08649,,1.0,1.0,Transceiver,VR2TX,NOT USED,A69-1601-62762,,,,,STATION,CEDAR31,POINT (-91.08649 41.57772),|Added this deploy record for RAFT format
"2025-03-12",TRANSMITTER,USFWS,FWSLAX,CEDAR31-VR2TX-480752-A69-1601-62752-2018-03-15T17,2018-03-15 17:05:00.000,2018-06-13 17:00:00.000,UTC,STATION:CEDAR31,41.5779,-91.08649,,,,Transceiver,VR2TX,NOT USED,A69-1601-62752,,,,,STATION,CEDAR31,POINT (-91.08649 41.5779),|Added this deploy record for RAFT format
"2025-03-12",TRANSMITTER,USFWS,FWSLAX,ENGLISH1-VR2TX-480765-A69-1601-62765-2019-04-10T16,2019-04-10 16:13:00.000,2019-08-14 20:31:00.000,UTC,STATION:ENGLISH1,41.4872,-91.50579,,2.5,2.5,Transceiver,VR2TX,NOT USED,A69-1601-62765,,,,,STATION,ENGLISH1,POINT (-91.50579 41.4872),""
"2025-03-12",TRANSMITTER,USFWS,FWSLAX,IOWA16-VR2TX-481464-A69-1601-63464-2019-04-10T18,2019-04-10 18:00:00.000,2019-08-14 18:39:00.000,UTC,STATION:IOWA16,41.17879,-91.18201,,3.0,3.0,Transceiver,VR2TX,NOT USED,A69-1601-63464,,,,,STATION,IOWA16,POINT (-91.18201 41.17879),""
"2025-03-12",TRANSMITTER,USFWS,FWSLAX,IOWA29-VR2TX-480770-A69-1601-62770-2017-04-18T17,2017-04-18 17:00:00.000,2017-05-16 17:00:00.000,UTC,STATION:IOWA29,41.28342,-91.34963,,,,Transceiver,VR2TX,NOT USED,A69-1601-62770,,,,,STATION,IOWA29,POINT (-91.34963 41.28342),""
"2025-03-12",TRANSMITTER,USFWS,FWSLAX,IOWA53-VR2TX-480766-A69-1601-62766-2019-04-10T16,2019-04-10 16:13:00.000,2019-08-14 20:31:00.000,UTC,STATION:IOWA53,41.484,-91.50285,,2.0,2.0,Transceiver,VR2TX,NOT USED,A69-1601-62766,,,,,STATION,IOWA53,POINT (-91.50285 41.484),""
"2025-03-12",TRANSMITTER,USFWS,FWSLAX,KIWANIS_P6-VR2TX-480759-A69-1601-62759-2022-10-27T21,2022-10-27 21:26:00.000,2023-03-27 21:45:00.000,UTC,STATION:KIWANIS_P6,44.0793,-91.67932,,4.0,4.0,Transceiver,VR2TX,NOT USED,A69-1601-62759,,,,,STATION,KIWANIS_P6,POINT (-91.67932 44.0793),""
"2025-03-12",TRANSMITTER,USFWS,FWSLAX,IOWA29-VR2TX-480770-A69-1601-62770-2017-06-21T17,2017-06-21 17:05:00.000,2017-07-20 17:00:00.000,UTC,STATION:IOWA29,41.28342,-91.34963,,,,Transceiver,VR2TX,NOT USED,A69-1601-62770,,,,,STATION,IOWA29,POINT (-91.34963 41.28342),|Added this deploy record for RAFT format
"2025-03-12",TRANSMITTER,USFWS,FWSLAX,IOWA29-VR2TX-480770-A69-1601-62770-2017-07-20T17,2017-07-20 17:05:00.000,2018-03-15 17:00:00.000,UTC,STATION:IOWA29,41.28342,-91.34963,,,,Transceiver,VR2TX,NOT USED,A69-1601-62770,,,,,STATION,IOWA29,POINT (-91.34963 41.28342),|Added this deploy record for RAFT format
"2025-03-12",TRANSMITTER,USFWS,FWSLAX,IOWA29-VR2TX-480770-A69-1601-62770-2018-06-12T17,2018-06-12 17:05:00.000,2018-08-01 17:00:00.000,UTC,STATION:IOWA29,41.28342,-91.34963,,,,Transceiver,VR2TX,NOT USED,A69-1601-62770,,,,,STATION,IOWA29,POINT (-91.34963 41.28342),|Added this deploy record for RAFT format
"2025-03-12",TRANSMITTER,USFWS,FWSLAX,KIWANIS_P6-VR2TX-480759-A69-1601-62759-2023-03-27T21,2023-03-27 21:50:00.000,2023-05-31 20:30:00.000,UTC,STATION:KIWANIS_P6,44.0793,-91.67932,,4.0,4.0,Transceiver,VR2TX,NOT USED,A69-1601-62759,,,,,STATION,KIWANIS_P6,POINT (-91.67932 44.0793),|Added this deploy record for RAFT format
"2025-03-12",TRANSMITTER,USFWS,FWSLAX,KIWANIS_P6-VR2TX-480759-A69-1601-62759-2023-05-31T20,2023-05-31 20:35:00.000,2023-07-25 01:21:00.000,UTC,STATION:KIWANIS_P6,44.0793,-91.67932,,4.0,4.0,Transceiver,VR2TX,NOT USED,A69-1601-62759,,,,,STATION,KIWANIS_P6,POINT (-91.67932 44.0793),|Added this deploy record for RAFT format
"2025-03-12",TRANSMITTER,USFWS,FWSLAX,KIWANIS_P6-VR2TX-480759-A69-1601-62759-2023-07-25T01,2023-07-25 01:26:00.000,2023-10-02 21:58:00.000,UTC,STATION:KIWANIS_P6,44.0793,-91.67932,,4.0,4.0,Transceiver,VR2TX,NOT USED,A69-1601-62759,,,,,STATION,KIWANIS_P6,POINT (-91.67932 44.0793),|Added this deploy record for RAFT format
"2025-03-12",TRANSMITTER,USFWS,FWSLAX,IOWA53-VR2TX-480766-A69-1601-62766-2019-08-14T20,2019-08-14 20:36:00.000,2019-10-02 15:25:00.000,UTC,STATION:IOWA53,41.484,-91.50285,,2.0,2.0,Transceiver,VR2TX,NOT USED,A69-1601-62766,,,,,STATION,IOWA53,POINT (-91.50285 41.484),|Added this deploy record for RAFT format
"2025-03-12",TRANSMITTER,USFWS,FWSLAX,IOWA29-VR2TX-480770-A69-1601-62770-2018-03-15T17,2018-03-15 17:05:00.000,2018-06-12 17:00:00.000,UTC,STATION:IOWA29,41.28342,-91.34963,,,,Transceiver,VR2TX,NOT USED,A69-1601-62770,,,,,STATION,IOWA29,POINT (-91.34963 41.28342),|Added this deploy record for RAFT format
"2025-03-12",TRANSMITTER,USFWS,FWSLAX,LD12-1-VR2TX-480759-A69-1601-62759-2019-07-16T18,2019-07-16 18:48:00.000,2019-08-21 14:16:00.000,UTC,STATION:LD12-1,42.27057,-90.40795,,3.0,3.0,Transceiver,VR2TX,NOT USED,A69-1601-62759,,,,,STATION,LD12-1,POINT (-90.40795 42.27057),""
"2025-03-12",TRANSMITTER,USFWS,FWSLAX,LD12-2-VR2TX-480760-A69-1601-62760-2019-07-16T19,2019-07-16 19:11:00.000,2019-08-21 13:17:00.000,UTC,STATION:LD12-2,42.26565,-90.42535,,3.5,3.5,Transceiver,VR2TX,NOT USED,A69-1601-62760,,,,,STATION,LD12-2,POINT (-90.42535 42.26565),""
"2025-03-12",TRANSMITTER,USFWS,FWSLAX,LD13-1-VR2TX-481460-A69-1601-63460-2019-07-18T13,2019-07-18 13:15:00.000,2019-08-21 17:08:00.000,UTC,STATION:LD13-1,41.90514,-90.15138,,3.0,3.0,Transceiver,VR2TX,NOT USED,A69-1601-63460,,,,,STATION,LD13-1,POINT (-90.15138 41.90514),"Receiver mount badly damaged, receiver removed on 21 Aug 2020"
"2025-03-12",TRANSMITTER,USFWS,FWSLAX,LD13-2-VR2TX-480770-A69-1601-62770-2019-07-18T13,2019-07-18 13:03:00.000,2019-08-21 17:22:00.000,UTC,STATION:LD13-2,41.9001,-90.16129,,3.0,3.0,Transceiver,VR2TX,NOT USED,A69-1601-62770,,,,,STATION,LD13-2,POINT (-90.16129 41.9001),""
"2025-03-12",TRANSMITTER,USFWS,FWSLAX,LOCK14-AUXCHANNEL-VR2TX-481465-A69-1601-63465-2019-07-17T16,2019-07-17 16:37:00.000,2019-08-15 17:28:00.000,UTC,STATION:LOCK14-AUXCHANNEL,41.57931,-90.39893,,3.0,3.0,Transceiver,VR2TX,NOT USED,A69-1601-63465,,,,,STATION,LOCK14-AUXCHANNEL,POINT (-90.39893 41.57931),""
"2025-03-12",TRANSMITTER,USFWS,FWSLAX,LOCK14-AUXCHANNEL-VR2TX-481465-A69-1601-63465-2019-10-03T19,2019-10-03 19:36:00.000,2021-05-24 12:00:00.000,UTC,STATION:LOCK14-AUXCHANNEL,41.57931,-90.39893,,3.0,3.0,Transceiver,VR2TX,NOT USED,A69-1601-63465,,,,,STATION,LOCK14-AUXCHANNEL,POINT (-90.39893 41.57931),""
"2025-03-12",TRANSMITTER,USFWS,FWSLAX,LOCK19-VR2TX-481457-A69-1601-63457-2019-07-11T19,2019-07-11 19:48:00.000,2019-08-13 15:07:00.000,UTC,STATION:LOCK19,40.40384,-91.36559,,3.0,3.0,Transceiver,VR2TX,NOT USED,A69-1601-63457,,,,,STATION,LOCK19,POINT (-91.36559 40.40384),""
"2025-03-12",TRANSMITTER,USFWS,FWSLAX,LOCK_7-VR2TX-480769-A69-1601-62769-2021-03-31T19,2021-03-31 19:41:00.000,2021-04-29 19:29:00.000,UTC,STATION:LOCK_7,43.86733,-91.31138,,6.0,1.0,Transceiver,VR2TX,NOT USED,A69-1601-62769,,,,,STATION,LOCK_7,POINT (-91.31138 43.86733),No detections
"2025-03-12",TRANSMITTER,USFWS,FWSLAX,LD12-2-VR2TX-480760-A69-1601-62760-2019-08-21T13,2019-08-21 13:22:00.000,2019-10-04 15:48:00.000,UTC,STATION:LD12-2,42.26565,-90.42535,,3.5,3.5,Transceiver,VR2TX,NOT USED,A69-1601-62760,,,,,STATION,LD12-2,POINT (-90.42535 42.26565),|Added this deploy record for RAFT format
"2025-03-12",TRANSMITTER,USFWS,FWSLAX,LD13-2-VR2TX-480770-A69-1601-62770-2019-08-21T17,2019-08-21 17:27:00.000,2019-10-03 21:59:00.000,UTC,STATION:LD13-2,41.9001,-90.16129,,3.0,3.0,Transceiver,VR2TX,NOT USED,A69-1601-62770,,,,,STATION,LD13-2,POINT (-90.16129 41.9001),|Added this deploy record for RAFT format
"2025-03-12",TRANSMITTER,USFWS,FWSLAX,LOCK19-VR2TX-481457-A69-1601-63457-2019-08-13T15,2019-08-13 15:12:00.000,2019-10-01 14:06:00.000,UTC,STATION:LOCK19,40.40384,-91.36559,,3.0,3.0,Transceiver,VR2TX,NOT USED,A69-1601-63457,,,,,STATION,LOCK19,POINT (-91.36559 40.40384),|Added this deploy record for RAFT format
"2025-03-12",TRANSMITTER,USFWS,FWSLAX,LOCK19-VR2TX-481457-A69-1601-63457-2019-10-01T14,2019-10-01 14:11:00.000,2019-11-20 16:04:00.000,UTC,STATION:LOCK19,40.40384,-91.36559,,3.0,3.0,Transceiver,VR2TX,NOT USED,A69-1601-63457,,,,,STATION,LOCK19,POINT (-91.36559 40.40384),|Added this deploy record for RAFT format
"2025-03-12",TRANSMITTER,USFWS,FWSLAX,LOCK14-AUXCHANNEL-VR2TX-481465-A69-1601-63465-2019-08-15T17,2019-08-15 17:33:00.000,2019-10-03 19:31:00.000,UTC,STATION:LOCK14-AUXCHANNEL,41.57931,-90.39893,,3.0,3.0,Transceiver,VR2TX,NOT USED,A69-1601-63465,,,,,STATION,LOCK14-AUXCHANNEL,POINT (-90.39893 41.57931),|Added this deploy record for RAFT format
"2025-03-12",TRANSMITTER,USFWS,FWSLAX,LOCK_7-VR2TX-480769-A69-1601-62769-2021-04-29T19,2021-04-29 19:34:00.000,2021-08-11 19:24:00.000,UTC,STATION:LOCK_7,43.86733,-91.31138,,6.0,1.0,Transceiver,VR2TX,NOT USED,A69-1601-62769,,,,,STATION,LOCK_7,POINT (-91.31138 43.86733),|Added this deploy record for RAFT format
"2025-03-12",TRANSMITTER,USFWS,FWSLAX,LOCK_7-VR2TX-480769-A69-1601-62769-2021-08-11T19,2021-08-11 19:29:00.000,2021-10-21 19:19:00.000,UTC,STATION:LOCK_7,43.86733,-91.31138,,6.0,1.0,Transceiver,VR2TX,NOT USED,A69-1601-62769,,,,,STATION,LOCK_7,POINT (-91.31138 43.86733),"Receiver removed because of construction/repairs on lock approach wall.|Added this deploy record for RAFT format, Receiver removed because of construction/repairs on lock approach wall."
"2025-03-12",TRANSMITTER,USFWS,FWSLAX,LD13-2-VR2TX-480770-A69-1601-62770-2019-10-03T22,2019-10-03 22:04:00.000,2021-07-02 18:00:00.000,UTC,STATION:LD13-2,41.9001,-90.16129,,3.0,3.0,Transceiver,VR2TX,NOT USED,A69-1601-62770,,,,,STATION,LD13-2,POINT (-90.16129 41.9001),"Not recovered since October 2019. Battery dead.|Added this deploy record for RAFT format, Not recovered since October 2019. Battery dead."
"2025-03-12",TRANSMITTER,USFWS,FWSLAX,LOW14-2-VR2TX-480767-A69-1601-62767-2019-07-17T19,2019-07-17 19:33:00.000,2019-08-15 17:04:00.000,UTC,STATION:LOW14-2,41.60226,-90.34163,,1.5,1.5,Transceiver,VR2TX,NOT USED,A69-1601-62767,,,,,STATION,LOW14-2,POINT (-90.34163 41.60226),""
"2025-03-12",TRANSMITTER,USFWS,FWSLAX,LOW17-3-VR2TX-481463-A69-1601-63463-2019-07-10T15,2019-07-10 15:52:00.000,2019-08-12 17:00:00.000,UTC,STATION:LOW17-3,41.20738,-91.08788,,,,Transceiver,VR2TX,NOT USED,A69-1601-63463,,,,,STATION,LOW17-3,POINT (-91.08788 41.20738),""
"2025-03-12",TRANSMITTER,USFWS,FWSLAX,LOW18-1-VR2TX-481462-A69-1601-63462-2019-07-11T15,2019-07-11 15:00:00.000,2019-08-14 13:40:00.000,UTC,STATION:LOW18-1,40.89074,-91.00903,,2.0,2.0,Transceiver,VR2TX,NOT USED,A69-1601-63462,,,,,STATION,LOW18-1,POINT (-91.00903 40.89074),""
"2025-03-12",TRANSMITTER,USFWS,FWSLAX,LOW18-3-VR2TX-481459-A69-1601-63459-2019-07-11T20,2019-07-11 20:44:00.000,2019-10-01 20:27:00.000,UTC,STATION:LOW18-3,40.89672,-91.01844,,2.5,2.5,Transceiver,VR2TX,NOT USED,A69-1601-63459,,,,,STATION,LOW18-3,POINT (-91.01844 40.89672),Moved 600 feet NNW from original position because of sedimentation/burying
"2025-03-12",TRANSMITTER,USFWS,FWSLAX,LOW19-2-VR2TX-481461-A69-1601-63461-2019-07-11T20,2019-07-11 20:28:00.000,2019-08-13 15:55:00.000,UTC,STATION:LOW19-2,40.44807,-91.38517,,3.0,3.0,Transceiver,VR2TX,NOT USED,A69-1601-63461,,,,,STATION,LOW19-2,POINT (-91.38517 40.44807),""
"2025-03-12",TRANSMITTER,USFWS,FWSLAX,LOW19-3-VR2TX-480771-A69-1601-62771-2019-07-11T20,2019-07-11 20:41:00.000,2019-08-13 15:32:00.000,UTC,STATION:LOW19-3,40.43792,-91.38749,,1.5,1.5,Transceiver,VR2TX,NOT USED,A69-1601-62771,,,,,STATION,LOW19-3,POINT (-91.38749 40.43792),""
"2025-03-12",TRANSMITTER,USFWS,FWSLAX,LOW14-2-VR2TX-480767-A69-1601-62767-2019-08-15T17,2019-08-15 17:09:00.000,2019-10-03 20:04:00.000,UTC,STATION:LOW14-2,41.60226,-90.34163,,1.5,1.5,Transceiver,VR2TX,NOT USED,A69-1601-62767,,,,,STATION,LOW14-2,POINT (-90.34163 41.60226),|Added this deploy record for RAFT format
"2025-03-12",TRANSMITTER,USFWS,FWSLAX,LOW18-3-VR2TX-481459-A69-1601-63459-2019-10-01T20,2019-10-01 20:32:00.000,2019-11-20 20:57:00.000,UTC,STATION:LOW18-3,40.89672,-91.01844,,2.5,2.5,Transceiver,VR2TX,NOT USED,A69-1601-63459,,,,,STATION,LOW18-3,POINT (-91.01844 40.89672),|Added this deploy record for RAFT format
"2025-03-12",TRANSMITTER,USFWS,FWSLAX,LOW18-3-VR2TX-481459-A69-1601-63459-2019-11-20T21,2019-11-20 21:02:00.000,2021-05-18 21:10:00.000,UTC,STATION:LOW18-3,40.89672,-91.01844,,2.5,2.5,Transceiver,VR2TX,NOT USED,A69-1601-63459,,,,,STATION,LOW18-3,POINT (-91.01844 40.89672),|Added this deploy record for RAFT format
"2025-03-12",TRANSMITTER,USFWS,FWSLAX,LOW18-1-VR2TX-481462-A69-1601-63462-2019-08-14T13,2019-08-14 13:45:00.000,2019-10-01 19:57:00.000,UTC,STATION:LOW18-1,40.89074,-91.00903,,2.0,2.0,Transceiver,VR2TX,NOT USED,A69-1601-63462,,,,,STATION,LOW18-1,POINT (-91.00903 40.89074),|Added this deploy record for RAFT format
"2025-03-12",TRANSMITTER,USFWS,FWSLAX,LOW19-3-VR2TX-480771-A69-1601-62771-2019-08-13T15,2019-08-13 15:37:00.000,2019-10-01 14:45:00.000,UTC,STATION:LOW19-3,40.43792,-91.38749,,1.5,1.5,Transceiver,VR2TX,NOT USED,A69-1601-62771,,,,,STATION,LOW19-3,POINT (-91.38749 40.43792),|Added this deploy record for RAFT format
"2025-03-12",TRANSMITTER,USFWS,FWSLAX,LOW19-2-VR2TX-481461-A69-1601-63461-2019-10-01T15,2019-10-01 15:20:00.000,2019-11-20 17:02:00.000,UTC,STATION:LOW19-2,40.44807,-91.38517,,3.0,3.0,Transceiver,VR2TX,NOT USED,A69-1601-63461,,,,,STATION,LOW19-2,POINT (-91.38517 40.44807),|Added this deploy record for RAFT format
"2025-03-12",TRANSMITTER,USFWS,FWSLAX,LOW19-2-VR2TX-481461-A69-1601-63461-2019-11-20T17,2019-11-20 17:07:00.000,2021-09-24 01:29:00.000,UTC,STATION:LOW19-2,40.44807,-91.38517,,3.0,3.0,Transceiver,VR2TX,NOT USED,A69-1601-63461,,,,,STATION,LOW19-2,POINT (-91.38517 40.44807),"Receiver left in river throughout 2020 because of COVID travel bans. Battery expired during 2020.|Added this deploy record for RAFT format, Receiver left in river throughout 2020 because of COVID travel bans. Battery expired during 2020."
"2025-03-12",TRANSMITTER,USFWS,FWSLAX,LOW18-1-VR2TX-481462-A69-1601-63462-2019-10-01T20,2019-10-01 20:02:00.000,2019-11-20 21:11:00.000,UTC,STATION:LOW18-1,40.89074,-91.00903,,2.0,2.0,Transceiver,VR2TX,NOT USED,A69-1601-63462,,,,,STATION,LOW18-1,POINT (-91.00903 40.89074),|Added this deploy record for RAFT format
"2025-03-12",TRANSMITTER,USFWS,FWSLAX,MAQUOKETA-VR2TX-489356-A69-1601-62605-2023-03-17T01,2023-03-17 01:11:00.000,2023-06-13 21:24:00.000,UTC,STATION:MAQUOKETA,42.18187,-90.3148,,0.0,,Transceiver,VR2TX,NOT USED,A69-1601-62605,,,,,STATION,MAQUOKETA,POINT (-90.3148 42.18187),Receiver was pulled up on shore
"2025-03-12",TRANSMITTER,USFWS,FWSLAX,P13_523-VR2TX-489355-A69-1601-62604-2023-03-16T22,2023-03-16 22:33:00.000,2023-06-13 03:35:00.000,UTC,STATION:P13_523,41.90512,-90.15079,,,,Transceiver,VR2TX,NOT USED,A69-1601-62604,,,,,STATION,P13_523,POINT (-90.15079 41.90512),""
"2025-03-12",TRANSMITTER,USFWS,FWSLAX,P13_523-VR2TX-489355-A69-1601-62604-2023-06-13T03,2023-06-13 03:40:00.000,2023-07-18 22:02:00.000,UTC,STATION:P13_523,41.90512,-90.15079,,,,Transceiver,VR2TX,NOT USED,A69-1601-62604,,,,,STATION,P13_523,POINT (-90.15079 41.90512),|Added this deploy record for RAFT format
"2025-03-12",TRANSMITTER,USFWS,FWSLAX,P13_523-VR2TX-489355-A69-1601-62604-2023-07-18T22,2023-07-18 22:07:00.000,2023-09-26 21:52:00.000,UTC,STATION:P13_523,41.90512,-90.15079,,,,Transceiver,VR2TX,NOT USED,A69-1601-62604,,,,,STATION,P13_523,POINT (-90.15079 41.90512),|Added this deploy record for RAFT format
"2025-03-12",TRANSMITTER,USFWS,FWSLAX,MAQUOKETA-VR2TX-489356-A69-1601-62605-2023-06-13T21,2023-06-13 21:29:00.000,2023-07-19 00:33:00.000,UTC,STATION:MAQUOKETA,42.18187,-90.3148,,0.0,,Transceiver,VR2TX,NOT USED,A69-1601-62605,,,,,STATION,MAQUOKETA,POINT (-90.3148 42.18187),|Added this deploy record for RAFT format
"2025-03-12",TRANSMITTER,USFWS,FWSLAX,ROCK1-VR2TX-481459-A69-1601-63459-2017-11-16T18,2017-11-16 18:00:00.000,2018-06-13 17:00:00.000,UTC,STATION:ROCK1,41.48268,-90.61324,,,,Transceiver,VR2TX,NOT USED,A69-1601-63459,,,,,STATION,ROCK1,POINT (-90.61324 41.48268),""
"2025-03-12",TRANSMITTER,USFWS,FWSLAX,ROCK3-VR2TX-480755-A69-1601-62755-2017-05-17T17,2017-05-17 17:00:00.000,2017-06-21 17:00:00.000,UTC,STATION:ROCK3,41.46061,-90.58545,,3.0,2.4,Transceiver,VR2TX,NOT USED,A69-1601-62755,,,,,STATION,ROCK3,POINT (-90.58545 41.46061),""
"2025-03-12",TRANSMITTER,USFWS,FWSLAX,ROCK1-VR2TX-481459-A69-1601-63459-2018-06-13T17,2018-06-13 17:05:00.000,2018-07-31 17:00:00.000,UTC,STATION:ROCK1,41.48268,-90.61324,,,,Transceiver,VR2TX,NOT USED,A69-1601-63459,,,,,STATION,ROCK1,POINT (-90.61324 41.48268),|Added this deploy record for RAFT format
"2025-03-12",TRANSMITTER,USFWS,FWSLAX,ROCK1-VR2TX-481459-A69-1601-63459-2018-07-31T17,2018-07-31 17:05:00.000,2018-11-28 18:00:00.000,UTC,STATION:ROCK1,41.48268,-90.61324,,,,Transceiver,VR2TX,NOT USED,A69-1601-63459,,,,,STATION,ROCK1,POINT (-90.61324 41.48268),|Added this deploy record for RAFT format
"2025-03-12",TRANSMITTER,USFWS,FWSLAX,TURKEY_P11-VR2TX-489341-A69-1601-62590-2023-04-12T23,2023-04-12 23:00:00.000,2023-06-23 22:22:00.000,UTC,STATION:TURKEY_P11,42.70809,-91.02102,,1.5,,Transceiver,VR2TX,NOT USED,A69-1601-62590,,,,,STATION,TURKEY_P11,POINT (-91.02102 42.70809),Under 1ft of mud
"2025-03-12",TRANSMITTER,USFWS,FWSLAX,TURKEY_P11-VR2TX-489341-A69-1601-62590-2023-06-23T22,2023-06-23 22:24:00.000,2023-09-27 20:19:00.000,UTC,STATION:TURKEY_P11,42.70809,-91.02102,,1.5,,Transceiver,VR2TX,NOT USED,A69-1601-62590,,,,,STATION,TURKEY_P11,POINT (-91.02102 42.70809),""
"2025-03-12",TRANSMITTER,USFWS,FWSLAX,UP15-1-VR2TX-481458-A69-1601-63458-2019-07-17T15,2019-07-17 15:14:00.000,2019-08-15 16:03:00.000,UTC,STATION:UP15-1,41.56473,-90.4077,,2.0,2.0,Transceiver,VR2TX,NOT USED,A69-1601-63458,,,,,STATION,UP15-1,POINT (-90.4077 41.56473),""
"2025-03-12",TRANSMITTER,USFWS,FWSLAX,UP15-1-VR2TX-481458-A69-1601-63458-2019-08-15T16,2019-08-15 16:08:00.000,2019-10-03 18:29:00.000,UTC,STATION:UP15-1,41.56473,-90.4077,,2.0,2.0,Transceiver,VR2TX,NOT USED,A69-1601-63458,,,,,STATION,UP15-1,POINT (-90.4077 41.56473),|Added this deploy record for RAFT format
"2025-03-12",TRANSMITTER,USFWS,FWSLAX,UP15-1-VR2TX-481458-A69-1601-63458-2019-10-03T18,2019-10-03 18:34:00.000,2019-11-21 15:39:00.000,UTC,STATION:UP15-1,41.56473,-90.4077,,2.0,2.0,Transceiver,VR2TX,NOT USED,A69-1601-63458,,,,,STATION,UP15-1,POINT (-90.4077 41.56473),|Added this deploy record for RAFT format
"2025-03-12",TRANSMITTER,USFWS,FWSLAX,UP19-1-VR2TX-480764-A69-1601-62764-2019-05-01T17,2019-05-01 17:00:00.000,2021-05-18 22:55:00.000,UTC,STATION:UP19-1,40.81502,-91.09083,,2.0,2.0,Transceiver,VR2TX,NOT USED,A69-1601-62764,,,,,STATION,UP19-1,POINT (-91.09083 40.81502),"added deploy date, Unrecovered since 2019. Battery dead"
"2025-03-12",TRANSMITTER,USFWS,FWSLAX,WISCONSIN_BRIDGEPORT-VR2TX-484547-A69-1601-62095-2021-04-16T21,2021-04-16 21:48:00.000,2021-10-15 20:37:00.000,UTC,STATION:WISCONSIN_BRIDGEPORT,43.0023,-91.04539,,1.0,1.0,Transceiver,VR2TX,NOT USED,A69-1601-62095,,,,,STATION,WISCONSIN_BRIDGEPORT,POINT (-91.04539 43.0023),""
"2025-03-12",TRANSMITTER,USFWS,FWSLAX,WI_RIVER_PRAIRIEDUSAC-VR2TX-489347-A69-1601-62596-2023-04-14T00,2023-04-14 00:57:00.000,2023-05-19 19:28:00.000,UTC,STATION:WI_RIVER_PRAIRIEDUSAC,43.29163,-89.71763,,7.0,7.0,Transceiver,VR2TX,NOT USED,A69-1601-62596,,,,,STATION,WI_RIVER_PRAIRIEDUSAC,POINT (-89.71763 43.29163),""
"2025-03-12",TRANSMITTER,USFWS,FWSLAX,WR_WOODMAN_LAKE-VR2TX-489346-A69-1601-62595-2023-05-17T21,2023-05-17 21:54:00.000,2023-07-12 21:36:00.000,UTC,STATION:WR_WOODMAN_LAKE,43.10615,-90.79783,,1.0,1.0,Transceiver,VR2TX,NOT USED,A69-1601-62595,,,,,STATION,WR_WOODMAN_LAKE,POINT (-90.79783 43.10615),""
"2025-03-12",TRANSMITTER,USFWS,FWSLAX,WISCONSIN_BRIDGEPORT-VR2TX-484547-A69-1601-62095-2022-06-15T22,2022-06-15 22:35:00.000,2023-07-12 20:26:00.000,UTC,STATION:WISCONSIN_BRIDGEPORT,43.0023,-91.04539,,1.0,1.0,Transceiver,VR2TX,NOT USED,A69-1601-62095,,,,,STATION,WISCONSIN_BRIDGEPORT,POINT (-91.04539 43.0023),|Added this deploy record for RAFT format
"2025-03-12",TRANSMITTER,USFWS,FWSLAX,WI_RIVER_PRAIRIEDUSAC-VR2TX-489347-A69-1601-62596-2023-05-19T19,2023-05-19 19:33:00.000,2023-12-21 23:17:00.000,UTC,STATION:WI_RIVER_PRAIRIEDUSAC,43.29163,-89.71763,,7.0,7.0,Transceiver,VR2TX,NOT USED,A69-1601-62596,,,,,STATION,WI_RIVER_PRAIRIEDUSAC,POINT (-89.71763 43.29163),|Added this deploy record for RAFT format
"2025-03-12",TRANSMITTER,USFWS,FWSLAX,"3625_P20-VR2TX-485278-A69-1601-62748-2021-08-19T05",2021-08-19 05:05:00.000,,UTC,STATION:3625_P20,40.37835,-91.40149,,3.0,3.0,Transceiver,VR2TX,NOT USED,A69-1601-62748,,,,,STATION,"3625_P20",POINT (-91.40149 40.37835),Added this deploy record for RAFT format
"2025-03-12",TRANSMITTER,USFWS,FWSLAX,"1512-VR2TX-480758-A69-1601-62758-2017-03-16T17",2017-03-16 17:05:00.000,2018-03-16 17:05:00.000,UTC,STATION:1512,41.5155,-90.56909,,,,Transceiver,VR2TX,NOT USED,A69-1601-62758,,,,,STATION,"1512",POINT (-90.56909 41.5155),Added this deploy record for RAFT format
"2025-03-12",TRANSMITTER,USFWS,FWSLAX,"367_P19-VR2TX-489350-A69-1601-62599-2023-12-01T22",2023-12-01 22:19:00.000,2023-12-01 22:20:30.000,UTC,STATION:367_P19,40.42466,-91.37545,,3.5,0.5,Transceiver,VR2TX,NOT USED,A69-1601-62599,,,,,STATION,"367_P19",POINT (-91.37545 40.42466),Added this deploy record for RAFT format
"2025-03-12",TRANSMITTER,USFWS,FWSLAX,"494SC_P14-VR2TX-481465-A69-1601-63465-2023-12-08T02",2023-12-08 02:09:00.000,2024-06-18 13:43:47.000,UTC,STATION:494SC_P14,41.57915,-90.39817,,,1.0,Transceiver,VR2TX,NOT USED,A69-1601-63465,,,,,STATION,"494SC_P14",POINT (-90.39817 41.57915),Added this deploy record for RAFT format
"2025-03-12",TRANSMITTER,USFWS,FWSLAX,"5745_P12-VR2TX-484549-A69-1601-62097-2022-07-27T21",2022-07-27 21:03:00.000,2023-08-21 18:31:22.000,UTC,STATION:5745_P12,42.44786,-90.59141,,4.0,0.5,Transceiver,VR2TX,NOT USED,A69-1601-62097,,,,,STATION,"5745_P12",POINT (-90.59141 42.44786),Added this deploy record for RAFT format
"2025-03-12",TRANSMITTER,USFWS,FWSLAX,"632_P10-VR2TX-485283-A69-1601-62773-2023-09-27T22",2023-09-27 22:59:00.000,2024-03-12 16:52:00.000,UTC,STATION:632_P10,43.12803,-91.18097,,,,Transceiver,VR2TX,NOT USED,A69-1601-62773,,,,,STATION,"632_P10",POINT (-91.18097 43.12803),Added this deploy record for RAFT format|Tree was rotten and had fallen down into water. Moved to a nearby tree.
"2025-03-12",TRANSMITTER,USFWS,FWSLAX,"6145_P11-VR2TX-487010-A69-1601-63937-2023-09-27T20",2023-09-27 20:52:00.000,2024-10-03 15:58:43.000,UTC,STATION:6145_P11,42.77906,-91.08943,,1.0,,Transceiver,VR2TX,NOT USED,A69-1601-63937,,,,,STATION,"6145_P11",POINT (-91.08943 42.77906),Added this deploy record for RAFT format
"2025-03-12",TRANSMITTER,USFWS,FWSLAX,"5335_P13-VR2TX-487015-A69-1601-63942-2023-09-26T23",2023-09-26 23:11:00.000,2024-10-02 19:17:10.000,UTC,STATION:5335_P13,42.04089,-90.16793,,,4.0,Transceiver,VR2TX,NOT USED,A69-1601-63942,,,,,STATION,"5335_P13",POINT (-90.16793 42.04089),Added this deploy record for RAFT format
"2025-03-12",TRANSMITTER,USFWS,FWSLAX,"6055_P11-VR2TX-489340-A69-1601-62589-2023-09-27T19",2023-09-27 19:59:00.000,2024-03-06 16:49:29.000,UTC,STATION:6055_P11,42.69845,-90.98289,,3.0,3.0,Transceiver,VR2TX,NOT USED,A69-1601-62589,,,,,STATION,"6055_P11",POINT (-90.98289 42.69845),Added this deploy record for RAFT format
"2025-03-12",TRANSMITTER,USFWS,FWSLAX,"679_P9-VR2TX-481460-A69-1601-63460-2023-09-28T01",2023-09-28 01:02:00.000,2024-10-04 18:40:15.000,UTC,STATION:679_P9,43.56338,-91.23639,,,,Transceiver,VR2TX,NOT USED,A69-1601-63460,,,,,STATION,"679_P9",POINT (-91.23639 43.56338),Added this deploy record for RAFT format
"2025-03-12",TRANSMITTER,USFWS,FWSLAX,"6825_P8-VR2TX-489339-A69-1601-62588-2023-09-25T23",2023-09-25 23:12:00.000,2024-03-12 14:22:00.000,UTC,STATION:6825_P8,43.61906,-91.22464,,6.0,,Transceiver,VR2TX,NOT USED,A69-1601-62588,,,,,STATION,"6825_P8",POINT (-91.22464 43.61906),Added this deploy record for RAFT format
"2025-03-12",TRANSMITTER,USFWS,FWSLAX,"7005_EASTCHANNEL_P8-VR2TX-489354-A69-1601-62603-2023-11-14T21",2023-11-14 21:26:00.000,2024-10-03 18:19:22.000,UTC,STATION:7005_EASTCHANNEL_P8,43.84161,-91.27997,,1.0,1.0,Transceiver,VR2TX,NOT USED,A69-1601-62603,,,,,STATION,"7005_EASTCHANNEL_P8",POINT (-91.27997 43.84161),New receiver position
"2025-03-12",TRANSMITTER,USFWS,FWSLAX,"683_RAFTCHANNEL_P8-VR2TX-490983-A69-1601-62662-2023-11-02T23",2023-11-02 23:47:00.000,2024-09-03 18:27:26.000,UTC,STATION:683_RAFTCHANNEL_P8,43.61761,-91.27045,,2.0,2.0,Transceiver,VR2TX,NOT USED,A69-1601-62662,,,,,STATION,"683_RAFTCHANNEL_P8",POINT (-91.27045 43.61761),""
"2025-03-12",TRANSMITTER,USFWS,FWSLAX,"558_P12-VR2TX-480752-A69-1601-62752-2023-09-27T02",2023-09-27 02:24:00.000,2023-10-27 17:23:18.000,UTC,STATION:558_P12,42.27583,-90.42636,,5.0,,Transceiver,VR2TX,NOT USED,A69-1601-62752,,,,,STATION,"558_P12",POINT (-90.42636 42.27583),Added this deploy record for RAFT format
"2025-03-12",TRANSMITTER,USFWS,FWSLAX,"6475_P10-VR2TX-485285-A69-1601-62775-2023-09-27T23",2023-09-27 23:24:00.000,2024-10-04 14:35:40.000,UTC,STATION:6475_P10,43.20465,-91.10647,,1.0,1.0,Transceiver,VR2TX,NOT USED,A69-1601-62775,,,,,STATION,"6475_P10",POINT (-91.10647 43.20465),Added this deploy record for RAFT format|Receiver was pulled up on shore
"2025-03-12",TRANSMITTER,USFWS,FWSLAX,"7145_P6-VR2TX-480764-A69-1601-62764-2023-10-03T00",2023-10-03 00:47:00.000,2024-10-15 19:40:19.000,UTC,STATION:7145_P6,43.99765,-91.44281,,2.0,2.0,Transceiver,VR2TX,NOT USED,A69-1601-62764,,,,,STATION,"7145_P6",POINT (-91.44281 43.99765),Added this deploy record for RAFT format
"2025-03-12",TRANSMITTER,USFWS,FWSLAX,"7025_P7-VR2TX-485277-A69-1601-62747-2023-10-02T23",2023-10-02 23:55:00.000,2024-10-03 14:56:45.000,UTC,STATION:7025_P7,43.87294,-91.31837,,2.0,2.0,Transceiver,VR2TX,NOT USED,A69-1601-62747,,,,,STATION,"7025_P7",POINT (-91.31837 43.87294),Added this deploy record for RAFT format
"2025-03-12",TRANSMITTER,USFWS,FWSLAX,"730_P5A-VR2TX-487011-A69-1601-63938-2023-10-02T21",2023-10-02 21:10:00.000,2024-10-15 17:46:11.000,UTC,STATION:730_P5A,44.09903,-91.6904,,2.0,2.0,Transceiver,VR2TX,NOT USED,A69-1601-63938,,,,,STATION,"730_P5A",POINT (-91.6904 44.09903),Added this deploy record for RAFT format
"2025-03-12",TRANSMITTER,USFWS,FWSLAX,"717_CEDARCRCONF_P6-VR2TX-489344-A69-1601-62593-2023-11-15T22",2023-11-15 22:02:00.000,2024-10-15 20:29:23.000,UTC,STATION:717_CEDARCRCONF_P6,44.00938,-91.49472,,1.0,1.0,Transceiver,VR2TX,NOT USED,A69-1601-62593,,,,,STATION,"717_CEDARCRCONF_P6",POINT (-91.49472 44.00938),New receiver position
"2025-03-12",TRANSMITTER,USFWS,FWSLAX,"7285_POLANDERLAKE_P5A-VR2TX-489345-A69-1601-62594-2023-11-13T23",2023-11-13 23:04:00.000,2024-10-15 18:23:27.000,UTC,STATION:7285_POLANDERLAKE_P5A,44.08111,-91.68593,,0.5,0.5,Transceiver,VR2TX,NOT USED,A69-1601-62594,,,,,STATION,"7285_POLANDERLAKE_P5A",POINT (-91.68593 44.08111),New receiver deployment
"2025-03-12",TRANSMITTER,USFWS,FWSLAX,"717_TREMPEALEAURIVCONF_P6-VR2TX-489357-A69-1601-62606-2023-11-15T20",2023-11-15 20:25:00.000,2024-09-26 15:19:00.000,UTC,STATION:717_TREMPEALEAURIVCONF_P6,44.01776,-91.48844,,1.0,1.0,Transceiver,VR2TX,NOT USED,A69-1601-62606,,,,,STATION,"717_TREMPEALEAURIVCONF_P6",POINT (-91.48844 44.01776),New receiver location
"2025-03-12",TRANSMITTER,USFWS,FWSLAX,"7365_KESSELHORSEBAY_P5A-VR2TX-490980-A69-1601-62659-2023-11-13T22",2023-11-13 22:16:00.000,2024-10-02 14:59:14.000,UTC,STATION:7365_KESSELHORSEBAY_P5A,44.15116,-91.7747,,1.0,1.0,Transceiver,VR2TX,NOT USED,A69-1601-62659,,,,,STATION,"7365_KESSELHORSEBAY_P5A",POINT (-91.7747 44.15116),New receiver location
"2025-03-12",TRANSMITTER,USFWS,FWSLAX,"732_BURLEIGHSLOUGH_P5A-VR2TX-490981-A69-1601-62660-2023-11-13T23",2023-11-13 23:56:00.000,2024-10-02 15:26:29.000,UTC,STATION:732_BURLEIGHSLOUGH_P5A,44.10321,-91.73446,,1.5,1.5,Transceiver,VR2TX,NOT USED,A69-1601-62660,,,,,STATION,"732_BURLEIGHSLOUGH_P5A",POINT (-91.73446 44.10321),New receiver position|Was on shore out of water when we found it we redeployed (oct 2024)
"2025-03-12",TRANSMITTER,USFWS,FWSLAX,BLACKRIVCONF_P8-VR2TX-480756-A69-1601-62756-2023-09-25T21,2023-09-25 21:56:00.000,2024-11-22 15:54:44.000,UTC,STATION:BLACKRIVCONF_P8,43.82846,-91.25887,,,1.0,Transceiver,VR2TX,NOT USED,A69-1601-62756,,,,,STATION,BLACKRIVCONF_P8,POINT (-91.25887 43.82846),Added this deploy record for RAFT format|Removed to repurpose Tx receiver
"2025-03-12",TRANSMITTER,USFWS,FWSLAX,"702_BLACKRIVSPILLWAY_P8-VR2TX-484546-A69-1601-62094-2023-11-14T20",2023-11-14 20:16:00.000,2024-11-22 15:29:34.000,UTC,STATION:702_BLACKRIVSPILLWAY_P8,43.86625,-91.24581,,1.5,1.5,Transceiver,VR2TX,NOT USED,A69-1601-62094,,,,,STATION,"702_BLACKRIVSPILLWAY_P8",POINT (-91.24581 43.86625),New receiver location
"2025-03-12",TRANSMITTER,USFWS,FWSLAX,"701_FRENCHSLOUGH_P8-VR2TX-489343-A69-1601-62592-2023-11-14T21",2023-11-14 21:00:00.000,2024-11-22 16:04:00.000,UTC,STATION:701_FRENCHSLOUGH_P8,43.83537,-91.26817,,2.0,2.0,Transceiver,VR2TX,NOT USED,A69-1601-62592,,,,,STATION,"701_FRENCHSLOUGH_P8",POINT (-91.26817 43.83537),New receiver position|Replaced with VR-2W to repurpose Tx
"2025-03-12",TRANSMITTER,USFWS,FWSLAX,CEDAR31-VR2TX-480762-A69-1601-62762-2019-10-02T16,2019-10-02 16:34:00.000,,UTC,STATION:CEDAR31,41.57772,-91.08649,,1.0,1.0,Transceiver,VR2TX,NOT USED,A69-1601-62762,,,,,STATION,CEDAR31,POINT (-91.08649 41.57772),Added this deploy record for RAFT format
"2025-03-12",TRANSMITTER,USFWS,FWSLAX,ENGLISH1-VR2TX-480765-A69-1601-62765-2019-10-02T14,2019-10-02 14:46:00.000,,UTC,STATION:ENGLISH1,41.4872,-91.50579,,2.5,2.5,Transceiver,VR2TX,NOT USED,A69-1601-62765,,,,,STATION,ENGLISH1,POINT (-91.50579 41.4872),Added this deploy record for RAFT format
"2025-03-12",TRANSMITTER,USFWS,FWSLAX,IOWA16-VR2TX-481464-A69-1601-63464-2021-04-21T18,2021-04-21 18:21:00.000,,UTC,STATION:IOWA16,41.17879,-91.18201,,3.0,3.0,Transceiver,VR2TX,NOT USED,A69-1601-63464,,,,,STATION,IOWA16,POINT (-91.18201 41.17879),Added this deploy record for RAFT format
"2025-03-12",TRANSMITTER,USFWS,FWSLAX,IOWA53-VR2TX-480766-A69-1601-62766-2019-10-02T15,2019-10-02 15:30:00.000,,UTC,STATION:IOWA53,41.484,-91.50285,,2.0,2.0,Transceiver,VR2TX,NOT USED,A69-1601-62766,,,,,STATION,IOWA53,POINT (-91.50285 41.484),Added this deploy record for RAFT format
"2025-03-12",TRANSMITTER,USFWS,FWSLAX,LD12-2-VR2TX-480753-A69-1601-62753-2019-11-19T19,2019-11-19 19:00:00.000,,UTC,STATION:LD12-2,42.26565,-90.42535,,3.5,3.5,Transceiver,VR2TX,NOT USED,A69-1601-62753,,,,,STATION,LD12-2,POINT (-90.42535 42.26565),Receiver replacing 480760
"2025-03-12",TRANSMITTER,USFWS,FWSLAX,LOCK19-VR2TX-481457-A69-1601-63457-2019-11-20T16,2019-11-20 16:09:00.000,,UTC,STATION:LOCK19,40.40384,-91.36559,,3.0,3.0,Transceiver,VR2TX,NOT USED,A69-1601-63457,,,,,STATION,LOCK19,POINT (-91.36559 40.40384),Added this deploy record for RAFT format
"2025-03-12",TRANSMITTER,USFWS,FWSLAX,LOW14-2-VR2TX-480767-A69-1601-62767-2019-10-03T20,2019-10-03 20:09:00.000,,UTC,STATION:LOW14-2,41.60226,-90.34163,,1.5,1.5,Transceiver,VR2TX,NOT USED,A69-1601-62767,,,,,STATION,LOW14-2,POINT (-90.34163 41.60226),Added this deploy record for RAFT format
"2025-03-12",TRANSMITTER,USFWS,FWSLAX,CHIPPEWA CARYVILLE-VR2TX-480754-A69-1601-62754-2018-05-22T17,2018-05-22 17:05:00.000,2019-05-22 17:05:00.000,UTC,STATION:CHIPPEWA CARYVILLE,44.74535,-91.69689,,,,Transceiver,VR2TX,NOT USED,A69-1601-62754,,,,,STATION,CHIPPEWA CARYVILLE,POINT (-91.69689 44.74535),Added this deploy record for RAFT format
"2025-03-12",TRANSMITTER,USFWS,FWSLAX,KIWANIS_P6-VR2TX-480759-A69-1601-62759-2023-10-02T22,2023-10-02 22:03:00.000,2024-10-02 18:00:26.000,UTC,STATION:KIWANIS_P6,44.0793,-91.67932,,4.0,4.0,Transceiver,VR2TX,NOT USED,A69-1601-62759,,,,,STATION,KIWANIS_P6,POINT (-91.67932 44.0793),Added this deploy record for RAFT format
"2025-03-12",TRANSMITTER,USFWS,FWSLAX,LOW17-3-VR2TX-481463-A69-1601-63463-2019-08-12T17,2019-08-12 17:05:00.000,,UTC,STATION:LOW17-3,41.20738,-91.08788,,,,Transceiver,VR2TX,NOT USED,A69-1601-63463,,,,,STATION,LOW17-3,POINT (-91.08788 41.20738),Added this deploy record for RAFT format
"2025-03-12",TRANSMITTER,USFWS,FWSLAX,LOW18-1-VR2TX-481462-A69-1601-63462-2019-11-20T21,2019-11-20 21:16:00.000,,UTC,STATION:LOW18-1,40.89074,-91.00903,,2.0,2.0,Transceiver,VR2TX,NOT USED,A69-1601-63462,,,,,STATION,LOW18-1,POINT (-91.00903 40.89074),Added this deploy record for RAFT format
"2025-03-12",TRANSMITTER,USFWS,FWSLAX,LOW19-3-VR2TX-480771-A69-1601-62771-2019-10-01T14,2019-10-01 14:50:00.000,,UTC,STATION:LOW19-3,40.43792,-91.38749,,1.5,1.5,Transceiver,VR2TX,NOT USED,A69-1601-62771,,,,,STATION,LOW19-3,POINT (-91.38749 40.43792),Added this deploy record for RAFT format
"2025-03-12",TRANSMITTER,USFWS,FWSLAX,UP15-1-VR2TX-481458-A69-1601-63458-2019-11-21T15,2019-11-21 15:44:00.000,,UTC,STATION:UP15-1,41.56473,-90.4077,,2.0,2.0,Transceiver,VR2TX,NOT USED,A69-1601-63458,,,,,STATION,UP15-1,POINT (-90.4077 41.56473),Added this deploy record for RAFT format
"2025-03-12",TRANSMITTER,USFWS,FWSLAX,ROCK3-VR2TX-480755-A69-1601-62755-2017-06-21T17,2017-06-21 17:05:00.000,2018-06-21 17:05:00.000,UTC,STATION:ROCK3,41.46061,-90.58545,,3.0,2.4,Transceiver,VR2TX,NOT USED,A69-1601-62755,,,,,STATION,ROCK3,POINT (-90.58545 41.46061),Added this deploy record for RAFT format
"2025-03-12",TRANSMITTER,USFWS,FWSLAX,WISCONSIN_BRIDGEPORT-VR2TX-484547-A69-1601-62095-2023-07-12T20,2023-07-12 20:31:00.000,2024-10-03 20:15:08.000,UTC,STATION:WISCONSIN_BRIDGEPORT,43.0023,-91.04539,,1.0,1.0,Transceiver,VR2TX,NOT USED,A69-1601-62095,,,,,STATION,WISCONSIN_BRIDGEPORT,POINT (-91.04539 43.0023),Added this deploy record for RAFT format
"2025-03-12",TRANSMITTER,USFWS,FWSLAX,TURKEY_P11-VR2TX-489341-A69-1601-62590-2023-09-27T20,2023-09-27 20:24:00.000,2024-10-03 15:33:12.000,UTC,STATION:TURKEY_P11,42.70809,-91.02102,,1.5,,Transceiver,VR2TX,NOT USED,A69-1601-62590,,,,,STATION,TURKEY_P11,POINT (-91.02102 42.70809),Added this deploy record for RAFT format
"2025-03-12",TRANSMITTER,USFWS,FWSLAX,P13_523-VR2TX-489355-A69-1601-62604-2023-09-26T21,2023-09-26 21:57:00.000,2024-06-21 13:30:00.000,UTC,STATION:P13_523,41.90512,-90.15079,,2.0,2.0,Transceiver,VR2TX,NOT USED,A69-1601-62604,,,,,STATION,P13_523,POINT (-90.15079 41.90512),Added this deploy record for RAFT format
"2025-03-12",TRANSMITTER,USFWS,FWSLAX,MAQUOKETA-VR2TX-489356-A69-1601-62605-2023-09-27T00,2023-09-27 00:50:00.000,2024-10-02 20:27:44.000,UTC,STATION:MAQUOKETA,42.18187,-90.3148,,0.0,,Transceiver,VR2TX,NOT USED,A69-1601-62605,,,,,STATION,MAQUOKETA,POINT (-90.3148 42.18187),Added this deploy record for RAFT format
"2025-03-12",TRANSMITTER,USFWS,FWSLAX,"15 MID WALL-VR2TX-480753-A69-1601-62753-2017-11-15T18",2017-11-15 18:05:00.000,2018-11-26 18:00:00.000,UTC,STATION:15 MID WALL,41.51932,-90.56285,,,,Transceiver,VR2TX,NOT USED,A69-1601-62753,,,,,STATION,"15 MID WALL",POINT (-90.56285 41.51932),|Added this deploy record for RAFT format
"2025-03-12",TRANSMITTER,USFWS,FWSLAX,"1510-VR2TX-480760-A69-1601-62760-2017-03-16T17",2017-03-16 17:05:00.000,2017-11-15 18:00:00.000,UTC,STATION:1510,41.51677,-90.56671,,,,Transceiver,VR2TX,NOT USED,A69-1601-62760,,,,,STATION,"1510",POINT (-90.56671 41.51677),|Added this deploy record for RAFT format
"2025-03-12",TRANSMITTER,USFWS,FWSLAX,"1508-VR2TX-480762-A69-1601-62762-2017-11-15T18",2017-11-15 18:05:00.000,2018-11-26 18:00:00.000,UTC,STATION:1508,41.51761,-90.56511,,,,Transceiver,VR2TX,NOT USED,A69-1601-62762,,,,,STATION,"1508",POINT (-90.56511 41.51761),|Added this deploy record for RAFT format
"2025-03-12",TRANSMITTER,USFWS,FWSLAX,"1506-VR2TX-480764-A69-1601-62764-2017-03-16T17",2017-03-16 17:05:00.000,2017-11-15 18:00:00.000,UTC,STATION:1506,41.5173,-90.56637,,,,Transceiver,VR2TX,NOT USED,A69-1601-62764,,,,,STATION,"1506",POINT (-90.56637 41.5173),|Added this deploy record for RAFT format
"2025-03-12",TRANSMITTER,USFWS,FWSLAX,"1503-VR2TX-480768-A69-1601-62768-2017-03-16T17",2017-03-16 17:05:00.000,2017-11-15 18:00:00.000,UTC,STATION:1503,41.51821,-90.56566,,,,Transceiver,VR2TX,NOT USED,A69-1601-62768,,,,,STATION,"1503",POINT (-90.56566 41.51821),|Added this deploy record for RAFT format
"2025-03-12",TRANSMITTER,USFWS,FWSLAX,"365B-VR2TX-481460-A69-1601-63460-2018-08-02T17",2018-08-02 17:05:00.000,2018-10-04 17:00:00.000,UTC,STATION:365B,40.39904,-91.35757,,2.1,1.5,Transceiver,VR2TX,NOT USED,A69-1601-63460,,,,,STATION,"365B",POINT (-91.35757 40.39904),|Added this deploy record for RAFT format
"2025-03-12",TRANSMITTER,USFWS,FWSLAX,"367_P19-VR2TX-489350-A69-1601-62599-2023-07-05T21",2023-07-05 21:56:00.000,2023-12-01 22:14:00.000,UTC,STATION:367_P19,40.42466,-91.37545,,3.5,0.5,Transceiver,VR2TX,NOT USED,A69-1601-62599,,,,,STATION,"367_P19",POINT (-91.37545 40.42466),|Added this deploy record for RAFT format
"2025-03-12",TRANSMITTER,USFWS,FWSLAX,WI_RIVER_PRAIRIEDUSAC-VR2TX-489347-A69-1601-62596-2023-12-22T00,2023-12-22 00:07:00.000,2024-07-29 16:43:00.000,UTC,STATION:WI_RIVER_PRAIRIEDUSAC,43.29163,-89.71763,,7.0,7.0,Transceiver,VR2TX,NOT USED,A69-1601-62596,,,,,STATION,WI_RIVER_PRAIRIEDUSAC,POINT (-89.71763 43.29163),""
"2025-03-12",TRANSMITTER,USFWS,FWSLAX,"410SC-VR2TX-481464-A69-1601-63464-2018-06-14T17",2018-06-14 17:05:00.000,2018-08-09 17:00:00.000,UTC,STATION:410SC,40.88654,-91.03156,,,,Transceiver,VR2TX,NOT USED,A69-1601-63464,,,,,STATION,"410SC",POINT (-91.03156 40.88654),|Added this deploy record for RAFT format
"2025-03-12",TRANSMITTER,USFWS,FWSLAX,"422B-VR2TX-481465-A69-1601-63465-2018-06-13T17",2018-06-13 17:05:00.000,2018-08-09 17:00:00.000,UTC,STATION:422B,41.02131,-90.96213,,,,Transceiver,VR2TX,NOT USED,A69-1601-63465,,,,,STATION,"422B",POINT (-90.96213 41.02131),|Added this deploy record for RAFT format
"2025-03-12",TRANSMITTER,USFWS,FWSLAX,"437SC-VR2TX-481461-A69-1601-63461-2018-05-08T17",2018-05-08 17:05:00.000,2018-06-06 17:00:00.000,UTC,STATION:437SC,41.18795,-91.06738,,,,Transceiver,VR2TX,NOT USED,A69-1601-63461,,,,,STATION,"437SC",POINT (-91.06738 41.18795),|Added this deploy record for RAFT format
"2025-03-12",TRANSMITTER,USFWS,FWSLAX,"440B2-VR2TX-481462-A69-1601-63462-2018-06-06T17",2018-06-06 17:05:00.000,2018-07-11 17:00:00.000,UTC,STATION:440B2,41.22575,-91.08604,,,,Transceiver,VR2TX,NOT USED,A69-1601-63462,,,,,STATION,"440B2",POINT (-91.08604 41.22575),"Receiver removed on 7/11/18 after Real-time deployed|Added this deploy record for RAFT format, Receiver removed on 7/11/18 after Real-time deployed"
"2025-03-12",TRANSMITTER,USFWS,FWSLAX,"458SC-VR2TX-480771-A69-1601-62771-2017-06-20T17",2017-06-20 17:05:00.000,2017-08-07 17:00:00.000,UTC,STATION:458SC,41.43324,-91.00331,,,,Transceiver,VR2TX,NOT USED,A69-1601-62771,,,,,STATION,"458SC",POINT (-91.00331 41.43324),|Added this deploy record for RAFT format
"2025-03-12",TRANSMITTER,USFWS,FWSLAX,"458SC2-VR2TX-481458-A69-1601-63458-2018-06-13T17",2018-06-13 17:05:00.000,2018-07-31 17:00:00.000,UTC,STATION:458SC2,41.43824,-91.00256,,,,Transceiver,VR2TX,NOT USED,A69-1601-63458,,,,,STATION,"458SC2",POINT (-91.00256 41.43824),|Added this deploy record for RAFT format
"2025-03-12",TRANSMITTER,USFWS,FWSLAX,"479B-VR2TX-481457-A69-1601-63457-2018-07-31T17",2018-07-31 17:05:00.000,2018-11-28 18:00:00.000,UTC,STATION:479B,41.48981,-90.62514,,,,Transceiver,VR2TX,NOT USED,A69-1601-63457,,,,,STATION,"479B",POINT (-90.62514 41.48981),|Added this deploy record for RAFT format
"2025-03-12",TRANSMITTER,USFWS,FWSLAX,"480B-VR2TX-481463-A69-1601-63463-2018-04-12T17",2018-04-12 17:05:00.000,2018-06-13 17:00:00.000,UTC,STATION:480B,41.48861,-90.60312,,,,Transceiver,VR2TX,NOT USED,A69-1601-63463,,,,,STATION,"480B",POINT (-90.60312 41.48861),|Added this deploy record for RAFT format
"2025-03-12",TRANSMITTER,USFWS,FWSLAX,"494SC_P14-VR2TX-481465-A69-1601-63465-2021-08-11T21",2021-08-11 21:09:00.000,2021-12-07 23:03:00.000,UTC,STATION:494SC_P14,41.57915,-90.39817,,,1.0,Transceiver,VR2TX,NOT USED,A69-1601-63465,,,,,STATION,"494SC_P14",POINT (-90.39817 41.57915),|Added this deploy record for RAFT format
"2025-03-12",TRANSMITTER,USFWS,FWSLAX,"558_P12-VR2TX-480752-A69-1601-62752-2022-06-15T01",2022-06-15 01:52:00.000,2022-08-04 20:52:00.000,UTC,STATION:558_P12,42.27583,-90.42636,,5.0,,Transceiver,VR2TX,NOT USED,A69-1601-62752,,,,,STATION,"558_P12",POINT (-90.42636 42.27583),|Added this deploy record for RAFT format
"2025-03-12",TRANSMITTER,USFWS,FWSLAX,"558_P12-VR2TX-480752-A69-1601-62752-2022-09-12T22",2022-09-12 22:21:00.000,2022-12-02 00:42:00.000,UTC,STATION:558_P12,42.27583,-90.42636,,5.0,,Transceiver,VR2TX,NOT USED,A69-1601-62752,,,,,STATION,"558_P12",POINT (-90.42636 42.27583),|Added this deploy record for RAFT format
"2025-03-12",TRANSMITTER,USFWS,FWSLAX,"6145_P11-VR2TX-487010-A69-1601-63937-2023-06-14T02",2023-06-14 02:42:00.000,2023-07-19 20:11:00.000,UTC,STATION:6145_P11,42.77906,-91.08943,,1.0,,Transceiver,VR2TX,NOT USED,A69-1601-63937,,,,,STATION,"6145_P11",POINT (-91.08943 42.77906),"Out of water, moved to different location|Added this deploy record for RAFT format, Out of water, moved to different location"
"2025-03-12",TRANSMITTER,USFWS,FWSLAX,"641B-P10-VR2TX-480752-A69-1601-62752-2020-08-04T20",2020-08-04 20:14:00.000,2020-09-22 21:17:00.000,UTC,STATION:641B-P10,43.13059,-91.18104,,0.5,1.0,Transceiver,VR2TX,NOT USED,A69-1601-62752,,,,,STATION,"641B-P10",POINT (-91.18104 43.13059),"Out of water. Debris built up on line and pull receiver ashore. Redeployed in deeper water.|Added this deploy record for RAFT format, Out of water. Debris built up on line and pull receiver ashore. Redeployed in deeper water."
"2025-03-12",TRANSMITTER,USFWS,FWSLAX,"632_P10-VR2TX-485283-A69-1601-62773-2023-04-11T23",2023-04-11 23:38:00.000,2023-06-14 21:46:00.000,UTC,STATION:632_P10,43.12803,-91.18097,,,,Transceiver,VR2TX,NOT USED,A69-1601-62773,,,,,STATION,"632_P10",POINT (-91.18097 43.12803),|Added this deploy record for RAFT format
"2025-03-12",TRANSMITTER,USFWS,FWSLAX,"6475_P10-VR2TX-485285-A69-1601-62775-2021-06-09T22",2021-06-09 22:42:00.000,2021-07-16 23:05:00.000,UTC,STATION:6475_P10,43.20465,-91.10647,,,,Transceiver,VR2TX,NOT USED,A69-1601-62775,,,,,STATION,"6475_P10",POINT (-91.10647 43.20465),|Added this deploy record for RAFT format
"2025-03-12",TRANSMITTER,USFWS,FWSLAX,"6475_P10-VR2TX-485285-A69-1601-62775-2023-06-14T21",2023-06-14 21:31:00.000,2023-07-19 23:29:00.000,UTC,STATION:6475_P10,43.20465,-91.10647,,,,Transceiver,VR2TX,NOT USED,A69-1601-62775,,,,,STATION,"6475_P10",POINT (-91.10647 43.20465),|Added this deploy record for RAFT format
"2025-03-12",TRANSMITTER,USFWS,FWSLAX,"677_P9-VR2TX-481460-A69-1601-63460-2021-06-10T01",2021-06-10 01:49:00.000,2021-07-16 20:12:00.000,UTC,STATION:677_P9,43.5464,-91.24196,,0.0,0.0,Transceiver,VR2TX,NOT USED,A69-1601-63460,,,,,STATION,"677_P9",POINT (-91.24196 43.5464),|Added this deploy record for RAFT format
"2025-03-12",TRANSMITTER,USFWS,FWSLAX,"679_P9-VR2TX-481460-A69-1601-63460-2023-07-20T01",2023-07-20 01:03:00.000,2023-09-28 00:57:00.000,UTC,STATION:679_P9,43.56338,-91.23639,,,,Transceiver,VR2TX,NOT USED,A69-1601-63460,,,,,STATION,"679_P9",POINT (-91.23639 43.56338),"Was pulled up on shore. Looked like it had been there a long time.|Added this deploy record for RAFT format, Was pulled up on shore. Looked like it had been there a long time."
"2025-03-12",TRANSMITTER,USFWS,FWSLAX,"7025_P7-VR2TX-485277-A69-1601-62747-2022-06-24T20",2022-06-24 20:25:00.000,2022-07-26 23:56:00.000,UTC,STATION:7025_P7,43.87294,-91.31837,,2.0,2.0,Transceiver,VR2TX,NOT USED,A69-1601-62747,,,,,STATION,"7025_P7",POINT (-91.31837 43.87294),|Added this deploy record for RAFT format
"2025-03-12",TRANSMITTER,USFWS,FWSLAX,"7145_P6-VR2TX-480764-A69-1601-62764-2022-07-26T22",2022-07-26 22:07:00.000,2022-10-27 00:21:00.000,UTC,STATION:7145_P6,43.99765,-91.44281,,2.0,2.0,Transceiver,VR2TX,NOT USED,A69-1601-62764,,,,,STATION,"7145_P6",POINT (-91.44281 43.99765),|Added this deploy record for RAFT format
"2025-03-12",TRANSMITTER,USFWS,FWSLAX,"730_P5A-VR2TX-487011-A69-1601-63938-2023-03-27T20",2023-03-27 20:44:00.000,2023-05-31 01:47:00.000,UTC,STATION:730_P5A,44.09903,-91.6904,,2.0,2.0,Transceiver,VR2TX,NOT USED,A69-1601-63938,,,,,STATION,"730_P5A",POINT (-91.6904 44.09903),|Added this deploy record for RAFT format
"2025-03-12",TRANSMITTER,USFWS,FWSLAX,BLACKRIVCONF_P8-VR2TX-480756-A69-1601-62756-2021-09-09T00,2021-09-09 00:35:00.000,2021-10-22 21:56:00.000,UTC,STATION:BLACKRIVCONF_P8,43.82846,-91.25887,,,1.0,Transceiver,VR2TX,NOT USED,A69-1601-62756,,,,,STATION,BLACKRIVCONF_P8,POINT (-91.25887 43.82846),|Added this deploy record for RAFT format
"2025-03-12",TRANSMITTER,USFWS,FWSLAX,BLACKRIVCONF_P8-VR2TX-480756-A69-1601-62756-2022-11-17T21,2022-11-17 21:59:00.000,2023-03-28 21:03:00.000,UTC,STATION:BLACKRIVCONF_P8,43.82846,-91.25887,,,1.0,Transceiver,VR2TX,NOT USED,A69-1601-62756,,,,,STATION,BLACKRIVCONF_P8,POINT (-91.25887 43.82846),|Added this deploy record for RAFT format
"2025-03-12",TRANSMITTER,USFWS,FWSLAX,CEDAR31-VR2TX-480752-A69-1601-62752-2018-06-13T17,2018-06-13 17:05:00.000,2018-08-01 17:00:00.000,UTC,STATION:CEDAR31,41.5779,-91.08649,,,,Transceiver,VR2TX,NOT USED,A69-1601-62752,,,,,STATION,CEDAR31,POINT (-91.08649 41.5779),|Added this deploy record for RAFT format
"2025-03-12",TRANSMITTER,USFWS,FWSLAX,ENGLISH1-VR2TX-480765-A69-1601-62765-2019-08-14T20,2019-08-14 20:36:00.000,2019-10-02 14:41:00.000,UTC,STATION:ENGLISH1,41.4872,-91.50579,,2.5,2.5,Transceiver,VR2TX,NOT USED,A69-1601-62765,,,,,STATION,ENGLISH1,POINT (-91.50579 41.4872),|Added this deploy record for RAFT format
"2025-03-12",TRANSMITTER,USFWS,FWSLAX,IOWA29-VR2TX-480770-A69-1601-62770-2017-05-16T17,2017-05-16 17:05:00.000,2017-06-21 17:00:00.000,UTC,STATION:IOWA29,41.28342,-91.34963,,,,Transceiver,VR2TX,NOT USED,A69-1601-62770,,,,,STATION,IOWA29,POINT (-91.34963 41.28342),|Added this deploy record for RAFT format
"2025-03-12",TRANSMITTER,USFWS,FWSLAX,IOWA16-VR2TX-481464-A69-1601-63464-2019-08-14T18,2019-08-14 18:44:00.000,2019-10-02 13:06:00.000,UTC,STATION:IOWA16,41.17879,-91.18201,,3.0,3.0,Transceiver,VR2TX,NOT USED,A69-1601-63464,,,,,STATION,IOWA16,POINT (-91.18201 41.17879),|Added this deploy record for RAFT format
"2025-03-12",TRANSMITTER,USFWS,FWSLAX,LD12-1-VR2TX-480759-A69-1601-62759-2019-08-21T14,2019-08-21 14:21:00.000,2019-10-04 16:07:00.000,UTC,STATION:LD12-1,42.27057,-90.40795,,3.0,3.0,Transceiver,VR2TX,NOT USED,A69-1601-62759,,,,,STATION,LD12-1,POINT (-90.40795 42.27057),|Added this deploy record for RAFT format
"2025-03-12",TRANSMITTER,USFWS,FWSLAX,LD12-2-VR2TX-480760-A69-1601-62760-2019-10-04T15,2019-10-04 15:53:00.000,2019-11-19 19:00:00.000,UTC,STATION:LD12-2,42.26565,-90.42535,,3.5,3.5,Transceiver,VR2TX,NOT USED,A69-1601-62760,,,,,STATION,LD12-2,POINT (-90.42535 42.26565),"Receiver replaced by 480753, 480760 not downloading correctly|Added this deploy record for RAFT format, Receiver replaced by 480753, 480760 not downloading correctly"
"2025-03-12",TRANSMITTER,USFWS,FWSLAX,LOW19-2-VR2TX-481461-A69-1601-63461-2019-08-13T16,2019-08-13 16:00:00.000,2019-10-01 15:15:00.000,UTC,STATION:LOW19-2,40.44807,-91.38517,,3.0,3.0,Transceiver,VR2TX,NOT USED,A69-1601-63461,,,,,STATION,LOW19-2,POINT (-91.38517 40.44807),|Added this deploy record for RAFT format
"2025-03-12",TRANSMITTER,USFWS,FWSLAX,WISCONSIN_BRIDGEPORT-VR2TX-484547-A69-1601-62095-2021-10-15T20,2021-10-15 20:42:00.000,2022-06-15 22:30:00.000,UTC,STATION:WISCONSIN_BRIDGEPORT,43.0023,-91.04539,,1.0,1.0,Transceiver,VR2TX,NOT USED,A69-1601-62095,,,,,STATION,WISCONSIN_BRIDGEPORT,POINT (-91.04539 43.0023),|Added this deploy record for RAFT format
"2025-03-12",TRANSMITTER,USFWS,FWSLAX,"679_P9-VR2TX-481460-A69-1601-63460-2023-03-29T01",2023-03-29 01:43:00.000,2023-06-21 18:36:00.000,UTC,STATION:679_P9,43.56338,-91.23639,,,,Transceiver,VR2TX,NOT USED,A69-1601-63460,,,,,STATION,"679_P9",POINT (-91.23639 43.56338),"Was completely buried in silt/sand and very difficult to pull up|Added this deploy record for RAFT format, Was completely buried in silt/sand and very difficult to pull up"
"2025-03-12",TRANSMITTER,USFWS,FWSLAX,BLACKRIVCONF_P8-VR2TX-480756-A69-1601-62756-2022-03-23T23,2022-03-23 23:45:00.000,2022-05-18 00:47:00.000,UTC,STATION:BLACKRIVCONF_P8,43.82846,-91.25887,,,1.0,Transceiver,VR2TX,NOT USED,A69-1601-62756,,,,,STATION,BLACKRIVCONF_P8,POINT (-91.25887 43.82846),|Added this deploy record for RAFT format
"2025-03-12",TRANSMITTER,USFWS,FWSLAX,LD12-1-VR2TX-480759-A69-1601-62759-2019-10-04T16,2019-10-04 16:12:00.000,2021-07-02 21:48:00.000,UTC,STATION:LD12-1,42.27057,-90.40795,,3.0,3.0,Transceiver,VR2TX,NOT USED,A69-1601-62759,,,,,STATION,LD12-1,POINT (-90.40795 42.27057),"Not recovered since October 2019. Battery dead.|Added this deploy record for RAFT format, Not recovered since October 2019. Battery dead."
"2025-03-12",TRANSMITTER,USFWS,FWSLAX,"677_P9-VR2TX-481460-A69-1601-63460-2021-05-05T01",2021-05-05 01:29:00.000,2021-06-10 01:44:00.000,UTC,STATION:677_P9,43.5464,-91.24196,,0.0,0.0,Transceiver,VR2TX,NOT USED,A69-1601-63460,,,,,STATION,"677_P9",POINT (-91.24196 43.5464),|Added this deploy record for RAFT format
"2025-03-12",TRANSMITTER,USFWS,FWSLAX,"480B-VR2TX-481463-A69-1601-63463-2018-06-13T17",2018-06-13 17:05:00.000,2018-07-01 17:00:00.000,UTC,STATION:480B,41.48861,-90.60312,,,,Transceiver,VR2TX,NOT USED,A69-1601-63463,,,,,STATION,"480B",POINT (-90.60312 41.48861),"Pulled by fisherman (July?), picked up at Sunset Marina on 11/28/18. Estimated removal date as day after last detection (6/30/18)|Added this deploy record for RAFT format, Pulled by fisherman (July?), picked up at Sunset Marina on 11/28/18. Estimated removal date as day after last detection (6/30/18)"
"2025-03-12",TRANSMITTER,USFWS,FWSLAX,IOWA16-VR2TX-481464-A69-1601-63464-2019-10-02T13,2019-10-02 13:11:00.000,2021-04-21 18:16:00.000,UTC,STATION:IOWA16,41.17879,-91.18201,,3.0,3.0,Transceiver,VR2TX,NOT USED,A69-1601-63464,,,,,STATION,IOWA16,POINT (-91.18201 41.17879),"Battery dead. Last recovery/download 2019.|Added this deploy record for RAFT format, Battery dead. Last recovery/download 2019."
"2025-03-12",TRANSMITTER,USFWS,FWSLAX,MAQUOKETA-VR2TX-489356-A69-1601-62605-2023-07-19T00,2023-07-19 00:38:00.000,2023-09-27 00:45:00.000,UTC,STATION:MAQUOKETA,42.18187,-90.3148,,0.0,,Transceiver,VR2TX,NOT USED,A69-1601-62605,,,,,STATION,MAQUOKETA,POINT (-90.3148 42.18187),"Receiver was pulled up on shore. This looks like a popular fishing spot, consider moving next year. Dead shallow in the Maquoketa, almost couldn’t make it to shore|Added this deploy record for RAFT format, Receiver was pulled up on shore. This looks like a popular fishing spot, consider moving next year. Dead shallow in the Maquoketa, almost couldn’t make it to shore"
"2025-03-12",TRANSMITTER,USFWS,FWSLAX,"1513-VR2TX-480757-A69-1601-62757-2016-10-11T17",2016-10-11 17:00:00.000,2017-10-11 17:00:00.000,UTC,STATION:1513,41.51483,-90.57079,,,,Transceiver,VR2TX,NOT USED,A69-1601-62757,,,,,STATION,"1513",POINT (-90.57079 41.51483),"Deployed as a bottom set extending downstream, but later unrecovered and lost. Made up approx. coordinates right below Lock 15"
"2025-03-12",TRANSMITTER,USFWS,FWSLAX,"558_P12-VR2TX-480752-A69-1601-62752-2024-03-05T23",2024-03-05 23:01:54.000,,UTC,STATION:558_P12,42.27584,-90.42636,,5.0,1.0,Transceiver,VR2TX,NOT USED,A69-1601-62752,,,,,STATION,"558_P12",POINT (-90.42636 42.27584),""
"2025-03-12",TRANSMITTER,USFWS,FWSLAX,"6055_P11-VR2TX-489340-A69-1601-62589-2024-03-06T16",2024-03-06 16:53:29.000,,UTC,STATION:6055_P11,42.6984,-90.98303,,3.0,3.0,Transceiver,VR2TX,NOT USED,A69-1601-62589,,,,,STATION,"6055_P11",POINT (-90.98303 42.6984),"receiver buried at every attempt in 2024, maybe still can be recovered?"
"2025-03-12",TRANSMITTER,USFWS,FWSLAX,"632_P10-VR2TX-485283-A69-1601-62773-2024-03-12T16",2024-03-12 16:56:05.000,2024-10-03 21:50:05.000,UTC,STATION:632_P10,43.12771,-91.18089,,,,Transceiver,VR2TX,NOT USED,A69-1601-62773,,,,,STATION,"632_P10",POINT (-91.18089 43.12771),new location after downed tree
"2025-03-12",TRANSMITTER,USFWS,FWSLAX,"6825_P8-VR2TX-489339-A69-1601-62588-2024-03-12T14",2024-03-12 14:54:00.000,2024-10-04 19:45:35.000,UTC,STATION:6825_P8,43.61831,-91.22293,,3.0,3.0,Transceiver,VR2TX,NOT USED,A69-1601-62588,,,,,STATION,"6825_P8",POINT (-91.22293 43.61831),Replaced cable and hardware for shore mount
"2025-03-12",TRANSMITTER,USFWS,FWSLAX,"682_RAFTCHANNEL_P8-VR2TX-490983-A69-1601-62662-2024-09-03T18",2024-09-03 18:44:34.000,2024-10-04 20:14:35.000,UTC,STATION:682_RAFTCHANNEL_P8,43.61334,-91.2704,,1.0,1.0,Transceiver,VR2TX,NOT USED,A69-1601-62662,,,,,STATION,"682_RAFTCHANNEL_P8",POINT (-91.2704 43.61334),""
"2025-03-12",TRANSMITTER,USFWS,FWSLAX,"687_P8-VR2TX-489353-A69-1601-62602-2024-03-07T15",2024-03-07 15:35:41.000,2024-10-04 19:26:02.000,UTC,STATION:687_P8,43.66612,-91.25036,,1.0,1.0,Transceiver,VR2TX,NOT USED,A69-1601-62602,,,,,STATION,"687_P8",POINT (-91.25036 43.66612),""
"2025-03-12",TRANSMITTER,USFWS,FWSLAX,"7155_WI_P6-VR2TX-489338-A69-1601-62587-2024-09-26T18",2024-09-26 18:08:47.000,2024-10-15 20:51:51.000,UTC,STATION:7155_WI_P6,44.00719,-91.45495,,3.0,0.5,Transceiver,VR2TX,NOT USED,A69-1601-62587,,,,,STATION,"7155_WI_P6",POINT (-91.45495 44.00719),""
"2026-01-27",TRANSMITTER,USFWS,FWSLAX,"581_P12-VR2TX-480760-A69-1601-62760-2024-10-03T13",2024-10-03 13:46:50.000,2025-03-25 21:44:56.000,UTC,STATION:581_P12,42.50701,-90.64076,,2.0,2.0,Transceiver,VR2TX,NOT USED,A69-1601-62760,,,,,STATION,"581_P12",POINT (-90.64076 42.50701),""
"2026-01-27",TRANSMITTER,USFWS,FWSLAX,"6145_P11-VR2TX-487010-A69-1601-63937-2024-10-03T16",2024-10-03 16:02:43.000,2025-03-26 15:18:15.000,UTC,STATION:6145_P11,42.77906,-91.08943,,1.0,1.0,Transceiver,VR2TX,NOT USED,A69-1601-63937,,,,,STATION,"6145_P11",POINT (-91.08943 42.77906),""
"2026-01-27",TRANSMITTER,USFWS,FWSLAX,"632_P10-VR2TX-485283-A69-1601-62773-2024-10-03T21",2024-10-03 21:55:05.000,2025-03-27 16:12:03.000,UTC,STATION:632_P10,43.12771,-91.18089,,,,Transceiver,VR2TX,NOT USED,A69-1601-62773,,,,,STATION,"632_P10",POINT (-91.18089 43.12771),""
"2026-01-27",TRANSMITTER,USFWS,FWSLAX,"6825_P8-VR2TX-489339-A69-1601-62588-2024-10-04T19",2024-10-04 19:50:35.000,2025-03-18 16:44:37.000,UTC,STATION:6825_P8,43.61826,-91.22293,,3.0,3.0,Transceiver,VR2TX,NOT USED,A69-1601-62588,,,,,STATION,"6825_P8",POINT (-91.22293 43.61826),
"2026-01-27",TRANSMITTER,USFWS,FWSLAX,"7155_WI_P6-VR2TX-489338-A69-1601-62587-2024-10-15T20",2024-10-15 20:56:51.000,2025-03-21 18:16:00.000,UTC,STATION:7155_WI_P6,44.00724,-91.45497,,3.0,0.5,Transceiver,VR2TX,NOT USED,A69-1601-62587,,,,,STATION,"7155_WI_P6",POINT (-91.45497 44.00724),Receiver removed because of ice damage
"2026-01-27",TRANSMITTER,USFWS,FWSLAX,"5335_P13-VR2TX-487015-A69-1601-63942-2024-10-02T19",2024-10-02 19:22:10.000,2025-03-25 17:56:29.000,UTC,STATION:5335_P13,42.041,-90.16798,,,,Transceiver,VR2TX,NOT USED,A69-1601-63942,,,,,STATION,"5335_P13",POINT (-90.16798 42.041),""
"2026-01-27",TRANSMITTER,USFWS,FWSLAX,"6475_P10-VR2TX-485285-A69-1601-62775-2024-10-04T14",2024-10-04 14:40:40.000,2025-03-27 17:36:44.000,UTC,STATION:6475_P10,43.20468,-91.10654,,1.0,1.0,Transceiver,VR2TX,NOT USED,A69-1601-62775,,,,,STATION,"6475_P10",POINT (-91.10654 43.20468),
"2026-01-27",TRANSMITTER,USFWS,FWSLAX,"679_P9-VR2TX-481460-A69-1601-63460-2024-10-04T18",2024-10-04 18:45:15.000,2025-03-20 17:37:33.000,UTC,STATION:679_P9,43.56338,-91.23639,,,2.0,Transceiver,VR2TX,NOT USED,A69-1601-63460,,,,,STATION,"679_P9",POINT (-91.23639 43.56338),""
"2026-01-27",TRANSMITTER,USFWS,FWSLAX,"682_RAFTCHANNEL_P8-VR2TX-490983-A69-1601-62662-2024-10-04T20",2024-10-04 20:19:35.000,2025-03-18 15:58:37.000,UTC,STATION:682_RAFTCHANNEL_P8,43.61332,-91.27037,,1.0,1.0,Transceiver,VR2TX,NOT USED,A69-1601-62662,,,,,STATION,"682_RAFTCHANNEL_P8",POINT (-91.27037 43.61332),""
"2026-01-27",TRANSMITTER,USFWS,FWSLAX,"687_P8-VR2TX-489353-A69-1601-62602-2024-10-04T19",2024-10-04 19:29:02.000,2025-05-08 16:09:02.000,UTC,STATION:687_P8,43.66607,-91.2503,,1.0,1.0,Transceiver,VR2TX,NOT USED,A69-1601-62602,,,,,STATION,"687_P8",POINT (-91.2503 43.66607),""
"2026-01-27",TRANSMITTER,USFWS,FWSLAX,"694_ROOTRIVCONF_P8-VR2TX-489342-A69-1601-62591-2024-10-03T19",2024-10-03 19:58:45.000,2025-03-18 15:17:51.000,UTC,STATION:694_ROOTRIVCONF_P8,43.7651,-91.25531,,0.5,0.5,Transceiver,VR2TX,NOT USED,A69-1601-62591,,,,,STATION,"694_ROOTRIVCONF_P8",POINT (-91.25531 43.7651),""
"2026-01-27",TRANSMITTER,USFWS,FWSLAX,"7005_EASTCHANNEL_P8-VR2TX-489354-A69-1601-62603-2024-10-03T18",2024-10-03 18:24:22.000,2025-03-17 16:56:45.000,UTC,STATION:7005_EASTCHANNEL_P8,43.84156,-91.28002,,1.0,1.0,Transceiver,VR2TX,NOT USED,A69-1601-62603,,,,,STATION,"7005_EASTCHANNEL_P8",POINT (-91.28002 43.84156),""
"2026-01-27",TRANSMITTER,USFWS,FWSLAX,"7025_P7-VR2TX-485277-A69-1601-62747-2024-10-03T14",2024-10-03 14:59:45.000,2025-03-21 16:22:31.000,UTC,STATION:7025_P7,43.87294,-91.31837,,2.0,2.0,Transceiver,VR2TX,NOT USED,A69-1601-62747,,,,,STATION,"7025_P7",POINT (-91.31837 43.87294),
"2026-01-27",TRANSMITTER,USFWS,FWSLAX,"7145_P6-VR2TX-480764-A69-1601-62764-2024-10-15T19",2024-10-15 19:45:19.000,2025-03-21 17:54:13.000,UTC,STATION:7145_P6,43.99765,-91.44281,,2.0,2.0,Transceiver,VR2TX,NOT USED,A69-1601-62764,,,,,STATION,"7145_P6",POINT (-91.44281 43.99765),""
"2026-01-27",TRANSMITTER,USFWS,FWSLAX,"717_CEDARCRCONF_P6-VR2TX-489344-A69-1601-62593-2024-10-15T20",2024-10-15 20:34:23.000,2025-03-21 19:22:02.000,UTC,STATION:717_CEDARCRCONF_P6,44.00939,-91.49466,,1.0,1.0,Transceiver,VR2TX,NOT USED,A69-1601-62593,,,,,STATION,"717_CEDARCRCONF_P6",POINT (-91.49466 44.00939),""
"2026-01-27",TRANSMITTER,USFWS,FWSLAX,"7285_POLANDERLAKE_P5A-VR2TX-489345-A69-1601-62594-2024-10-15T18",2024-10-15 18:28:27.000,2025-03-25 15:43:12.000,UTC,STATION:7285_POLANDERLAKE_P5A,44.08112,-91.68591,,0.5,0.5,Transceiver,VR2TX,NOT USED,A69-1601-62594,,,,,STATION,"7285_POLANDERLAKE_P5A",POINT (-91.68591 44.08112),""
"2026-01-27",TRANSMITTER,USFWS,FWSLAX,"730_P5A-VR2TX-487011-A69-1601-63938-2024-10-15T17",2024-10-15 17:49:11.000,2025-03-28 17:39:21.000,UTC,STATION:730_P5A,44.09908,-91.69081,,2.0,2.0,Transceiver,VR2TX,NOT USED,A69-1601-63938,,,,,STATION,"730_P5A",POINT (-91.69081 44.09908),Changed battery
"2025-03-12",TRANSMITTER,USFWS,FWSLAX,"7345_FCBAY_P5A-VR2TX-490982-A69-1601-62661-2023-11-13T21",2023-11-13 21:43:00.000,2024-10-02 14:29:29.000,UTC,STATION:7345_FCBAY_P5A,44.13903,-91.73095,,1.0,1.0,Transceiver,VR2TX,NOT USED,A69-1601-62661,,,,,STATION,"7345_FCBAY_P5A",POINT (-91.73095 44.13903),New receiver location
"2025-03-12",TRANSMITTER,USFWS,FWSLAX,FRENTRESS_P12-VR2TX-484549-A69-1601-62097-2024-03-06T15,2024-03-06 15:07:39.000,2024-10-03 13:20:35.000,UTC,STATION:FRENTRESS_P12,42.45929,-90.61535,,3.0,3.0,Transceiver,VR2TX,NOT USED,A69-1601-62097,,,,,STATION,FRENTRESS_P12,POINT (-90.61535 42.45929),""
"2025-03-12",TRANSMITTER,USFWS,FWSLAX,GARNETLAKE_P10-VR2TX-480770-A69-1601-62770-2024-03-06T20,2024-03-06 20:59:53.000,2024-10-03 21:00:35.000,UTC,STATION:GARNETLAKE_P10,43.0098,-91.15772,,1.0,1.0,Transceiver,VR2TX,NOT USED,A69-1601-62770,,,,,STATION,GARNETLAKE_P10,POINT (-91.15772 43.0098),""
"2025-03-12",TRANSMITTER,USFWS,FWSLAX,P13_523-VR2TX-489355-A69-1601-62604-2024-06-21T13,2024-06-21 13:35:00.000,,UTC,STATION:P13_523,41.90509,-90.15087,,2.0,2.0,Transceiver,VR2TX,NOT USED,A69-1601-62604,,,,,STATION,P13_523,POINT (-90.15087 41.90509),""
"2025-03-12",TRANSMITTER,USFWS,FWSLAX,P19_367-VR2TX-489350-A69-1601-62599-2024-02-20T15,2024-02-20 15:47:41.000,2024-12-09 18:23:00.000,UTC,STATION:P19_367,40.42571,-91.37576,,,,Transceiver,VR2TX,NOT USED,A69-1601-62599,,,,,STATION,P19_367,POINT (-91.37576 40.42571),""
"2025-03-12",TRANSMITTER,USFWS,FWSLAX,"581_P12-VR2TX-480760-A69-1601-62760-2023-09-27T17",2023-09-27 17:43:00.000,2024-10-03 13:41:50.000,UTC,STATION:581_P12,42.50701,-90.64076,,2.0,,Transceiver,VR2TX,NOT USED,A69-1601-62760,,,,,STATION,"581_P12",POINT (-90.64076 42.50701),Added this deploy record for RAFT format
"2025-03-12",TRANSMITTER,USFWS,FWSLAX,"722_LAKEWINONA_P6-VR2TX-489338-A69-1601-62587-2023-11-15T21",2023-11-15 21:33:00.000,2024-09-26 15:46:26.000,UTC,STATION:722_LAKEWINONA_P6,44.02544,-91.58186,,0.5,0.5,Transceiver,VR2TX,NOT USED,A69-1601-62587,,,,,STATION,"722_LAKEWINONA_P6",POINT (-91.58186 44.02544),"New receiver location|New receiver location, Removing receiver because of sedimentation and vegetation"
"2025-03-12",TRANSMITTER,USFWS,FWSLAX,WR_WOODMAN_LAKE-VR2TX-489346-A69-1601-62595-2023-07-12T21,2023-07-12 21:41:00.000,2024-07-29 19:21:39.000,UTC,STATION:WR_WOODMAN_LAKE,43.10615,-90.79783,,1.0,1.0,Transceiver,VR2TX,NOT USED,A69-1601-62595,,,,,STATION,WR_WOODMAN_LAKE,POINT (-90.79783 43.10615),Added this deploy record for RAFT format
"2025-03-12",TRANSMITTER,USFWS,FWSLAX,"694_ROOTRIVCONF_P8-VR2TX-489342-A69-1601-62591-2023-11-14T23",2023-11-14 23:59:11.000,2024-10-03 19:53:45.000,UTC,STATION:694_ROOTRIVCONF_P8,43.7651,-91.25531,,0.5,0.5,Transceiver,VR2TX,NOT USED,A69-1601-62591,,,,,STATION,"694_ROOTRIVCONF_P8",POINT (-91.25531 43.7651),"Almost unreachable at this water level in October|New receiver position, New receiver position|New receiver position"
"2026-01-27",TRANSMITTER,USFWS,FWSLAX,"7385_MN_P5-VR2TX-489343-A69-1601-62592-2024-11-22T17",2024-11-22 17:00:52.000,2025-03-21 16:33:16.000,UTC,STATION:7385_MN_P5,44.16566,-91.82442,,2.0,2.0,Transceiver,VR2TX,NOT USED,A69-1601-62592,,,,,STATION,"7385_MN_P5",POINT (-91.82442 44.16566),""
"2026-01-27",TRANSMITTER,USFWS,FWSLAX,GARNETLAKE_P10-VR2TX-480770-A69-1601-62770-2024-10-03T21,2024-10-03 21:05:35.000,2025-03-27 15:27:28.000,UTC,STATION:GARNETLAKE_P10,43.00984,-91.15771,,1.0,1.0,Transceiver,VR2TX,NOT USED,A69-1601-62770,,,,,STATION,GARNETLAKE_P10,POINT (-91.15771 43.00984),""
"2026-01-27",TRANSMITTER,USFWS,FWSLAX,MAQUOKETA-VR2TX-489356-A69-1601-62605-2024-10-02T20,2024-10-02 20:33:44.000,2025-07-01 20:13:14.000,UTC,STATION:MAQUOKETA,42.1818,-90.31484,,1.0,,Transceiver,VR2TX,NOT USED,A69-1601-62605,,,,,STATION,MAQUOKETA,POINT (-90.31484 42.1818),""
"2025-08-08",TRANSMITTER,USFWS,FWSLAX,KIWANIS_P6-VR2TX-480759-A69-1601-62759-2024-10-02T18,2024-10-02 18:05:26.000,2025-03-25 18:13:09.000,UTC,STATION:KIWANIS_P6,44.07924,-91.67927,,4.0,4.0,Transceiver,VR2TX,NOT USED,A69-1601-62759,,,,,STATION,KIWANIS_P6,POINT (-91.67927 44.07924),""
"2026-01-27",TRANSMITTER,USFWS,FWSLAX,WI_RIVER_PRAIRIEDUSAC-VR2TX-489347-A69-1601-62596-2024-07-29T16,2024-07-29 16:48:00.000,2025-05-19 21:01:41.000,UTC,STATION:WI_RIVER_PRAIRIEDUSAC,43.29172,-89.71775,,,,Transceiver,VR2TX,NOT USED,A69-1601-62596,,,,,STATION,WI_RIVER_PRAIRIEDUSAC,POINT (-89.71775 43.29172),""
"2026-01-27",TRANSMITTER,USFWS,FWSLAX,"732_BURLEIGHSLOUGH_P5A-VR2TX-490981-A69-1601-62660-2024-10-02T15",2024-10-02 15:29:29.000,2025-03-25 16:26:17.000,UTC,STATION:732_BURLEIGHSLOUGH_P5A,44.10324,-91.73449,,1.5,1.5,Transceiver,VR2TX,NOT USED,A69-1601-62660,,,,,STATION,"732_BURLEIGHSLOUGH_P5A",POINT (-91.73449 44.10324),""
"2026-01-27",TRANSMITTER,USFWS,FWSLAX,"7345_FCBAY_P5A-VR2TX-490982-A69-1601-62661-2024-10-02T14",2024-10-02 14:29:29.000,2025-03-21 18:35:22.000,UTC,STATION:7345_FCBAY_P5A,44.13908,-91.73097,,1.5,1.5,Transceiver,VR2TX,NOT USED,A69-1601-62661,,,,,STATION,"7345_FCBAY_P5A",POINT (-91.73097 44.13908),""
"2026-01-27",TRANSMITTER,USFWS,FWSLAX,"7365_KESSELHORSEBAY_P5A-VR2TX-490980-A69-1601-62659-2024-10-02T15",2024-10-02 15:04:14.000,2025-03-21 19:46:01.000,UTC,STATION:7365_KESSELHORSEBAY_P5A,44.15114,-91.77473,,1.0,1.0,Transceiver,VR2TX,NOT USED,A69-1601-62659,,,,,STATION,"7365_KESSELHORSEBAY_P5A",POINT (-91.77473 44.15114),""
"2026-01-27",TRANSMITTER,USFWS,FWSLAX,"7373_WI_P5A-VR2TX-489351-A69-1601-62600-2024-11-25T19",2024-11-25 19:48:06.000,2025-03-25 14:36:55.000,UTC,STATION:7373_WI_P5A,44.15595,-91.79702,,1.5,0.5,Transceiver,VR2TX,NOT USED,A69-1601-62600,,,,,STATION,"7373_WI_P5A",POINT (-91.79702 44.15595),""
"2026-01-27",TRANSMITTER,USFWS,FWSLAX,"737_WI_P5A-VR2TX-484546-A69-1601-62094-2024-11-25T20",2024-11-25 20:08:34.000,2025-06-04 15:34:08.000,UTC,STATION:737_WI_P5A,44.15389,-91.79025,,,,Transceiver,VR2TX,NOT USED,A69-1601-62094,,,,,STATION,"737_WI_P5A",POINT (-91.79025 44.15389),
"2026-01-27",TRANSMITTER,USFWS,FWSLAX,FRENTRESS_P12-VR2TX-484549-A69-1601-62097-2024-10-03T13,2024-10-03 13:25:35.000,2025-03-25 21:27:30.000,UTC,STATION:FRENTRESS_P12,42.45929,-90.61535,,3.0,3.0,Transceiver,VR2TX,NOT USED,A69-1601-62097,,,,,STATION,FRENTRESS_P12,POINT (-90.61535 42.45929),
"2026-01-27",TRANSMITTER,USFWS,FWSLAX,TURKEY_P11-VR2TX-489341-A69-1601-62590-2024-10-03T15,2024-10-03 15:38:12.000,2025-03-26 14:52:44.000,UTC,STATION:TURKEY_P11,42.70809,-91.02102,,,,Transceiver,VR2TX,NOT USED,A69-1601-62590,,,,,STATION,TURKEY_P11,POINT (-91.02102 42.70809),""
"2026-01-27",TRANSMITTER,USFWS,FWSLAX,WISCONSIN_BRIDGEPORT-VR2TX-484547-A69-1601-62095-2024-10-03T20,2024-10-03 20:20:08.000,2025-03-26 18:28:22.000,UTC,STATION:WISCONSIN_BRIDGEPORT,43.0023,-91.04539,,,,Transceiver,VR2TX,NOT USED,A69-1601-62095,,,,,STATION,WISCONSIN_BRIDGEPORT,POINT (-91.04539 43.0023),
"2026-01-27",TRANSMITTER,USFWS,FWSLAX,WR_WOODMAN_LAKE-VR2TX-489346-A69-1601-62595-2024-07-29T19,2024-07-29 19:26:39.000,2025-03-26 19:17:38.000,UTC,STATION:WR_WOODMAN_LAKE,43.10617,-90.79771,,1.0,1.0,Transceiver,VR2TX,NOT USED,A69-1601-62595,,,,,STATION,WR_WOODMAN_LAKE,POINT (-90.79771 43.10617),""
"2026-01-27",TRANSMITTER,USFWS,FWSLAX,"494SC_P14-VR2TX-481465-A69-1601-63465-2024-06-18T13",2024-06-18 13:48:47.000,2025-05-06 14:40:00.000,UTC,STATION:494SC_P14,41.57915,-90.39817,,,,Transceiver,VR2TX,NOT USED,A69-1601-63465,,,,,STATION,"494SC_P14",POINT (-90.39817 41.57915),Replaced hardware and receiver battery
"2026-01-27",TRANSMITTER,USFWS,FWSLAX,"717_TREMPEALEAURIVCONF_P6-VR2TX-489357-A69-1601-62606-2024-09-26T15",2024-09-26 15:24:00.000,2025-03-21 18:33:50.000,UTC,STATION:717_TREMPEALEAURIVCONF_P6,44.01772,-91.48835,,1.0,1.0,Transceiver,VR2TX,NOT USED,A69-1601-62606,,,,,STATION,"717_TREMPEALEAURIVCONF_P6",POINT (-91.48835 44.01772),""
"2025-03-12",TRANSMITTER,USFWS,FWSWILMINGTONILR,FOX RIVER_ISLAND US OF RT 6 BRIDGE-VR2TX-489204-A69-1601-62437-2023-03-16T17,2023-03-16 17:25:00.000,2023-04-06 16:43:00.000,UTC,STATION:FOX RIVER_ISLAND US OF RT 6 BRIDGE,41.35788,-88.81942,,1.34,1.31,Transceiver,VR2TX,NOT USED,A69-1601-62437,,,,,STATION,FOX RIVER_ISLAND US OF RT 6 BRIDGE,POINT (-88.81942 41.35788),"Tree at 41.35678/-88.81936. Receiver at 41.35788/-88.81937, Tree at 41.35678/-88.81936(WP304). Receiver at 41.35770/-88.81935"
"2025-03-12",TRANSMITTER,USFWS,FWSWILMINGTONILR,FOX RIVER_ISLAND US OF RT 6 BRIDGE-VR2TX-489204-A69-1601-62437-2023-04-06T16,2023-04-06 16:48:00.000,2023-05-17 15:23:00.000,UTC,STATION:FOX RIVER_ISLAND US OF RT 6 BRIDGE,41.35788,-88.81942,,1.34,1.31,Transceiver,VR2TX,NOT USED,A69-1601-62437,,,,,STATION,FOX RIVER_ISLAND US OF RT 6 BRIDGE,POINT (-88.81942 41.35788),"Added this deploy record for RAFT format, Tree at 41.35678/-88.81936(WP304). Receiver at 41.35770/-88.81935"
"2025-03-12",TRANSMITTER,USFWS,FWSWILMINGTONILR,FOX RIVER_ISLAND US OF RT 6 BRIDGE-VR2TX-489204-A69-1601-62437-2023-05-17T15,2023-05-17 15:28:00.000,2023-06-22 20:03:00.000,UTC,STATION:FOX RIVER_ISLAND US OF RT 6 BRIDGE,41.35788,-88.81942,,1.34,1.31,Transceiver,VR2TX,NOT USED,A69-1601-62437,,,,,STATION,FOX RIVER_ISLAND US OF RT 6 BRIDGE,POINT (-88.81942 41.35788),"Added this deploy record for RAFT format, Tree at 41.35678/-88.81936(WP304). Receiver at 41.35770/-88.81935"
"2025-03-12",TRANSMITTER,USFWS,FWSWILMINGTONILR,FOX RIVER_ISLAND US OF RT 6 BRIDGE-VR2TX-489204-A69-1601-62437-2023-06-22T20,2023-06-22 20:08:00.000,2023-07-20 15:24:00.000,UTC,STATION:FOX RIVER_ISLAND US OF RT 6 BRIDGE,41.35788,-88.81942,,1.34,1.31,Transceiver,VR2TX,NOT USED,A69-1601-62437,,,,,STATION,FOX RIVER_ISLAND US OF RT 6 BRIDGE,POINT (-88.81942 41.35788),"Added this deploy record for RAFT format, Tree at 41.35678/-88.81936(WP304). Receiver WP updated"
"2025-03-12",TRANSMITTER,USFWS,FWSWILMINGTONILR,FOX RIVER_ISLAND US OF RT 6 BRIDGE-VR2TX-489204-A69-1601-62437-2023-07-20T15,2023-07-20 15:29:00.000,2023-08-31 16:00:00.000,UTC,STATION:FOX RIVER_ISLAND US OF RT 6 BRIDGE,41.35788,-88.81942,,1.34,1.31,Transceiver,VR2TX,NOT USED,A69-1601-62437,,,,,STATION,FOX RIVER_ISLAND US OF RT 6 BRIDGE,POINT (-88.81942 41.35788),"Added this deploy record for RAFT format, Receiver WP updated"
"2025-03-12",TRANSMITTER,USFWS,FWSWILMINGTONILR,RM2385 HITT-MAYO STRAIGHT-VR2TX-489040-A69-1601-62347-2024-06-20T18,2024-06-20 18:21:00.000,2024-08-26 15:52:00.000,UTC,STATION:RM2385 HITT-MAYO STRAIGHT,41.3346,-88.86343,,1.68,1.65,Transceiver,VR2TX,NOT USED,A69-1601-62347,,,,,STATION,RM2385 HITT-MAYO STRAIGHT,POINT (-88.86343 41.3346),"Receiver downloaded, WP updated"
"2025-03-12",TRANSMITTER,USFWS,FWSWILMINGTONILR,FOX RIVER_ISLAND US OF RT 6 BRIDGE-VR2TX-489204-A69-1601-62437-2023-08-31T16,2023-08-31 16:05:00.000,2023-09-26 14:46:00.000,UTC,STATION:FOX RIVER_ISLAND US OF RT 6 BRIDGE,41.35788,-88.81942,,1.34,1.31,Transceiver,VR2TX,NOT USED,A69-1601-62437,,,,,STATION,FOX RIVER_ISLAND US OF RT 6 BRIDGE,POINT (-88.81942 41.35788),"Added this deploy record for RAFT format, Receiver WP updated"
"2025-03-12",TRANSMITTER,USFWS,FWSWILMINGTONILR,FOX RIVER_ISLAND US OF RT 6 BRIDGE-VR2TX-489204-A69-1601-62437-2023-09-26T14,2023-09-26 14:51:00.000,2023-10-31 15:32:00.000,UTC,STATION:FOX RIVER_ISLAND US OF RT 6 BRIDGE,41.35788,-88.81942,,1.34,1.31,Transceiver,VR2TX,NOT USED,A69-1601-62437,,,,,STATION,FOX RIVER_ISLAND US OF RT 6 BRIDGE,POINT (-88.81942 41.35788),"Added this deploy record for RAFT format, Receiver WP updated"
"2025-03-12",TRANSMITTER,USFWS,FWSWILMINGTONILR,FOX RIVER_ISLAND US OF RT 6 BRIDGE-VR2TX-489204-A69-1601-62437-2023-10-31T15,2023-10-31 15:37:00.000,2023-11-08 17:57:00.000,UTC,STATION:FOX RIVER_ISLAND US OF RT 6 BRIDGE,41.35788,-88.81942,,1.34,1.31,Transceiver,VR2TX,NOT USED,A69-1601-62437,,,,,STATION,FOX RIVER_ISLAND US OF RT 6 BRIDGE,POINT (-88.81942 41.35788),"Added this deploy record for RAFT format, Receiver downloaded and pulled for the season"
"2025-03-12",TRANSMITTER,USFWS,FWSWILMINGTONILR,RM1636 MC DETWEILER MARINA-VR2TX-489037-A69-1601-62344-2023-03-06T17,2023-03-06 17:05:00.000,2023-04-04 15:47:00.000,UTC,STATION:RM1636 MC DETWEILER MARINA,40.69844,-89.57085,,1.28,1.133,Transceiver,VR2TX,NOT USED,A69-1601-62344,,,,,STATION,RM1636 MC DETWEILER MARINA,POINT (-89.57085 40.69844),"Receiver at WP 257, Tree at WP255 Receiver #489037, Receiver at WP 257, Tree at WP255 Receiver #489037"
"2025-03-12",TRANSMITTER,USFWS,FWSWILMINGTONILR,RM1636 MC DETWEILER MARINA-VR2TX-489037-A69-1601-62344-2023-04-04T15,2023-04-04 15:52:00.000,2023-05-15 20:12:00.000,UTC,STATION:RM1636 MC DETWEILER MARINA,40.69844,-89.57085,,1.28,1.133,Transceiver,VR2TX,NOT USED,A69-1601-62344,,,,,STATION,RM1636 MC DETWEILER MARINA,POINT (-89.57085 40.69844),"Added this deploy record for RAFT format, Receiver at WP 257, Tree at WP255 Receiver #489037"
"2025-03-12",TRANSMITTER,USFWS,FWSWILMINGTONILR,RM1636 MC DETWEILER MARINA-VR2TX-489037-A69-1601-62344-2023-05-15T20,2023-05-15 20:17:00.000,2023-06-20 16:17:00.000,UTC,STATION:RM1636 MC DETWEILER MARINA,40.69844,-89.57085,,1.28,1.133,Transceiver,VR2TX,NOT USED,A69-1601-62344,,,,,STATION,RM1636 MC DETWEILER MARINA,POINT (-89.57085 40.69844),"Added this deploy record for RAFT format, Receiver at WP 257, Tree at WP255 Receiver #489037 WP updated"
"2025-03-12",TRANSMITTER,USFWS,FWSWILMINGTONILR,RM1636 MC DETWEILER MARINA-VR2TX-489037-A69-1601-62344-2023-06-20T16,2023-06-20 16:22:00.000,2023-07-17 16:25:00.000,UTC,STATION:RM1636 MC DETWEILER MARINA,40.69844,-89.57085,,1.28,1.133,Transceiver,VR2TX,NOT USED,A69-1601-62344,,,,,STATION,RM1636 MC DETWEILER MARINA,POINT (-89.57085 40.69844),"Added this deploy record for RAFT format, Receiver  WP updated"
"2025-03-12",TRANSMITTER,USFWS,FWSWILMINGTONILR,RM1636 MC DETWEILER MARINA-VR2TX-489037-A69-1601-62344-2023-07-17T16,2023-07-17 16:30:00.000,2023-08-28 15:11:00.000,UTC,STATION:RM1636 MC DETWEILER MARINA,40.69844,-89.57085,,1.28,1.133,Transceiver,VR2TX,NOT USED,A69-1601-62344,,,,,STATION,RM1636 MC DETWEILER MARINA,POINT (-89.57085 40.69844),"Added this deploy record for RAFT format, Receiver WP updated"
"2025-03-12",TRANSMITTER,USFWS,FWSWILMINGTONILR,RM1636 MC DETWEILER MARINA-VR2TX-489037-A69-1601-62344-2023-08-28T15,2023-08-28 15:16:00.000,2023-09-27 14:51:00.000,UTC,STATION:RM1636 MC DETWEILER MARINA,40.69844,-89.57085,,1.28,1.133,Transceiver,VR2TX,NOT USED,A69-1601-62344,,,,,STATION,RM1636 MC DETWEILER MARINA,POINT (-89.57085 40.69844),"Added this deploy record for RAFT format, Receiver WP updated"
"2025-03-12",TRANSMITTER,USFWS,FWSWILMINGTONILR,RM1636 MC DETWEILER MARINA-VR2TX-489037-A69-1601-62344-2023-09-27T14,2023-09-27 14:56:00.000,2023-11-01 15:36:00.000,UTC,STATION:RM1636 MC DETWEILER MARINA,40.69844,-89.57085,,1.28,1.133,Transceiver,VR2TX,NOT USED,A69-1601-62344,,,,,STATION,RM1636 MC DETWEILER MARINA,POINT (-89.57085 40.69844),"Added this deploy record for RAFT format, Receiver pulled from water, left on shore. Receiver downloaded and pulled for the season"
"2025-03-12",TRANSMITTER,USFWS,FWSWILMINGTONILR,RM173 UPPER PEORIA LAKE_RIVER LEFT-VR2TX-489209-A69-1601-62442-2023-03-06T19,2023-03-06 19:19:00.000,2023-04-04 17:06:00.000,UTC,STATION:RM173 UPPER PEORIA LAKE_RIVER LEFT,40.8187,-89.54366,,0.488,0.504,Transceiver,VR2TX,NOT USED,A69-1601-62442,,,,,STATION,RM173 UPPER PEORIA LAKE_RIVER LEFT,POINT (-89.54366 40.8187),"Channel marker at WP261, Receiver at WP262, Channel marker at WP261, Receiver at WP262"
"2025-03-12",TRANSMITTER,USFWS,FWSWILMINGTONILR,RM173 UPPER PEORIA LAKE_RIVER LEFT-VR2TX-489209-A69-1601-62442-2023-04-04T17,2023-04-04 17:11:00.000,2023-05-15 16:51:00.000,UTC,STATION:RM173 UPPER PEORIA LAKE_RIVER LEFT,40.8187,-89.54366,,0.488,0.504,Transceiver,VR2TX,NOT USED,A69-1601-62442,,,,,STATION,RM173 UPPER PEORIA LAKE_RIVER LEFT,POINT (-89.54366 40.8187),"Added this deploy record for RAFT format, Channel marker at WP261, Receiver at WP262. Extended receiver cable to reach deeper water. GPS and waypoint updated"
"2025-03-12",TRANSMITTER,USFWS,FWSWILMINGTONILR,RM173 UPPER PEORIA LAKE_RIVER LEFT-VR2TX-489209-A69-1601-62442-2023-05-15T16,2023-05-15 16:56:00.000,2023-06-20 18:11:00.000,UTC,STATION:RM173 UPPER PEORIA LAKE_RIVER LEFT,40.8187,-89.54366,,0.488,0.504,Transceiver,VR2TX,NOT USED,A69-1601-62442,,,,,STATION,RM173 UPPER PEORIA LAKE_RIVER LEFT,POINT (-89.54366 40.8187),"Added this deploy record for RAFT format, Channel marker at WP261, Waypoint updated"
"2025-03-12",TRANSMITTER,USFWS,FWSWILMINGTONILR,RM173 UPPER PEORIA LAKE_RIVER LEFT-VR2TX-489209-A69-1601-62442-2023-06-20T18,2023-06-20 18:16:00.000,2023-07-17 18:18:00.000,UTC,STATION:RM173 UPPER PEORIA LAKE_RIVER LEFT,40.8187,-89.54366,,0.488,0.504,Transceiver,VR2TX,NOT USED,A69-1601-62442,,,,,STATION,RM173 UPPER PEORIA LAKE_RIVER LEFT,POINT (-89.54366 40.8187),"Added this deploy record for RAFT format, Channel marker at WP261"
"2025-03-12",TRANSMITTER,USFWS,FWSWILMINGTONILR,RM173 UPPER PEORIA LAKE_RIVER LEFT-VR2TX-489209-A69-1601-62442-2023-07-17T18,2023-07-17 18:23:00.000,2023-08-28 16:59:00.000,UTC,STATION:RM173 UPPER PEORIA LAKE_RIVER LEFT,40.8187,-89.54366,,0.488,0.504,Transceiver,VR2TX,NOT USED,A69-1601-62442,,,,,STATION,RM173 UPPER PEORIA LAKE_RIVER LEFT,POINT (-89.54366 40.8187),"Added this deploy record for RAFT format, Receiver WP updated"
"2025-03-12",TRANSMITTER,USFWS,FWSWILMINGTONILR,RM173 UPPER PEORIA LAKE_RIVER LEFT-VR2TX-489209-A69-1601-62442-2023-08-28T17,2023-08-28 17:04:00.000,2023-09-27 15:43:00.000,UTC,STATION:RM173 UPPER PEORIA LAKE_RIVER LEFT,40.8187,-89.54366,,0.488,0.504,Transceiver,VR2TX,NOT USED,A69-1601-62442,,,,,STATION,RM173 UPPER PEORIA LAKE_RIVER LEFT,POINT (-89.54366 40.8187),"Added this deploy record for RAFT format, Receiver WP updated"
"2025-03-12",TRANSMITTER,USFWS,FWSWILMINGTONILR,RM173 UPPER PEORIA LAKE_RIVER RIGHT-VR2TX-489040-A69-1601-62347-2023-03-06T20,2023-03-06 20:05:00.000,2023-04-04 17:56:00.000,UTC,STATION:RM173 UPPER PEORIA LAKE_RIVER RIGHT,40.82307,-89.55513,,0.701,0.598,Transceiver,VR2TX,NOT USED,A69-1601-62347,,,,,STATION,RM173 UPPER PEORIA LAKE_RIVER RIGHT,POINT (-89.55513 40.82307),"Tree at WP263, Receiver at WP265, Updated WP 283 Tree at 40.82358/-89.55519"
"2025-03-12",TRANSMITTER,USFWS,FWSWILMINGTONILR,RM173 UPPER PEORIA LAKE_RIVER RIGHT-VR2TX-489040-A69-1601-62347-2023-04-04T18,2023-04-04 18:01:00.000,2023-05-15 18:34:00.000,UTC,STATION:RM173 UPPER PEORIA LAKE_RIVER RIGHT,40.82307,-89.55513,,0.701,0.598,Transceiver,VR2TX,NOT USED,A69-1601-62347,,,,,STATION,RM173 UPPER PEORIA LAKE_RIVER RIGHT,POINT (-89.55513 40.82307),"Added this deploy record for RAFT format, Updated WP 283 Tree at 40.82358/-89.55519"
"2025-03-12",TRANSMITTER,USFWS,FWSWILMINGTONILR,RM173 UPPER PEORIA LAKE_RIVER RIGHT-VR2TX-489040-A69-1601-62347-2023-05-15T18,2023-05-15 18:39:00.000,2023-06-20 18:25:00.000,UTC,STATION:RM173 UPPER PEORIA LAKE_RIVER RIGHT,40.82307,-89.55513,,0.701,0.598,Transceiver,VR2TX,NOT USED,A69-1601-62347,,,,,STATION,RM173 UPPER PEORIA LAKE_RIVER RIGHT,POINT (-89.55513 40.82307),"Added this deploy record for RAFT format, Tree at WP 283. Receiver WP updated"
"2025-03-12",TRANSMITTER,USFWS,FWSWILMINGTONILR,RM173 UPPER PEORIA LAKE_RIVER RIGHT-VR2TX-489040-A69-1601-62347-2023-06-20T18,2023-06-20 18:30:00.000,2023-07-17 18:31:00.000,UTC,STATION:RM173 UPPER PEORIA LAKE_RIVER RIGHT,40.82307,-89.55513,,0.701,0.598,Transceiver,VR2TX,NOT USED,A69-1601-62347,,,,,STATION,RM173 UPPER PEORIA LAKE_RIVER RIGHT,POINT (-89.55513 40.82307),Added this deploy record for RAFT format
"2025-03-12",TRANSMITTER,USFWS,FWSWILMINGTONILR,RM173 UPPER PEORIA LAKE_RIVER RIGHT-VR2TX-489040-A69-1601-62347-2023-07-17T18,2023-07-17 18:36:00.000,2023-08-28 17:18:00.000,UTC,STATION:RM173 UPPER PEORIA LAKE_RIVER RIGHT,40.82307,-89.55513,,0.701,0.598,Transceiver,VR2TX,NOT USED,A69-1601-62347,,,,,STATION,RM173 UPPER PEORIA LAKE_RIVER RIGHT,POINT (-89.55513 40.82307),"Added this deploy record for RAFT format, Receiver WP updated"
"2025-03-12",TRANSMITTER,USFWS,FWSWILMINGTONILR,RM173 UPPER PEORIA LAKE_RIVER RIGHT-VR2TX-489040-A69-1601-62347-2023-08-28T17,2023-08-28 17:23:00.000,2023-09-27 15:56:00.000,UTC,STATION:RM173 UPPER PEORIA LAKE_RIVER RIGHT,40.82307,-89.55513,,0.701,0.598,Transceiver,VR2TX,NOT USED,A69-1601-62347,,,,,STATION,RM173 UPPER PEORIA LAKE_RIVER RIGHT,POINT (-89.55513 40.82307),"Added this deploy record for RAFT format, Receiver WP updated"
"2025-03-12",TRANSMITTER,USFWS,FWSWILMINGTONILR,RM1948 US UPPER HENRY ISLAND-VR2TX-489207-A69-1601-62440-2023-04-05T13,2023-04-05 13:49:00.000,2023-05-16 15:28:00.000,UTC,STATION:RM1948 US UPPER HENRY ISLAND,41.09459,-89.36732,,2.347,2.42,Transceiver,VR2TX,NOT USED,A69-1601-62440,,,,,STATION,RM1948 US UPPER HENRY ISLAND,POINT (-89.36732 41.09459),"Added this deploy record for RAFT format, Tree at WP 249, Receiver at WP 250"
"2025-03-12",TRANSMITTER,USFWS,FWSWILMINGTONILR,RM1948 US UPPER HENRY ISLAND-VR2TX-489207-A69-1601-62440-2023-05-16T15,2023-05-16 15:33:00.000,2023-06-21 15:36:00.000,UTC,STATION:RM1948 US UPPER HENRY ISLAND,41.09459,-89.36732,,2.347,2.42,Transceiver,VR2TX,NOT USED,A69-1601-62440,,,,,STATION,RM1948 US UPPER HENRY ISLAND,POINT (-89.36732 41.09459),"Added this deploy record for RAFT format, Tree at WP 249, Receiver WP updated"
"2025-03-12",TRANSMITTER,USFWS,FWSWILMINGTONILR,RM1948 US UPPER HENRY ISLAND-VR2TX-489207-A69-1601-62440-2023-06-21T15,2023-06-21 15:41:00.000,2023-07-18 18:42:00.000,UTC,STATION:RM1948 US UPPER HENRY ISLAND,41.09459,-89.36732,,2.347,2.42,Transceiver,VR2TX,NOT USED,A69-1601-62440,,,,,STATION,RM1948 US UPPER HENRY ISLAND,POINT (-89.36732 41.09459),"Added this deploy record for RAFT format, Receiver WP updated"
"2025-03-12",TRANSMITTER,USFWS,FWSWILMINGTONILR,RM1948 US UPPER HENRY ISLAND-VR2TX-489207-A69-1601-62440-2023-07-18T18,2023-07-18 18:47:00.000,2023-08-29 17:02:00.000,UTC,STATION:RM1948 US UPPER HENRY ISLAND,41.09459,-89.36732,,2.347,2.42,Transceiver,VR2TX,NOT USED,A69-1601-62440,,,,,STATION,RM1948 US UPPER HENRY ISLAND,POINT (-89.36732 41.09459),"Added this deploy record for RAFT format, Receiver WP updated"
"2025-03-12",TRANSMITTER,USFWS,FWSWILMINGTONILR,RM1948 US UPPER HENRY ISLAND-VR2TX-489207-A69-1601-62440-2023-08-29T17,2023-08-29 17:07:00.000,2023-09-28 15:29:00.000,UTC,STATION:RM1948 US UPPER HENRY ISLAND,41.09459,-89.36732,,2.347,2.42,Transceiver,VR2TX,NOT USED,A69-1601-62440,,,,,STATION,RM1948 US UPPER HENRY ISLAND,POINT (-89.36732 41.09459),"Added this deploy record for RAFT format, Receiver WP updated"
"2025-03-12",TRANSMITTER,USFWS,FWSWILMINGTONILR,RM1948 US UPPER HENRY ISLAND-VR2TX-489207-A69-1601-62440-2023-09-28T15,2023-09-28 15:34:00.000,2023-11-02 18:39:00.000,UTC,STATION:RM1948 US UPPER HENRY ISLAND,41.09459,-89.36732,,2.347,2.42,Transceiver,VR2TX,NOT USED,A69-1601-62440,,,,,STATION,RM1948 US UPPER HENRY ISLAND,POINT (-89.36732 41.09459),"Added this deploy record for RAFT format, Receiver downloaded and pulled for the season"
"2025-03-12",TRANSMITTER,USFWS,FWSWILMINGTONILR,RM2027 LOWER TWIN SISTERS ISLAND-VR2TX-489039-A69-1601-62346-2023-03-07T19,2023-03-07 19:21:00.000,2023-04-05 14:39:00.000,UTC,STATION:RM2027 LOWER TWIN SISTERS ISLAND,41.1939,-89.3326,,2.347,2.05,Transceiver,VR2TX,NOT USED,A69-1601-62346,,,,,STATION,RM2027 LOWER TWIN SISTERS ISLAND,POINT (-89.3326 41.1939),"Receiver at WP 254, tied to tree at WP 268, Receiver at WP 254, tied to tree at WP 268"
"2025-03-12",TRANSMITTER,USFWS,FWSWILMINGTONILR,RM2027 LOWER TWIN SISTERS ISLAND-VR2TX-489039-A69-1601-62346-2023-04-05T14,2023-04-05 14:44:00.000,2023-05-16 16:23:00.000,UTC,STATION:RM2027 LOWER TWIN SISTERS ISLAND,41.1939,-89.3326,,2.347,2.05,Transceiver,VR2TX,NOT USED,A69-1601-62346,,,,,STATION,RM2027 LOWER TWIN SISTERS ISLAND,POINT (-89.3326 41.1939),"Added this deploy record for RAFT format, Receiver at WP 254, tied to tree at WP 268"
"2025-03-12",TRANSMITTER,USFWS,FWSWILMINGTONILR,RM2027 LOWER TWIN SISTERS ISLAND-VR2TX-489039-A69-1601-62346-2023-05-16T16,2023-05-16 16:28:00.000,2023-06-21 16:21:00.000,UTC,STATION:RM2027 LOWER TWIN SISTERS ISLAND,41.1939,-89.3326,,2.347,2.05,Transceiver,VR2TX,NOT USED,A69-1601-62346,,,,,STATION,RM2027 LOWER TWIN SISTERS ISLAND,POINT (-89.3326 41.1939),"Added this deploy record for RAFT format, Receiver at WP updated, tied to tree at WP 268"
"2025-03-12",TRANSMITTER,USFWS,FWSWILMINGTONILR,RM2027 LOWER TWIN SISTERS ISLAND-VR2TX-489039-A69-1601-62346-2023-06-21T16,2023-06-21 16:26:00.000,2023-07-18 19:22:00.000,UTC,STATION:RM2027 LOWER TWIN SISTERS ISLAND,41.1939,-89.3326,,2.347,2.05,Transceiver,VR2TX,NOT USED,A69-1601-62346,,,,,STATION,RM2027 LOWER TWIN SISTERS ISLAND,POINT (-89.3326 41.1939),"Added this deploy record for RAFT format, Receiver  WP updated, tied to tree at WP 334"
"2025-03-12",TRANSMITTER,USFWS,FWSWILMINGTONILR,RM2027 LOWER TWIN SISTERS ISLAND-VR2TX-489039-A69-1601-62346-2023-07-18T19,2023-07-18 19:27:00.000,2023-08-30 14:40:00.000,UTC,STATION:RM2027 LOWER TWIN SISTERS ISLAND,41.1939,-89.3326,,2.347,2.05,Transceiver,VR2TX,NOT USED,A69-1601-62346,,,,,STATION,RM2027 LOWER TWIN SISTERS ISLAND,POINT (-89.3326 41.1939),"Added this deploy record for RAFT format, Receiver WP updated, replaced worn receiver anchor cable"
"2025-03-12",TRANSMITTER,USFWS,FWSWILMINGTONILR,RM2027 LOWER TWIN SISTERS ISLAND-VR2TX-489039-A69-1601-62346-2023-08-30T14,2023-08-30 14:45:00.000,2023-09-28 16:02:00.000,UTC,STATION:RM2027 LOWER TWIN SISTERS ISLAND,41.1939,-89.3326,,2.347,2.05,Transceiver,VR2TX,NOT USED,A69-1601-62346,,,,,STATION,RM2027 LOWER TWIN SISTERS ISLAND,POINT (-89.3326 41.1939),"Added this deploy record for RAFT format, Receiver WP updated, replaced worn receiver anchor cable"
"2025-03-12",TRANSMITTER,USFWS,FWSWILMINGTONILR,RM2027 LOWER TWIN SISTERS ISLAND-VR2TX-489039-A69-1601-62346-2023-09-28T16,2023-09-28 16:07:00.000,2023-11-06 15:49:00.000,UTC,STATION:RM2027 LOWER TWIN SISTERS ISLAND,41.1939,-89.3326,,2.347,2.05,Transceiver,VR2TX,NOT USED,A69-1601-62346,,,,,STATION,RM2027 LOWER TWIN SISTERS ISLAND,POINT (-89.3326 41.1939),"Added this deploy record for RAFT format, Receiver downloaded and pulled for the season"
"2025-03-12",TRANSMITTER,USFWS,FWSWILMINGTONILR,RM2198 US SPRING VALLEY RIVER LEFT-VR2TX-489206-A69-1601-62439-2023-03-08T19,2023-03-08 19:43:00.000,2023-04-05 18:07:00.000,UTC,STATION:RM2198 US SPRING VALLEY RIVER LEFT,41.30807,-89.16882,,0.579,0.504,Transceiver,VR2TX,NOT USED,A69-1601-62439,,,,,STATION,RM2198 US SPRING VALLEY RIVER LEFT,POINT (-89.16882 41.30807),"Tree at WP 276, Receiver at WP 275, Tree at WP 276, Updated Receiver at WP 287 41.30795/-89.16884"
"2025-03-12",TRANSMITTER,USFWS,FWSWILMINGTONILR,RM2198 US SPRING VALLEY RIVER LEFT-VR2TX-489206-A69-1601-62439-2023-04-05T18,2023-04-05 18:12:00.000,2023-05-16 19:27:00.000,UTC,STATION:RM2198 US SPRING VALLEY RIVER LEFT,41.30807,-89.16882,,0.579,0.504,Transceiver,VR2TX,NOT USED,A69-1601-62439,,,,,STATION,RM2198 US SPRING VALLEY RIVER LEFT,POINT (-89.16882 41.30807),"Added this deploy record for RAFT format, Tree at WP 276, Updated Receiver at WP 287 41.30795/-89.16884"
"2025-03-12",TRANSMITTER,USFWS,FWSWILMINGTONILR,RM2198 US SPRING VALLEY RIVER LEFT-VR2TX-489206-A69-1601-62439-2023-05-16T19,2023-05-16 19:32:00.000,2023-06-21 19:19:00.000,UTC,STATION:RM2198 US SPRING VALLEY RIVER LEFT,41.30807,-89.16882,,0.579,0.504,Transceiver,VR2TX,NOT USED,A69-1601-62439,,,,,STATION,RM2198 US SPRING VALLEY RIVER LEFT,POINT (-89.16882 41.30807),"Added this deploy record for RAFT format, Tree at WP 276, Updated Receiver at WP"
"2025-03-12",TRANSMITTER,USFWS,FWSWILMINGTONILR,RM2198 US SPRING VALLEY RIVER LEFT-VR2TX-489206-A69-1601-62439-2023-06-21T19,2023-06-21 19:24:00.000,2023-07-19 15:57:00.000,UTC,STATION:RM2198 US SPRING VALLEY RIVER LEFT,41.30807,-89.16882,,0.579,0.504,Transceiver,VR2TX,NOT USED,A69-1601-62439,,,,,STATION,RM2198 US SPRING VALLEY RIVER LEFT,POINT (-89.16882 41.30807),"Added this deploy record for RAFT format, Tree at WP 276"
"2025-03-12",TRANSMITTER,USFWS,FWSWILMINGTONILR,RM2198 US SPRING VALLEY RIVER LEFT-VR2TX-489206-A69-1601-62439-2023-07-19T16,2023-07-19 16:02:00.000,2023-08-30 17:13:00.000,UTC,STATION:RM2198 US SPRING VALLEY RIVER LEFT,41.30807,-89.16882,,0.579,0.504,Transceiver,VR2TX,NOT USED,A69-1601-62439,,,,,STATION,RM2198 US SPRING VALLEY RIVER LEFT,POINT (-89.16882 41.30807),"Added this deploy record for RAFT format, Receiver WP updated"
"2025-03-12",TRANSMITTER,USFWS,FWSWILMINGTONILR,RM2198 US SPRING VALLEY RIVER LEFT-VR2TX-489206-A69-1601-62439-2023-08-30T17,2023-08-30 17:18:00.000,2023-09-28 18:33:00.000,UTC,STATION:RM2198 US SPRING VALLEY RIVER LEFT,41.30807,-89.16882,,0.579,0.504,Transceiver,VR2TX,NOT USED,A69-1601-62439,,,,,STATION,RM2198 US SPRING VALLEY RIVER LEFT,POINT (-89.16882 41.30807),"Added this deploy record for RAFT format, Receiver WP updated, extended line because float was out of water. Depths need updated next month"
"2025-03-12",TRANSMITTER,USFWS,FWSWILMINGTONILR,RM2198 US SPRING VALLEY RIVER LEFT-VR2TX-489206-A69-1601-62439-2023-09-28T18,2023-09-28 18:38:00.000,2023-11-06 19:01:00.000,UTC,STATION:RM2198 US SPRING VALLEY RIVER LEFT,41.30807,-89.16882,,0.579,0.504,Transceiver,VR2TX,NOT USED,A69-1601-62439,,,,,STATION,RM2198 US SPRING VALLEY RIVER LEFT,POINT (-89.16882 41.30807),"Added this deploy record for RAFT format, Receiver downloaded and pulled for the season"
"2025-03-12",TRANSMITTER,USFWS,FWSWILMINGTONILR,RM2228 PERU DS ROUTE 251 BRIDGE-VR2TX-489211-A69-1601-62444-2023-03-20T14,2023-03-20 14:40:00.000,2023-04-05 18:34:00.000,UTC,STATION:RM2228 PERU DS ROUTE 251 BRIDGE,41.32308,-89.12227,,2.042,1.951,Transceiver,VR2TX,NOT USED,A69-1601-62444,,,,,STATION,RM2228 PERU DS ROUTE 251 BRIDGE,POINT (-89.12227 41.32308),"Double trunk tree at 41.32271/-89.12212. Receiver at 41.32291/-89.12226, Double trunk tree at updated WP 288 41.32272/-89.12218. Receiver at 41.3229/-89.12218"
"2025-03-12",TRANSMITTER,USFWS,FWSWILMINGTONILR,RM2228 PERU DS ROUTE 251 BRIDGE-VR2TX-489211-A69-1601-62444-2023-04-05T18,2023-04-05 18:39:00.000,2023-05-16 19:49:00.000,UTC,STATION:RM2228 PERU DS ROUTE 251 BRIDGE,41.32308,-89.12227,,2.042,1.951,Transceiver,VR2TX,NOT USED,A69-1601-62444,,,,,STATION,RM2228 PERU DS ROUTE 251 BRIDGE,POINT (-89.12227 41.32308),"Added this deploy record for RAFT format, Double trunk tree at updated WP 288 41.32272/-89.12218. Receiver at 41.3229/-89.12218"
"2025-03-12",TRANSMITTER,USFWS,FWSWILMINGTONILR,RM2228 PERU DS ROUTE 251 BRIDGE-VR2TX-489211-A69-1601-62444-2023-05-16T19,2023-05-16 19:54:00.000,2023-06-22 14:58:00.000,UTC,STATION:RM2228 PERU DS ROUTE 251 BRIDGE,41.32308,-89.12227,,2.042,1.951,Transceiver,VR2TX,NOT USED,A69-1601-62444,,,,,STATION,RM2228 PERU DS ROUTE 251 BRIDGE,POINT (-89.12227 41.32308),"Added this deploy record for RAFT format, Double trunk tree at updated WP 288 41.32272/-89.12218. Receiver found on shore, replaced and WP updated. Cable extended to put receiver in deeper water."
"2025-03-12",TRANSMITTER,USFWS,FWSWILMINGTONILR,RM2228 PERU DS ROUTE 251 BRIDGE-VR2TX-489211-A69-1601-62444-2023-06-22T15,2023-06-22 15:03:00.000,2023-07-19 12:45:00.000,UTC,STATION:RM2228 PERU DS ROUTE 251 BRIDGE,41.32308,-89.12227,,2.042,1.951,Transceiver,VR2TX,NOT USED,A69-1601-62444,,,,,STATION,RM2228 PERU DS ROUTE 251 BRIDGE,POINT (-89.12227 41.32308),"Added this deploy record for RAFT format, Double trunk tree at WP 288, updated receiver WP"
"2025-03-12",TRANSMITTER,USFWS,FWSWILMINGTONILR,RM2228 PERU DS ROUTE 251 BRIDGE-VR2TX-489211-A69-1601-62444-2023-07-19T12,2023-07-19 12:50:00.000,2023-08-30 18:17:00.000,UTC,STATION:RM2228 PERU DS ROUTE 251 BRIDGE,41.32308,-89.12227,,2.042,1.951,Transceiver,VR2TX,NOT USED,A69-1601-62444,,,,,STATION,RM2228 PERU DS ROUTE 251 BRIDGE,POINT (-89.12227 41.32308),"Added this deploy record for RAFT format, ReceiverWP Updated. Receiver found on shore, additional anchor added"
"2025-03-12",TRANSMITTER,USFWS,FWSWILMINGTONILR,RM2385 HITT-MAYO STRAIGHT-VR2TX-489038-A69-1601-62345-2023-06-22T18,2023-06-22 18:15:00.000,2023-07-20 14:26:00.000,UTC,STATION:RM2385 HITT-MAYO STRAIGHT,41.3345,-88.86362,,1.951,1.857,Transceiver,VR2TX,NOT USED,A69-1601-62345,,,,,STATION,RM2385 HITT-MAYO STRAIGHT,POINT (-88.86362 41.3345),"Added this deploy record for RAFT format, Tree at 41.33472/-88.86345(WP298). Receiver WP updated"
"2025-03-12",TRANSMITTER,USFWS,FWSWILMINGTONILR,RM2228 PERU DS ROUTE 251 BRIDGE-VR2TX-489211-A69-1601-62444-2023-08-30T18,2023-08-30 18:22:00.000,2023-09-26 17:34:00.000,UTC,STATION:RM2228 PERU DS ROUTE 251 BRIDGE,41.32308,-89.12227,,2.042,1.951,Transceiver,VR2TX,NOT USED,A69-1601-62444,,,,,STATION,RM2228 PERU DS ROUTE 251 BRIDGE,POINT (-89.12227 41.32308),"Added this deploy record for RAFT format, ReceiverWP Updated. Receiver found on shore again. Consider moving receiver if this happens again. Lots of human activity on shore."
"2025-03-12",TRANSMITTER,USFWS,FWSWILMINGTONILR,RM2228 PERU DS ROUTE 251 BRIDGE-VR2TX-489211-A69-1601-62444-2023-09-26T17,2023-09-26 17:39:00.000,2023-11-17 19:56:00.000,UTC,STATION:RM2228 PERU DS ROUTE 251 BRIDGE,41.32308,-89.12227,,2.042,1.951,Transceiver,VR2TX,NOT USED,A69-1601-62444,,,,,STATION,RM2228 PERU DS ROUTE 251 BRIDGE,POINT (-89.12227 41.32308),"Added this deploy record for RAFT format, Receiver recovered by commercial fishermen near Hennipen, IL on 11/13/2023"
"2025-03-12",TRANSMITTER,USFWS,FWSWILMINGTONILR,RM2339 LONE POINT DELBRIDGE SIDE CHANNEL-VR2TX-489205-A69-1601-62438-2023-03-20T17,2023-03-20 17:29:00.000,2023-04-06 13:31:00.000,UTC,STATION:RM2339 LONE POINT DELBRIDGE SIDE CHANNEL,41.31079,-88.93682,,4.21,3.66,Transceiver,VR2TX,NOT USED,A69-1601-62438,,,,,STATION,RM2339 LONE POINT DELBRIDGE SIDE CHANNEL,POINT (-88.93682 41.31079),"Tree at 41.31066/-88.93689, receiver at 41.31094/-88.93698, Tree at 41.31066/-88.93689(WP291), receiver at 41.31094/-88.93698(WP290)"
"2025-03-12",TRANSMITTER,USFWS,FWSWILMINGTONILR,RM2339 LONE POINT DELBRIDGE SIDE CHANNEL-VR2TX-489205-A69-1601-62438-2023-04-06T13,2023-04-06 13:36:00.000,2023-05-17 13:31:00.000,UTC,STATION:RM2339 LONE POINT DELBRIDGE SIDE CHANNEL,41.31079,-88.93682,,4.21,3.66,Transceiver,VR2TX,NOT USED,A69-1601-62438,,,,,STATION,RM2339 LONE POINT DELBRIDGE SIDE CHANNEL,POINT (-88.93682 41.31079),"Added this deploy record for RAFT format, Tree at 41.31066/-88.93689(WP291), receiver at 41.31094/-88.93698(WP290)"
"2025-03-12",TRANSMITTER,USFWS,FWSWILMINGTONILR,RM2385 HITT-MAYO STRAIGHT-VR2TX-489040-A69-1601-62347-2024-08-26T15,2024-08-26 15:57:00.000,2024-10-29 15:07:00.000,UTC,STATION:RM2385 HITT-MAYO STRAIGHT,41.3346,-88.86343,,1.68,1.65,Transceiver,VR2TX,NOT USED,A69-1601-62347,,,,,STATION,RM2385 HITT-MAYO STRAIGHT,POINT (-88.86343 41.3346),"Receiver downloaded, WP updated"
"2025-03-12",TRANSMITTER,USFWS,FWSWILMINGTONILR,RM2339 LONE POINT DELBRIDGE SIDE CHANNEL-VR2TX-489205-A69-1601-62438-2023-05-17T13,2023-05-17 13:36:00.000,2023-06-22 16:50:00.000,UTC,STATION:RM2339 LONE POINT DELBRIDGE SIDE CHANNEL,41.31079,-88.93682,,4.21,3.66,Transceiver,VR2TX,NOT USED,A69-1601-62438,,,,,STATION,RM2339 LONE POINT DELBRIDGE SIDE CHANNEL,POINT (-88.93682 41.31079),"Added this deploy record for RAFT format, Receiver WP updated"
"2025-03-12",TRANSMITTER,USFWS,FWSWILMINGTONILR,RM2339 LONE POINT DELBRIDGE SIDE CHANNEL-VR2TX-489205-A69-1601-62438-2023-06-22T16,2023-06-22 16:55:00.000,2023-07-19 18:41:00.000,UTC,STATION:RM2339 LONE POINT DELBRIDGE SIDE CHANNEL,41.31079,-88.93682,,4.21,3.66,Transceiver,VR2TX,NOT USED,A69-1601-62438,,,,,STATION,RM2339 LONE POINT DELBRIDGE SIDE CHANNEL,POINT (-88.93682 41.31079),"Added this deploy record for RAFT format, Receiver WP updated"
"2025-03-12",TRANSMITTER,USFWS,FWSWILMINGTONILR,RM2339 LONE POINT DELBRIDGE SIDE CHANNEL-VR2TX-489205-A69-1601-62438-2023-07-19T18,2023-07-19 18:46:00.000,2023-08-31 13:30:00.000,UTC,STATION:RM2339 LONE POINT DELBRIDGE SIDE CHANNEL,41.31079,-88.93682,,4.21,3.66,Transceiver,VR2TX,NOT USED,A69-1601-62438,,,,,STATION,RM2339 LONE POINT DELBRIDGE SIDE CHANNEL,POINT (-88.93682 41.31079),"Added this deploy record for RAFT format, Receiver WP updated"
"2025-03-12",TRANSMITTER,USFWS,FWSWILMINGTONILR,RM2339 LONE POINT DELBRIDGE SIDE CHANNEL-VR2TX-489205-A69-1601-62438-2023-08-31T13,2023-08-31 13:35:00.000,2023-09-26 16:02:00.000,UTC,STATION:RM2339 LONE POINT DELBRIDGE SIDE CHANNEL,41.31079,-88.93682,,4.21,3.66,Transceiver,VR2TX,NOT USED,A69-1601-62438,,,,,STATION,RM2339 LONE POINT DELBRIDGE SIDE CHANNEL,POINT (-88.93682 41.31079),"Added this deploy record for RAFT format, Receiver WP updated"
"2025-03-12",TRANSMITTER,USFWS,FWSWILMINGTONILR,RM2339 LONE POINT DELBRIDGE SIDE CHANNEL-VR2TX-489205-A69-1601-62438-2023-09-26T16,2023-09-26 16:07:00.000,2023-10-31 17:02:00.000,UTC,STATION:RM2339 LONE POINT DELBRIDGE SIDE CHANNEL,41.31079,-88.93682,,4.21,3.66,Transceiver,VR2TX,NOT USED,A69-1601-62438,,,,,STATION,RM2339 LONE POINT DELBRIDGE SIDE CHANNEL,POINT (-88.93682 41.31079),"Added this deploy record for RAFT format, Receiver WP updated"
"2025-03-12",TRANSMITTER,USFWS,FWSWILMINGTONILR,RM2339 LONE POINT DELBRIDGE SIDE CHANNEL-VR2TX-489205-A69-1601-62438-2023-10-31T17,2023-10-31 17:07:00.000,2023-11-08 15:30:00.000,UTC,STATION:RM2339 LONE POINT DELBRIDGE SIDE CHANNEL,41.31079,-88.93682,,4.21,3.66,Transceiver,VR2TX,NOT USED,A69-1601-62438,,,,,STATION,RM2339 LONE POINT DELBRIDGE SIDE CHANNEL,POINT (-88.93682 41.31079),"Added this deploy record for RAFT format, Receiver downloaded and pulled for the season"
"2025-03-12",TRANSMITTER,USFWS,FWSWILMINGTONILR,RM2351 MC SHEEHAN ISLAND-VR2TX-489212-A69-1601-62445-2023-03-20T23,2023-03-20 23:35:00.000,2023-04-06 14:15:00.000,UTC,STATION:RM2351 MC SHEEHAN ISLAND,41.32068,-88.91066,,1.58,1.49,Transceiver,VR2TX,NOT USED,A69-1601-62445,,,,,STATION,RM2351 MC SHEEHAN ISLAND,POINT (-88.91066 41.32068),"Tree at 41.32084/-88.91072, receiver at 41.32071/-88.91090, Tree at 41.32084/-88.91072(WP293), receiver at 41.32071/-88.91090(WP292)"
"2025-03-12",TRANSMITTER,USFWS,FWSWILMINGTONILR,RM2351 MC SHEEHAN ISLAND-VR2TX-489212-A69-1601-62445-2023-04-06T14,2023-04-06 14:20:00.000,2023-05-17 14:08:00.000,UTC,STATION:RM2351 MC SHEEHAN ISLAND,41.32068,-88.91066,,1.58,1.49,Transceiver,VR2TX,NOT USED,A69-1601-62445,,,,,STATION,RM2351 MC SHEEHAN ISLAND,POINT (-88.91066 41.32068),"Added this deploy record for RAFT format, Tree at 41.32084/-88.91072(WP293), receiver at 41.32071/-88.91090(WP292)"
"2025-03-12",TRANSMITTER,USFWS,FWSWILMINGTONILR,RM2351 MC SHEEHAN ISLAND-VR2TX-489212-A69-1601-62445-2023-05-17T14,2023-05-17 14:13:00.000,2023-06-22 17:51:00.000,UTC,STATION:RM2351 MC SHEEHAN ISLAND,41.32068,-88.91066,,1.58,1.49,Transceiver,VR2TX,NOT USED,A69-1601-62445,,,,,STATION,RM2351 MC SHEEHAN ISLAND,POINT (-88.91066 41.32068),"Added this deploy record for RAFT format, Tree at 41.32084/-88.91072(WP293), receiver WP updated"
"2025-03-12",TRANSMITTER,USFWS,FWSWILMINGTONILR,RM2351 MC SHEEHAN ISLAND-VR2TX-489212-A69-1601-62445-2023-06-22T17,2023-06-22 17:56:00.000,2023-07-19 19:13:00.000,UTC,STATION:RM2351 MC SHEEHAN ISLAND,41.32068,-88.91066,,1.58,1.49,Transceiver,VR2TX,NOT USED,A69-1601-62445,,,,,STATION,RM2351 MC SHEEHAN ISLAND,POINT (-88.91066 41.32068),"Added this deploy record for RAFT format, Tree at 41.32084/-88.91072(WP297), receiver WP updated"
"2025-03-12",TRANSMITTER,USFWS,FWSWILMINGTONILR,RM2351 MC SHEEHAN ISLAND-VR2TX-489212-A69-1601-62445-2023-07-19T19,2023-07-19 19:18:00.000,2023-08-31 14:12:00.000,UTC,STATION:RM2351 MC SHEEHAN ISLAND,41.32068,-88.91066,,1.58,1.49,Transceiver,VR2TX,NOT USED,A69-1601-62445,,,,,STATION,RM2351 MC SHEEHAN ISLAND,POINT (-88.91066 41.32068),"Added this deploy record for RAFT format, Receiver WP updated"
"2025-03-12",TRANSMITTER,USFWS,FWSWILMINGTONILR,RM2351 MC SHEEHAN ISLAND-VR2TX-489212-A69-1601-62445-2023-08-31T14,2023-08-31 14:17:00.000,2023-09-26 15:34:00.000,UTC,STATION:RM2351 MC SHEEHAN ISLAND,41.32068,-88.91066,,1.58,1.49,Transceiver,VR2TX,NOT USED,A69-1601-62445,,,,,STATION,RM2351 MC SHEEHAN ISLAND,POINT (-88.91066 41.32068),"Added this deploy record for RAFT format, Receiver WP updated"
"2025-03-12",TRANSMITTER,USFWS,FWSWILMINGTONILR,RM2351 MC SHEEHAN ISLAND-VR2TX-489212-A69-1601-62445-2023-09-26T15,2023-09-26 15:39:00.000,2023-10-31 17:37:00.000,UTC,STATION:RM2351 MC SHEEHAN ISLAND,41.32068,-88.91066,,1.58,1.49,Transceiver,VR2TX,NOT USED,A69-1601-62445,,,,,STATION,RM2351 MC SHEEHAN ISLAND,POINT (-88.91066 41.32068),"Added this deploy record for RAFT format, Receiver WP updated"
"2025-03-12",TRANSMITTER,USFWS,FWSWILMINGTONILR,RM2351 MC SHEEHAN ISLAND-VR2TX-489212-A69-1601-62445-2023-10-31T17,2023-10-31 17:42:00.000,2023-11-08 16:04:00.000,UTC,STATION:RM2351 MC SHEEHAN ISLAND,41.32068,-88.91066,,1.58,1.49,Transceiver,VR2TX,NOT USED,A69-1601-62445,,,,,STATION,RM2351 MC SHEEHAN ISLAND,POINT (-88.91066 41.32068),"Added this deploy record for RAFT format, Receiver downloaded and pulled for the season"
"2025-03-12",TRANSMITTER,USFWS,FWSWILMINGTONILR,RM2385 HITT-MAYO STRAIGHT-VR2TX-489038-A69-1601-62345-2023-03-16T23,2023-03-16 23:49:00.000,2023-04-06 14:39:00.000,UTC,STATION:RM2385 HITT-MAYO STRAIGHT,41.3345,-88.86362,,1.951,1.857,Transceiver,VR2TX,NOT USED,A69-1601-62345,,,,,STATION,RM2385 HITT-MAYO STRAIGHT,POINT (-88.86362 41.3345),"Tree at 41.33472/-88.86345. Receiver at 41.33461/-88.86330, Tree at 41.33472/-88.86345(WP298. Receiver at 41.33450/-88.86339(WP300)"
"2025-03-12",TRANSMITTER,USFWS,FWSWILMINGTONILR,RM2385 HITT-MAYO STRAIGHT-VR2TX-489038-A69-1601-62345-2023-04-06T14,2023-04-06 14:44:00.000,2023-05-17 14:26:00.000,UTC,STATION:RM2385 HITT-MAYO STRAIGHT,41.3345,-88.86362,,1.951,1.857,Transceiver,VR2TX,NOT USED,A69-1601-62345,,,,,STATION,RM2385 HITT-MAYO STRAIGHT,POINT (-88.86362 41.3345),"Added this deploy record for RAFT format, Tree at 41.33472/-88.86345(WP298. Receiver at 41.33450/-88.86339(WP300)"
"2025-03-12",TRANSMITTER,USFWS,FWSWILMINGTONILR,RM2385 HITT-MAYO STRAIGHT-VR2TX-489038-A69-1601-62345-2023-05-17T14,2023-05-17 14:31:00.000,2023-06-22 18:10:00.000,UTC,STATION:RM2385 HITT-MAYO STRAIGHT,41.3345,-88.86362,,1.951,1.857,Transceiver,VR2TX,NOT USED,A69-1601-62345,,,,,STATION,RM2385 HITT-MAYO STRAIGHT,POINT (-88.86362 41.3345),"Added this deploy record for RAFT format, Tree at 41.33472/-88.86345 (WP298)."
"2025-03-12",TRANSMITTER,USFWS,FWSWILMINGTONILR,RM2385 HITT-MAYO STRAIGHT-VR2TX-489038-A69-1601-62345-2023-07-20T14,2023-07-20 14:31:00.000,2023-08-31 14:30:00.000,UTC,STATION:RM2385 HITT-MAYO STRAIGHT,41.3345,-88.86362,,1.951,1.857,Transceiver,VR2TX,NOT USED,A69-1601-62345,,,,,STATION,RM2385 HITT-MAYO STRAIGHT,POINT (-88.86362 41.3345),"Added this deploy record for RAFT format, Receiver WP updated"
"2025-03-12",TRANSMITTER,USFWS,FWSWILMINGTONILR,RM2385 HITT-MAYO STRAIGHT-VR2TX-489038-A69-1601-62345-2023-08-31T14,2023-08-31 14:35:00.000,2023-09-26 15:14:00.000,UTC,STATION:RM2385 HITT-MAYO STRAIGHT,41.3345,-88.86362,,1.951,1.857,Transceiver,VR2TX,NOT USED,A69-1601-62345,,,,,STATION,RM2385 HITT-MAYO STRAIGHT,POINT (-88.86362 41.3345),"Added this deploy record for RAFT format, Receiver WP updated"
"2025-03-12",TRANSMITTER,USFWS,FWSWILMINGTONILR,RM241 BULLS ISLAND MC ABANDONED HARBOR-VR2TX-489208-A69-1601-62441-2023-04-06T15,2023-04-06 15:12:00.000,2023-05-17 14:52:00.000,UTC,STATION:RM241 BULLS ISLAND MC ABANDONED HARBOR,41.33923,-88.81625,,3.47,3.41,Transceiver,VR2TX,NOT USED,A69-1601-62441,,,,,STATION,RM241 BULLS ISLAND MC ABANDONED HARBOR,POINT (-88.81625 41.33923),"Added this deploy record for RAFT format, Tree at 41.33906/-88.81615(WP296). Receiver at 41.33920/-88.81626(WP295)"
"2025-03-12",TRANSMITTER,USFWS,FWSWILMINGTONILR,RM241 BULLS ISLAND MC ABANDONED HARBOR-VR2TX-489208-A69-1601-62441-2023-05-17T14,2023-05-17 14:57:00.000,2023-06-22 18:35:00.000,UTC,STATION:RM241 BULLS ISLAND MC ABANDONED HARBOR,41.33923,-88.81625,,3.47,3.41,Transceiver,VR2TX,NOT USED,A69-1601-62441,,,,,STATION,RM241 BULLS ISLAND MC ABANDONED HARBOR,POINT (-88.81625 41.33923),"Added this deploy record for RAFT format, Tree at 41.33906/-88.81615(WP296). Receiver WP updated"
"2025-03-12",TRANSMITTER,USFWS,FWSWILMINGTONILR,RM241 BULLS ISLAND MC ABANDONED HARBOR-VR2TX-489208-A69-1601-62441-2023-06-22T18,2023-06-22 18:40:00.000,2023-07-20 14:59:00.000,UTC,STATION:RM241 BULLS ISLAND MC ABANDONED HARBOR,41.33923,-88.81625,,3.47,3.41,Transceiver,VR2TX,NOT USED,A69-1601-62441,,,,,STATION,RM241 BULLS ISLAND MC ABANDONED HARBOR,POINT (-88.81625 41.33923),"Added this deploy record for RAFT format, Tree at 41.33906/-88.81615(WP296). Receiver WP updated"
"2025-03-12",TRANSMITTER,USFWS,FWSWILMINGTONILR,RM241 BULLS ISLAND MC ABANDONED HARBOR-VR2TX-489208-A69-1601-62441-2023-07-20T15,2023-07-20 15:04:00.000,2023-08-31 15:05:00.000,UTC,STATION:RM241 BULLS ISLAND MC ABANDONED HARBOR,41.33923,-88.81625,,3.47,3.41,Transceiver,VR2TX,NOT USED,A69-1601-62441,,,,,STATION,RM241 BULLS ISLAND MC ABANDONED HARBOR,POINT (-88.81625 41.33923),"Added this deploy record for RAFT format, Receiver WP updated"
"2025-03-12",TRANSMITTER,USFWS,FWSWILMINGTONILR,RM241 BULLS ISLAND MC ABANDONED HARBOR-VR2TX-489208-A69-1601-62441-2023-08-31T15,2023-08-31 15:10:00.000,2023-09-26 14:12:00.000,UTC,STATION:RM241 BULLS ISLAND MC ABANDONED HARBOR,41.33923,-88.81625,,3.47,3.41,Transceiver,VR2TX,NOT USED,A69-1601-62441,,,,,STATION,RM241 BULLS ISLAND MC ABANDONED HARBOR,POINT (-88.81625 41.33923),"Added this deploy record for RAFT format, Receiver WP updated"
"2025-03-12",TRANSMITTER,USFWS,FWSWILMINGTONILR,RM241 BULLS ISLAND MC ABANDONED HARBOR-VR2TX-489208-A69-1601-62441-2023-09-26T14,2023-09-26 14:17:00.000,2023-10-31 14:39:00.000,UTC,STATION:RM241 BULLS ISLAND MC ABANDONED HARBOR,41.33923,-88.81625,,3.47,3.41,Transceiver,VR2TX,NOT USED,A69-1601-62441,,,,,STATION,RM241 BULLS ISLAND MC ABANDONED HARBOR,POINT (-88.81625 41.33923),"Added this deploy record for RAFT format, Receiver WP updated, replaced worn receiver anchor cable"
"2025-03-12",TRANSMITTER,USFWS,FWSWILMINGTONILR,RM241 BULLS ISLAND MC ABANDONED HARBOR-VR2TX-489208-A69-1601-62441-2023-10-31T14,2023-10-31 14:44:00.000,2023-11-08 17:06:00.000,UTC,STATION:RM241 BULLS ISLAND MC ABANDONED HARBOR,41.33923,-88.81625,,3.47,3.41,Transceiver,VR2TX,NOT USED,A69-1601-62441,,,,,STATION,RM241 BULLS ISLAND MC ABANDONED HARBOR,POINT (-88.81625 41.33923),"Added this deploy record for RAFT format, Receiver downloaded and pulled for the season"
"2025-03-12",TRANSMITTER,USFWS,FWSWILMINGTONILR,RM2445 MARSEILLES DAM TAILWATER-VR2TX-489213-A69-1601-62446-2023-03-16T20,2023-03-16 20:47:00.000,2023-04-06 15:42:00.000,UTC,STATION:RM2445 MARSEILLES DAM TAILWATER,41.33195,-88.74964,,1.89,1.74,Transceiver,VR2TX,NOT USED,A69-1601-62446,,,,,STATION,RM2445 MARSEILLES DAM TAILWATER,POINT (-88.74964 41.33195),"Tree at 41.33218/-88.74961. Receiver at 41.33195/-88.74964, Tree at 41.33218/-88.74961(WP301). Receiver at 41.33195/-88.74964(WP301)"
"2025-03-12",TRANSMITTER,USFWS,FWSWILMINGTONILR,RM2445 MARSEILLES DAM TAILWATER-VR2TX-489213-A69-1601-62446-2023-04-06T15,2023-04-06 15:47:00.000,2023-05-17 16:16:00.000,UTC,STATION:RM2445 MARSEILLES DAM TAILWATER,41.33195,-88.74964,,1.89,1.74,Transceiver,VR2TX,NOT USED,A69-1601-62446,,,,,STATION,RM2445 MARSEILLES DAM TAILWATER,POINT (-88.74964 41.33195),"Added this deploy record for RAFT format, Tree at 41.33218/-88.74961(WP301). Receiver at 41.33195/-88.74964(WP301)"
"2025-03-12",TRANSMITTER,USFWS,FWSWILMINGTONILR,RM2445 MARSEILLES DAM TAILWATER-VR2TX-489213-A69-1601-62446-2023-05-17T16,2023-05-17 16:21:00.000,2023-06-23 00:02:00.000,UTC,STATION:RM2445 MARSEILLES DAM TAILWATER,41.33195,-88.74964,,1.89,1.74,Transceiver,VR2TX,NOT USED,A69-1601-62446,,,,,STATION,RM2445 MARSEILLES DAM TAILWATER,POINT (-88.74964 41.33195),Tree at 41.33218/-88.74961. Receiver at 41.33195/-88.74964
"2025-03-12",TRANSMITTER,USFWS,FWSWILMINGTONILR,RM1991 SENACHWINE LAKE PENINSULA-VR2TX-489209-A69-1601-62442-2024-08-28T16,2024-08-28 16:35:00.000,2024-10-30 17:39:00.000,UTC,STATION:RM1991 SENACHWINE LAKE PENINSULA,41.14773,-89.3303,,1.83,1.74,Transceiver,VR2TX,NOT USED,A69-1601-62442,,,,,STATION,RM1991 SENACHWINE LAKE PENINSULA,POINT (-89.3303 41.14773),"Receiver downloaded, WP updated"
"2025-03-12",TRANSMITTER,USFWS,FWSWILMINGTONILR,RM1648 LOWER PEORIA LAKE_POINT_RIVER LEFT-VR2TX-489204-A69-1601-62437-2024-03-05T16,2024-03-05 16:58:00.000,2024-04-01 15:55:00.000,UTC,STATION:RM1648 LOWER PEORIA LAKE_POINT_RIVER LEFT,40.70553,-89.54171,,0.67,0.58,Transceiver,VR2TX,NOT USED,A69-1601-62437,,,,,STATION,RM1648 LOWER PEORIA LAKE_POINT_RIVER LEFT,POINT (-89.54171 40.70553),"Tethered to tree at 40.70557, -89.54128 next to creek, Receiver downloaded, waypoint updated"
"2025-03-12",TRANSMITTER,USFWS,FWSWILMINGTONILR,RM1648 LOWER PEORIA LAKE_POINT_RIVER LEFT-VR2TX-489204-A69-1601-62437-2024-04-01T16,2024-04-01 16:00:00.000,2024-06-17 15:16:00.000,UTC,STATION:RM1648 LOWER PEORIA LAKE_POINT_RIVER LEFT,40.70553,-89.54171,,0.67,0.58,Transceiver,VR2TX,NOT USED,A69-1601-62437,,,,,STATION,RM1648 LOWER PEORIA LAKE_POINT_RIVER LEFT,POINT (-89.54171 40.70553),Receiver downloaded. WP updated
"2025-03-12",TRANSMITTER,USFWS,FWSWILMINGTONILR,RM1648 LOWER PEORIA LAKE_POINT_RIVER LEFT-VR2TX-489204-A69-1601-62437-2024-06-17T15,2024-06-17 15:21:00.000,2024-08-27 15:05:00.000,UTC,STATION:RM1648 LOWER PEORIA LAKE_POINT_RIVER LEFT,40.70553,-89.54171,,0.67,0.58,Transceiver,VR2TX,NOT USED,A69-1601-62437,,,,,STATION,RM1648 LOWER PEORIA LAKE_POINT_RIVER LEFT,POINT (-89.54171 40.70553),"Receiver downloaded, WP updated"
"2025-03-12",TRANSMITTER,USFWS,FWSWILMINGTONILR,RM1648 LOWER PEORIA LAKE_POINT_RIVER LEFT-VR2TX-489204-A69-1601-62437-2024-08-27T15,2024-08-27 15:10:00.000,2024-10-28 15:22:00.000,UTC,STATION:RM1648 LOWER PEORIA LAKE_POINT_RIVER LEFT,40.70553,-89.54171,,0.67,0.58,Transceiver,VR2TX,NOT USED,A69-1601-62437,,,,,STATION,RM1648 LOWER PEORIA LAKE_POINT_RIVER LEFT,POINT (-89.54171 40.70553),"Receiver downloaded, WP updated"
"2025-03-12",TRANSMITTER,USFWS,FWSWILMINGTONILR,RM1666 PEORIA LAKE NARROWS-VR2TX-489205-A69-1601-62438-2024-03-05T17,2024-03-05 17:35:00.000,2024-04-01 16:21:00.000,UTC,STATION:RM1666 PEORIA LAKE NARROWS,40.73064,-89.54897,,3.47,3.32,Transceiver,VR2TX,NOT USED,A69-1601-62438,,,,,STATION,RM1666 PEORIA LAKE NARROWS,POINT (-89.54897 40.73064),"Tethered to tree at 40.73090, -89.54852, Receiver downloaded, waypoint updated"
"2025-03-12",TRANSMITTER,USFWS,FWSWILMINGTONILR,RM1666 PEORIA LAKE NARROWS-VR2TX-489205-A69-1601-62438-2024-04-01T16,2024-04-01 16:26:00.000,2024-06-17 15:58:00.000,UTC,STATION:RM1666 PEORIA LAKE NARROWS,40.73064,-89.54897,,3.47,3.32,Transceiver,VR2TX,NOT USED,A69-1601-62438,,,,,STATION,RM1666 PEORIA LAKE NARROWS,POINT (-89.54897 40.73064),Receiver downloaded. WP updated
"2025-03-12",TRANSMITTER,USFWS,FWSWILMINGTONILR,RM1666 PEORIA LAKE NARROWS-VR2TX-489205-A69-1601-62438-2024-06-17T16,2024-06-17 16:03:00.000,2024-08-27 16:28:00.000,UTC,STATION:RM1666 PEORIA LAKE NARROWS,40.73064,-89.54897,,3.47,3.32,Transceiver,VR2TX,NOT USED,A69-1601-62438,,,,,STATION,RM1666 PEORIA LAKE NARROWS,POINT (-89.54897 40.73064),"Receiver found washed on shore. Receiver downloaded, WP updated. Battery replaced"
"2025-03-12",TRANSMITTER,USFWS,FWSWILMINGTONILR,RM1666 PEORIA LAKE NARROWS-VR2TX-489205-A69-1601-62438-2024-08-27T16,2024-08-27 16:33:00.000,2024-10-28 15:55:00.000,UTC,STATION:RM1666 PEORIA LAKE NARROWS,40.73064,-89.54897,,3.47,3.32,Transceiver,VR2TX,NOT USED,A69-1601-62438,,,,,STATION,RM1666 PEORIA LAKE NARROWS,POINT (-89.54897 40.73064),"Receiver downloaded, WP updated"
"2025-03-12",TRANSMITTER,USFWS,FWSWILMINGTONILR,RM173 UPPER PEORIA LAKE_RIVER LEFT-VR2TX-489207-A69-1601-62440-2024-03-05T18,2024-03-05 18:42:00.000,2024-04-01 16:44:00.000,UTC,STATION:RM173 UPPER PEORIA LAKE_RIVER LEFT,40.81856,-89.54397,,0.61,0.58,Transceiver,VR2TX,NOT USED,A69-1601-62440,,,,,STATION,RM173 UPPER PEORIA LAKE_RIVER LEFT,POINT (-89.54397 40.81856),"Tethered to shore marker structure at 40.81904, -89.54354, Receiver downloaded, waypoint updated"
"2025-03-12",TRANSMITTER,USFWS,FWSWILMINGTONILR,RM173 UPPER PEORIA LAKE_RIVER LEFT-VR2TX-489207-A69-1601-62440-2024-04-01T16,2024-04-01 16:49:00.000,2024-06-17 16:32:00.000,UTC,STATION:RM173 UPPER PEORIA LAKE_RIVER LEFT,40.81856,-89.54397,,0.61,0.58,Transceiver,VR2TX,NOT USED,A69-1601-62440,,,,,STATION,RM173 UPPER PEORIA LAKE_RIVER LEFT,POINT (-89.54397 40.81856),"Tethered to shore marker structure. Receiver downloaded, WP updated"
"2025-03-12",TRANSMITTER,USFWS,FWSWILMINGTONILR,RM173 UPPER PEORIA LAKE_RIVER LEFT-VR2TX-489207-A69-1601-62440-2024-06-17T16,2024-06-17 16:37:00.000,2024-08-27 16:02:00.000,UTC,STATION:RM173 UPPER PEORIA LAKE_RIVER LEFT,40.81856,-89.54397,,0.61,0.58,Transceiver,VR2TX,NOT USED,A69-1601-62440,,,,,STATION,RM173 UPPER PEORIA LAKE_RIVER LEFT,POINT (-89.54397 40.81856),"Receiver downloaded, WP updatred. Battery replaced"
"2025-03-12",TRANSMITTER,USFWS,FWSWILMINGTONILR,RM173 UPPER PEORIA LAKE_RIVER LEFT-VR2TX-489207-A69-1601-62440-2024-08-27T16,2024-08-27 16:07:00.000,2024-10-28 16:21:00.000,UTC,STATION:RM173 UPPER PEORIA LAKE_RIVER LEFT,40.81856,-89.54397,,0.61,0.58,Transceiver,VR2TX,NOT USED,A69-1601-62440,,,,,STATION,RM173 UPPER PEORIA LAKE_RIVER LEFT,POINT (-89.54397 40.81856),"Receiver downloaded, WP updated"
"2025-03-12",TRANSMITTER,USFWS,FWSWILMINGTONILR,RM1824 US CHILLI BRIDGE_PENINSULA-VR2TX-489206-A69-1601-62439-2024-03-06T16,2024-03-06 16:02:00.000,2024-04-02 13:15:00.000,UTC,STATION:RM1824 US CHILLI BRIDGE_PENINSULA,40.9346,-89.4586,,2.87,2.5,Transceiver,VR2TX,NOT USED,A69-1601-62439,,,,,STATION,RM1824 US CHILLI BRIDGE_PENINSULA,POINT (-89.4586 40.9346),"Tethered to tree at 40.93486, -89.45881, Receiver downloaded, waypoint updated"
"2025-03-12",TRANSMITTER,USFWS,FWSWILMINGTONILR,RM1824 US CHILLI BRIDGE_PENINSULA-VR2TX-489206-A69-1601-62439-2024-04-02T13,2024-04-02 13:20:00.000,2024-06-18 14:45:00.000,UTC,STATION:RM1824 US CHILLI BRIDGE_PENINSULA,40.9346,-89.4586,,2.87,2.5,Transceiver,VR2TX,NOT USED,A69-1601-62439,,,,,STATION,RM1824 US CHILLI BRIDGE_PENINSULA,POINT (-89.4586 40.9346),"Receiver downloaded, WP updated"
"2025-03-12",TRANSMITTER,USFWS,FWSWILMINGTONILR,RM1824 US CHILLI BRIDGE_PENINSULA-VR2TX-489206-A69-1601-62439-2024-06-18T14,2024-06-18 14:50:00.000,2024-08-27 18:49:00.000,UTC,STATION:RM1824 US CHILLI BRIDGE_PENINSULA,40.9346,-89.4586,,2.87,2.5,Transceiver,VR2TX,NOT USED,A69-1601-62439,,,,,STATION,RM1824 US CHILLI BRIDGE_PENINSULA,POINT (-89.4586 40.9346),"Receiver downloaed, WP updated.. Battery replaced"
"2025-03-12",TRANSMITTER,USFWS,FWSWILMINGTONILR,RM1824 US CHILLI BRIDGE_PENINSULA-VR2TX-489206-A69-1601-62439-2024-08-27T18,2024-08-27 18:54:00.000,2024-10-30 14:35:00.000,UTC,STATION:RM1824 US CHILLI BRIDGE_PENINSULA,40.9346,-89.4586,,2.87,2.5,Transceiver,VR2TX,NOT USED,A69-1601-62439,,,,,STATION,RM1824 US CHILLI BRIDGE_PENINSULA,POINT (-89.4586 40.9346),"Receiver downloaded, WP updated"
"2025-03-12",TRANSMITTER,USFWS,FWSWILMINGTONILR,RM1948 US UPPER HENRY ISLAND-VR2TX-489208-A69-1601-62441-2024-03-06T18,2024-03-06 18:56:00.000,2024-04-02 15:41:00.000,UTC,STATION:RM1948 US UPPER HENRY ISLAND,41.09482,-89.36744,,0.98,0.85,Transceiver,VR2TX,NOT USED,A69-1601-62441,,,,,STATION,RM1948 US UPPER HENRY ISLAND,POINT (-89.36744 41.09482),"Tethered to tree at 41.09459, -89.36732, Receiver downloaded, waypoint updated"
"2025-03-12",TRANSMITTER,USFWS,FWSWILMINGTONILR,RM1948 US UPPER HENRY ISLAND-VR2TX-489208-A69-1601-62441-2024-04-02T15,2024-04-02 15:46:00.000,2024-06-18 16:37:00.000,UTC,STATION:RM1948 US UPPER HENRY ISLAND,41.09482,-89.36744,,0.98,0.85,Transceiver,VR2TX,NOT USED,A69-1601-62441,,,,,STATION,RM1948 US UPPER HENRY ISLAND,POINT (-89.36744 41.09482),"Receiver downloaded, samw WP used"
"2025-03-12",TRANSMITTER,USFWS,FWSWILMINGTONILR,RM1948 US UPPER HENRY ISLAND-VR2TX-489208-A69-1601-62441-2024-06-18T16,2024-06-18 16:42:00.000,2024-08-28 15:59:00.000,UTC,STATION:RM1948 US UPPER HENRY ISLAND,41.09482,-89.36744,,0.98,0.85,Transceiver,VR2TX,NOT USED,A69-1601-62441,,,,,STATION,RM1948 US UPPER HENRY ISLAND,POINT (-89.36744 41.09482),"Receiver downloaded, WP updatred, Battery replaced. Receiver found in shallow water near shore"
"2025-03-12",TRANSMITTER,USFWS,FWSWILMINGTONILR,RM1948 US UPPER HENRY ISLAND-VR2TX-489208-A69-1601-62441-2024-08-28T16,2024-08-28 16:04:00.000,2024-10-30 17:15:00.000,UTC,STATION:RM1948 US UPPER HENRY ISLAND,41.09482,-89.36744,,0.98,0.85,Transceiver,VR2TX,NOT USED,A69-1601-62441,,,,,STATION,RM1948 US UPPER HENRY ISLAND,POINT (-89.36744 41.09482),"Receiver downloaded, WP updated"
"2025-03-12",TRANSMITTER,USFWS,FWSWILMINGTONILR,RM1991 SENACHWINE LAKE PENINSULA-VR2TX-489209-A69-1601-62442-2024-03-06T19,2024-03-06 19:18:00.000,2024-04-02 16:25:00.000,UTC,STATION:RM1991 SENACHWINE LAKE PENINSULA,41.14773,-89.3303,,1.83,1.74,Transceiver,VR2TX,NOT USED,A69-1601-62442,,,,,STATION,RM1991 SENACHWINE LAKE PENINSULA,POINT (-89.3303 41.14773),"Tethered to tree at 41.14709, -89.33030, Receiver downloaded, waypoint updated"
"2025-03-12",TRANSMITTER,USFWS,FWSWILMINGTONILR,RM1991 SENACHWINE LAKE PENINSULA-VR2TX-489209-A69-1601-62442-2024-04-02T16,2024-04-02 16:30:00.000,2024-06-18 17:06:00.000,UTC,STATION:RM1991 SENACHWINE LAKE PENINSULA,41.14773,-89.3303,,1.83,1.74,Transceiver,VR2TX,NOT USED,A69-1601-62442,,,,,STATION,RM1991 SENACHWINE LAKE PENINSULA,POINT (-89.3303 41.14773),"Receiver downloaded, WP updated"
"2025-03-12",TRANSMITTER,USFWS,FWSWILMINGTONILR,RM1991 SENACHWINE LAKE PENINSULA-VR2TX-489209-A69-1601-62442-2024-06-18T17,2024-06-18 17:11:00.000,2024-08-28 16:30:00.000,UTC,STATION:RM1991 SENACHWINE LAKE PENINSULA,41.14773,-89.3303,,1.83,1.74,Transceiver,VR2TX,NOT USED,A69-1601-62442,,,,,STATION,RM1991 SENACHWINE LAKE PENINSULA,POINT (-89.3303 41.14773),"Receiver downloaded, WP updated, battery replaced"
"2025-03-12",TRANSMITTER,USFWS,FWSWILMINGTONILR,RM2027 LOWER TWIN SISTERS ISLAND-VR2TX-489211-A69-1601-62444-2024-03-06T19,2024-03-06 19:37:00.000,2024-04-02 16:54:00.000,UTC,STATION:RM2027 LOWER TWIN SISTERS ISLAND,41.19392,-89.33267,,2.38,2.19,Transceiver,VR2TX,NOT USED,A69-1601-62444,,,,,STATION,RM2027 LOWER TWIN SISTERS ISLAND,POINT (-89.33267 41.19392),"Tethered to tree at 41.19398, -89.33294, Receiver downloaded, waypoint updated"
"2025-03-12",TRANSMITTER,USFWS,FWSWILMINGTONILR,RM2027 LOWER TWIN SISTERS ISLAND-VR2TX-489211-A69-1601-62444-2024-04-02T16,2024-04-02 16:59:00.000,2024-06-18 17:57:00.000,UTC,STATION:RM2027 LOWER TWIN SISTERS ISLAND,41.19392,-89.33267,,2.38,2.19,Transceiver,VR2TX,NOT USED,A69-1601-62444,,,,,STATION,RM2027 LOWER TWIN SISTERS ISLAND,POINT (-89.33267 41.19392),"Receiver downloaded, WP updated"
"2025-03-12",TRANSMITTER,USFWS,FWSWILMINGTONILR,RM2027 LOWER TWIN SISTERS ISLAND-VR2TX-489211-A69-1601-62444-2024-06-18T18,2024-06-18 18:02:00.000,2024-08-28 16:48:00.000,UTC,STATION:RM2027 LOWER TWIN SISTERS ISLAND,41.19392,-89.33267,,2.38,2.19,Transceiver,VR2TX,NOT USED,A69-1601-62444,,,,,STATION,RM2027 LOWER TWIN SISTERS ISLAND,POINT (-89.33267 41.19392),"Receiver downloaded, WP updated"
"2025-03-12",TRANSMITTER,USFWS,FWSWILMINGTONILR,RM2027 LOWER TWIN SISTERS ISLAND-VR2TX-489211-A69-1601-62444-2024-08-28T16,2024-08-28 16:53:00.000,2024-10-30 17:58:00.000,UTC,STATION:RM2027 LOWER TWIN SISTERS ISLAND,41.19392,-89.33267,,2.38,2.19,Transceiver,VR2TX,NOT USED,A69-1601-62444,,,,,STATION,RM2027 LOWER TWIN SISTERS ISLAND,POINT (-89.33267 41.19392),"Receiver downloaded, WP updated"
"2025-03-12",TRANSMITTER,USFWS,FWSWILMINGTONILR,RM216 US OF CLARK ISLAND-VR2TX-489039-A69-1601-62346-2024-03-07T17,2024-03-07 17:09:00.000,2024-04-03 14:46:00.000,UTC,STATION:RM216 US OF CLARK ISLAND,41.31765,-89.24667,,1.01,1.19,Transceiver,VR2TX,NOT USED,A69-1601-62346,,,,,STATION,RM216 US OF CLARK ISLAND,POINT (-89.24667 41.31765),"Tethered to doubl trunk tree at 41.31742, -89.24667, Receiver downloaded, waypoint updated"
"2025-03-12",TRANSMITTER,USFWS,FWSWILMINGTONILR,RM216 US OF CLARK ISLAND-VR2TX-489039-A69-1601-62346-2024-04-03T14,2024-04-03 14:51:00.000,2024-06-20 16:25:00.000,UTC,STATION:RM216 US OF CLARK ISLAND,41.31765,-89.24667,,1.01,1.19,Transceiver,VR2TX,NOT USED,A69-1601-62346,,,,,STATION,RM216 US OF CLARK ISLAND,POINT (-89.24667 41.31765),"Receiver downloaded, WP updated"
"2025-03-12",TRANSMITTER,USFWS,FWSWILMINGTONILR,RM216 US OF CLARK ISLAND-VR2TX-489039-A69-1601-62346-2024-06-20T16,2024-06-20 16:30:00.000,2024-08-29 15:35:00.000,UTC,STATION:RM216 US OF CLARK ISLAND,41.31765,-89.24667,,1.01,1.19,Transceiver,VR2TX,NOT USED,A69-1601-62346,,,,,STATION,RM216 US OF CLARK ISLAND,POINT (-89.24667 41.31765),"Receiver downloaded, WP maintained,battery replaced"
"2025-03-12",TRANSMITTER,USFWS,FWSWILMINGTONILR,RM216 US OF CLARK ISLAND-VR2TX-489039-A69-1601-62346-2024-08-29T15,2024-08-29 15:40:00.000,2024-10-31 15:58:00.000,UTC,STATION:RM216 US OF CLARK ISLAND,41.31765,-89.24667,,1.01,1.19,Transceiver,VR2TX,NOT USED,A69-1601-62346,,,,,STATION,RM216 US OF CLARK ISLAND,POINT (-89.24667 41.31765),"Receiver downloaded, WP updated"
"2025-03-12",TRANSMITTER,USFWS,FWSWILMINGTONILR,RM223 PERU US ROUTE 251 BRIDGE-VR2TX-489037-A69-1601-62344-2024-03-07T15,2024-03-07 15:40:00.000,2024-04-03 17:32:00.000,UTC,STATION:RM223 PERU US ROUTE 251 BRIDGE,41.32284,-89.11803,,2.87,3.05,Transceiver,VR2TX,NOT USED,A69-1601-62344,,,,,STATION,RM223 PERU US ROUTE 251 BRIDGE,POINT (-89.11803 41.32284),"Tethered to tree at 41.32264, -89.11803, Receiver downloaded, waypoint updated"
"2025-03-12",TRANSMITTER,USFWS,FWSWILMINGTONILR,RM223 PERU US ROUTE 251 BRIDGE-VR2TX-489037-A69-1601-62344-2024-04-03T17,2024-04-03 17:37:00.000,2024-06-20 16:19:00.000,UTC,STATION:RM223 PERU US ROUTE 251 BRIDGE,41.32284,-89.11803,,2.87,3.05,Transceiver,VR2TX,NOT USED,A69-1601-62344,,,,,STATION,RM223 PERU US ROUTE 251 BRIDGE,POINT (-89.11803 41.32284),"Receiver downloaded, WP updated"
"2025-03-12",TRANSMITTER,USFWS,FWSWILMINGTONILR,RM223 PERU US ROUTE 251 BRIDGE-VR2TX-489037-A69-1601-62344-2024-06-20T16,2024-06-20 16:24:00.000,2024-08-28 18:32:00.000,UTC,STATION:RM223 PERU US ROUTE 251 BRIDGE,41.32284,-89.11803,,2.87,3.05,Transceiver,VR2TX,NOT USED,A69-1601-62344,,,,,STATION,RM223 PERU US ROUTE 251 BRIDGE,POINT (-89.11803 41.32284),"Receiver downloaded, battery replaced. Receiver found washed up on shore."
"2025-03-12",TRANSMITTER,USFWS,FWSWILMINGTONILR,RM223 PERU US ROUTE 251 BRIDGE-VR2TX-489037-A69-1601-62344-2024-08-28T18,2024-08-28 18:37:00.000,2024-10-31 16:43:00.000,UTC,STATION:RM223 PERU US ROUTE 251 BRIDGE,41.32284,-89.11803,,2.87,3.05,Transceiver,VR2TX,NOT USED,A69-1601-62344,,,,,STATION,RM223 PERU US ROUTE 251 BRIDGE,POINT (-89.11803 41.32284),"Receiver downloaded, WP updated"
"2025-03-12",TRANSMITTER,USFWS,FWSWILMINGTONILR,RM2339 LONE POINT DELBRIDGE SIDE CHANNEL-VR2TX-489212-A69-1601-62445-2024-03-04T19,2024-03-04 19:07:00.000,2024-04-04 15:41:00.000,UTC,STATION:RM2339 LONE POINT DELBRIDGE SIDE CHANNEL,41.31077,-88.9369,,3.51,3.72,Transceiver,VR2TX,NOT USED,A69-1601-62445,,,,,STATION,RM2339 LONE POINT DELBRIDGE SIDE CHANNEL,POINT (-88.9369 41.31077),"Tethered to tree at 41.31066, -88.93689, Receiver downloaded, waypoint updated"
"2025-03-12",TRANSMITTER,USFWS,FWSWILMINGTONILR,RM2339 LONE POINT DELBRIDGE SIDE CHANNEL-VR2TX-489212-A69-1601-62445-2024-04-04T15,2024-04-04 15:46:00.000,2024-06-24 14:26:00.000,UTC,STATION:RM2339 LONE POINT DELBRIDGE SIDE CHANNEL,41.31077,-88.9369,,3.51,3.72,Transceiver,VR2TX,NOT USED,A69-1601-62445,,,,,STATION,RM2339 LONE POINT DELBRIDGE SIDE CHANNEL,POINT (-88.9369 41.31077),"Receiver downloaded, WP updated"
"2025-03-12",TRANSMITTER,USFWS,FWSWILMINGTONILR,RM2339 LONE POINT DELBRIDGE SIDE CHANNEL-VR2TX-489212-A69-1601-62445-2024-06-24T14,2024-06-24 14:31:00.000,2024-08-26 14:20:00.000,UTC,STATION:RM2339 LONE POINT DELBRIDGE SIDE CHANNEL,41.31077,-88.9369,,3.51,3.72,Transceiver,VR2TX,NOT USED,A69-1601-62445,,,,,STATION,RM2339 LONE POINT DELBRIDGE SIDE CHANNEL,POINT (-88.9369 41.31077),"Receiver downloaded, WP updated. Battery replaced"
"2025-03-12",TRANSMITTER,USFWS,FWSWILMINGTONILR,RM2339 LONE POINT DELBRIDGE SIDE CHANNEL-VR2TX-489212-A69-1601-62445-2024-08-26T14,2024-08-26 14:25:00.000,2024-10-29 13:39:00.000,UTC,STATION:RM2339 LONE POINT DELBRIDGE SIDE CHANNEL,41.31077,-88.9369,,3.51,3.72,Transceiver,VR2TX,NOT USED,A69-1601-62445,,,,,STATION,RM2339 LONE POINT DELBRIDGE SIDE CHANNEL,POINT (-88.9369 41.31077),"Receiver downloaded, WP updated"
"2025-03-12",TRANSMITTER,USFWS,FWSWILMINGTONILR,RM2351 MC SHEEHAN ISLAND-VR2TX-490949-A69-1601-62746-2024-03-12T15,2024-03-12 15:04:00.000,2024-04-04 16:14:00.000,UTC,STATION:RM2351 MC SHEEHAN ISLAND,41.32077,-88.91056,,1.58,1.65,Transceiver,VR2TX,NOT USED,A69-1601-62746,,,,,STATION,RM2351 MC SHEEHAN ISLAND,POINT (-88.91056 41.32077),"Tethered to double-trunk tree at 41.32087, -88.91077, Receiver downloaded, waypoint updated"
"2025-03-12",TRANSMITTER,USFWS,FWSWILMINGTONILR,RM2351 MC SHEEHAN ISLAND-VR2TX-490949-A69-1601-62746-2024-04-04T16,2024-04-04 16:19:00.000,2024-06-20 18:33:00.000,UTC,STATION:RM2351 MC SHEEHAN ISLAND,41.32077,-88.91056,,1.58,1.65,Transceiver,VR2TX,NOT USED,A69-1601-62746,,,,,STATION,RM2351 MC SHEEHAN ISLAND,POINT (-88.91056 41.32077),"Receiver downloaded, WP updated"
"2025-03-12",TRANSMITTER,USFWS,FWSWILMINGTONILR,RM2351 MC SHEEHAN ISLAND-VR2TX-490949-A69-1601-62746-2024-06-20T18,2024-06-20 18:38:00.000,2024-08-26 15:28:00.000,UTC,STATION:RM2351 MC SHEEHAN ISLAND,41.32077,-88.91056,,1.58,1.65,Transceiver,VR2TX,NOT USED,A69-1601-62746,,,,,STATION,RM2351 MC SHEEHAN ISLAND,POINT (-88.91056 41.32077),"Receiver downloaded, WP updated. Battery replaced"
"2025-03-12",TRANSMITTER,USFWS,FWSWILMINGTONILR,RM2351 MC SHEEHAN ISLAND-VR2TX-490949-A69-1601-62746-2024-08-26T15,2024-08-26 15:33:00.000,2024-10-29 14:45:00.000,UTC,STATION:RM2351 MC SHEEHAN ISLAND,41.32077,-88.91056,,1.58,1.65,Transceiver,VR2TX,NOT USED,A69-1601-62746,,,,,STATION,RM2351 MC SHEEHAN ISLAND,POINT (-88.91056 41.32077),"Receiver downloaded, WP updated"
"2025-03-12",TRANSMITTER,USFWS,FWSWILMINGTONILR,RM2385 HITT-MAYO STRAIGHT-VR2TX-489040-A69-1601-62347-2024-03-04T19,2024-03-04 19:49:00.000,2024-06-20 18:16:00.000,UTC,STATION:RM2385 HITT-MAYO STRAIGHT,41.3346,-88.86343,,1.68,1.65,Transceiver,VR2TX,NOT USED,A69-1601-62347,,,,,STATION,RM2385 HITT-MAYO STRAIGHT,POINT (-88.86343 41.3346),"Tethred to tree at tip of island at 41.33467, -88.86346, Receiver downloaded, WP updated"
"2025-03-12",TRANSMITTER,USFWS,FWSWILMINGTONILR,RM241 BULLS ISLAND MC ABANDONED HARBOR-VR2TX-490950-A69-1601-62747-2024-03-07T19,2024-03-07 19:18:00.000,2024-06-20 19:00:00.000,UTC,STATION:RM241 BULLS ISLAND MC ABANDONED HARBOR,41.3392,-88.81616,,2.87,3.11,Transceiver,VR2TX,NOT USED,A69-1601-62747,,,,,STATION,RM241 BULLS ISLAND MC ABANDONED HARBOR,POINT (-88.81616 41.3392),"Tethered to tree at 41.33906, -88.81615, Receiver downloaded, same WP used"
"2025-03-12",TRANSMITTER,USFWS,FWSWILMINGTONILR,RM241 BULLS ISLAND MC ABANDONED HARBOR-VR2TX-490950-A69-1601-62747-2024-06-20T19,2024-06-20 19:05:00.000,2024-08-26 16:23:00.000,UTC,STATION:RM241 BULLS ISLAND MC ABANDONED HARBOR,41.3392,-88.81616,,2.87,3.11,Transceiver,VR2TX,NOT USED,A69-1601-62747,,,,,STATION,RM241 BULLS ISLAND MC ABANDONED HARBOR,POINT (-88.81616 41.3392),"Receiver downloaded, WP updated"
"2025-03-12",TRANSMITTER,USFWS,FWSWILMINGTONILR,RM241 BULLS ISLAND MC ABANDONED HARBOR-VR2TX-490950-A69-1601-62747-2024-08-26T16,2024-08-26 16:28:00.000,2024-10-29 15:27:00.000,UTC,STATION:RM241 BULLS ISLAND MC ABANDONED HARBOR,41.3392,-88.81616,,2.87,3.11,Transceiver,VR2TX,NOT USED,A69-1601-62747,,,,,STATION,RM241 BULLS ISLAND MC ABANDONED HARBOR,POINT (-88.81616 41.3392),"Receiver downloaded, WP updated"
"2025-03-12",TRANSMITTER,USFWS,FWSWILMINGTONILR,RM1648 LOWER PEORIA LAKE_POINT_RIVER LEFT-VR2TX-489204-A69-1601-62437-2024-10-28T15,2024-10-28 15:27:00.000,2024-12-16 18:28:00.000,UTC,STATION:RM1648 LOWER PEORIA LAKE_POINT_RIVER LEFT,40.70553,-89.54171,,0.67,0.58,Transceiver,VR2TX,NOT USED,A69-1601-62437,,,,,STATION,RM1648 LOWER PEORIA LAKE_POINT_RIVER LEFT,POINT (-89.54171 40.70553),Receiver found washed ashore from ice flow. Receiver downloaded and pulled for the season
"2025-03-12",TRANSMITTER,USFWS,FWSWILMINGTONILR,RM1666 PEORIA LAKE NARROWS-VR2TX-489205-A69-1601-62438-2024-10-28T16,2024-10-28 16:00:00.000,2024-12-16 16:58:00.000,UTC,STATION:RM1666 PEORIA LAKE NARROWS,40.73064,-89.54897,,3.47,3.32,Transceiver,VR2TX,NOT USED,A69-1601-62438,,,,,STATION,RM1666 PEORIA LAKE NARROWS,POINT (-89.54897 40.73064),Receiver downloaded and pulled for the season
"2025-03-12",TRANSMITTER,USFWS,FWSWILMINGTONILR,RM173 UPPER PEORIA LAKE_RIVER LEFT-VR2TX-489207-A69-1601-62440-2024-10-28T16,2024-10-28 16:26:00.000,2024-12-16 17:15:00.000,UTC,STATION:RM173 UPPER PEORIA LAKE_RIVER LEFT,40.81856,-89.54397,,0.61,0.58,Transceiver,VR2TX,NOT USED,A69-1601-62440,,,,,STATION,RM173 UPPER PEORIA LAKE_RIVER LEFT,POINT (-89.54397 40.81856),Receiver downloaded and pulled for the season
"2025-03-12",TRANSMITTER,USFWS,FWSWILMINGTONILR,RM1824 US CHILLI BRIDGE_PENINSULA-VR2TX-489206-A69-1601-62439-2024-10-30T14,2024-10-30 14:40:00.000,2024-12-09 17:15:00.000,UTC,STATION:RM1824 US CHILLI BRIDGE_PENINSULA,40.9346,-89.4586,,2.87,2.5,Transceiver,VR2TX,NOT USED,A69-1601-62439,,,,,STATION,RM1824 US CHILLI BRIDGE_PENINSULA,POINT (-89.4586 40.9346),Receiver downloaded and pulled for the season
"2025-03-12",TRANSMITTER,USFWS,FWSWILMINGTONILR,RM1948 US UPPER HENRY ISLAND-VR2TX-489208-A69-1601-62441-2024-10-30T17,2024-10-30 17:20:00.000,2024-12-09 19:04:00.000,UTC,STATION:RM1948 US UPPER HENRY ISLAND,41.09482,-89.36744,,0.98,0.85,Transceiver,VR2TX,NOT USED,A69-1601-62441,,,,,STATION,RM1948 US UPPER HENRY ISLAND,POINT (-89.36744 41.09482),Receiver downloaded and pulled for the season. Found washed on shore.
"2025-03-12",TRANSMITTER,USFWS,FWSWILMINGTONILR,RM1991 SENACHWINE LAKE PENINSULA-VR2TX-489209-A69-1601-62442-2024-10-30T17,2024-10-30 17:44:00.000,2024-12-10 16:44:00.000,UTC,STATION:RM1991 SENACHWINE LAKE PENINSULA,41.14773,-89.3303,,1.83,1.74,Transceiver,VR2TX,NOT USED,A69-1601-62442,,,,,STATION,RM1991 SENACHWINE LAKE PENINSULA,POINT (-89.3303 41.14773),Receiver downloaded and pulled for the season
"2025-03-12",TRANSMITTER,USFWS,FWSWILMINGTONILR,RM2027 LOWER TWIN SISTERS ISLAND-VR2TX-489211-A69-1601-62444-2024-10-30T18,2024-10-30 18:03:00.000,2024-12-10 16:17:00.000,UTC,STATION:RM2027 LOWER TWIN SISTERS ISLAND,41.19392,-89.33267,,2.38,2.19,Transceiver,VR2TX,NOT USED,A69-1601-62444,,,,,STATION,RM2027 LOWER TWIN SISTERS ISLAND,POINT (-89.33267 41.19392),Receiver downloaded and pulled for the season
"2025-03-12",TRANSMITTER,USFWS,FWSWILMINGTONILR,RM216 US OF CLARK ISLAND-VR2TX-489039-A69-1601-62346-2024-10-31T16,2024-10-31 16:03:00.000,2024-12-04 18:12:00.000,UTC,STATION:RM216 US OF CLARK ISLAND,41.31765,-89.24667,,1.01,1.19,Transceiver,VR2TX,NOT USED,A69-1601-62346,,,,,STATION,RM216 US OF CLARK ISLAND,POINT (-89.24667 41.31765),Receiver downloaded and pulled for the season
"2025-03-12",TRANSMITTER,USFWS,FWSWILMINGTONILR,RM223 PERU US ROUTE 251 BRIDGE-VR2TX-489037-A69-1601-62344-2024-10-31T16,2024-10-31 16:48:00.000,2024-12-10 18:38:00.000,UTC,STATION:RM223 PERU US ROUTE 251 BRIDGE,41.32284,-89.11803,,2.87,3.05,Transceiver,VR2TX,NOT USED,A69-1601-62344,,,,,STATION,RM223 PERU US ROUTE 251 BRIDGE,POINT (-89.11803 41.32284),Receiver washed ashore from ice flow. Receiver downloaded and pulled for the season
"2025-03-12",TRANSMITTER,USFWS,FWSWILMINGTONILR,RM2339 LONE POINT DELBRIDGE SIDE CHANNEL-VR2TX-489212-A69-1601-62445-2024-10-29T13,2024-10-29 13:44:00.000,2024-12-11 15:38:00.000,UTC,STATION:RM2339 LONE POINT DELBRIDGE SIDE CHANNEL,41.31077,-88.9369,,3.51,3.72,Transceiver,VR2TX,NOT USED,A69-1601-62445,,,,,STATION,RM2339 LONE POINT DELBRIDGE SIDE CHANNEL,POINT (-88.9369 41.31077),Receiver downloaded and pulled for the season
"2025-03-12",TRANSMITTER,USFWS,FWSWILMINGTONILR,RM2351 MC SHEEHAN ISLAND-VR2TX-490949-A69-1601-62746-2024-10-29T14,2024-10-29 14:50:00.000,2024-12-03 16:41:00.000,UTC,STATION:RM2351 MC SHEEHAN ISLAND,41.32077,-88.91056,,1.58,1.65,Transceiver,VR2TX,NOT USED,A69-1601-62746,,,,,STATION,RM2351 MC SHEEHAN ISLAND,POINT (-88.91056 41.32077),Receiver downloaded and pulled for the season
"2025-03-12",TRANSMITTER,USFWS,FWSWILMINGTONILR,RM2385 HITT-MAYO STRAIGHT-VR2TX-489040-A69-1601-62347-2024-10-29T15,2024-10-29 15:12:00.000,2024-12-03 17:21:00.000,UTC,STATION:RM2385 HITT-MAYO STRAIGHT,41.3346,-88.86343,,1.68,1.65,Transceiver,VR2TX,NOT USED,A69-1601-62347,,,,,STATION,RM2385 HITT-MAYO STRAIGHT,POINT (-88.86343 41.3346),Receiver downloaded and pulled for the season
"2025-03-12",TRANSMITTER,USFWS,FWSWILMINGTONILR,RM241 BULLS ISLAND MC ABANDONED HARBOR-VR2TX-490950-A69-1601-62747-2024-10-29T15,2024-10-29 15:32:00.000,2024-12-03 17:54:00.000,UTC,STATION:RM241 BULLS ISLAND MC ABANDONED HARBOR,41.3392,-88.81616,,2.87,3.11,Transceiver,VR2TX,NOT USED,A69-1601-62747,,,,,STATION,RM241 BULLS ISLAND MC ABANDONED HARBOR,POINT (-88.81616 41.3392),Receiver downloaded and pulled for the season
"2025-03-12",TRANSMITTER,USFWS,FWSWILMINGTONILR,RM1644 LOWER PEORIA LAKE_POINT_RIVER LEFT-VR2TX-489210-A69-1601-62443-2023-03-06T17,2023-03-06 17:44:00.000,2023-04-04 19:25:00.000,UTC,STATION:RM1644 LOWER PEORIA LAKE_POINT_RIVER LEFT,40.70116,-89.54271,,1.95,1.89,Transceiver,VR2TX,NOT USED,A69-1601-62443,,,,,STATION,RM1644 LOWER PEORIA LAKE_POINT_RIVER LEFT,POINT (-89.54271 40.70116),"Receiver at WP 259, Tree at WP260, Receiver at WP 259, Tree at WP260, right of light post"
"2025-03-12",TRANSMITTER,USFWS,FWSWILMINGTONILR,RM1948 US UPPER HENRY ISLAND-VR2TX-489207-A69-1601-62440-2023-03-07T16,2023-03-07 16:28:00.000,2023-04-05 13:44:00.000,UTC,STATION:RM1948 US UPPER HENRY ISLAND,41.09459,-89.36732,,2.347,2.42,Transceiver,VR2TX,NOT USED,A69-1601-62440,,,,,STATION,RM1948 US UPPER HENRY ISLAND,POINT (-89.36732 41.09459),"Tree at WP 249, Receiver at WP 250, Tree at WP 249, Receiver at WP 250"
"2025-03-12",TRANSMITTER,USFWS,FWSWILMINGTONILR,RM241 BULLS ISLAND MC ABANDONED HARBOR-VR2TX-489208-A69-1601-62441-2023-03-16T12,2023-03-16 12:26:00.000,2023-04-06 15:07:00.000,UTC,STATION:RM241 BULLS ISLAND MC ABANDONED HARBOR,41.33923,-88.81625,,3.47,3.41,Transceiver,VR2TX,NOT USED,A69-1601-62441,,,,,STATION,RM241 BULLS ISLAND MC ABANDONED HARBOR,POINT (-88.81625 41.33923),"Tree at 41.33906/-88.81615. Receiver at 41.33920/-88.81626, Tree at 41.33906/-88.81615(WP296). Receiver at 41.33920/-88.81626(WP295)"
"2025-03-12",TRANSMITTER,USFWS,FWSWILMINGTONILR,RM173 UPPER PEORIA LAKE_RIVER RIGHT-VR2TX-489040-A69-1601-62347-2023-09-27T16,2023-09-27 16:01:00.000,2023-11-01 12:00:00.000,UTC,STATION:RM173 UPPER PEORIA LAKE_RIVER RIGHT,40.82307,-89.55513,,0.701,0.598,Transceiver,VR2TX,NOT USED,A69-1601-62347,,,,,STATION,RM173 UPPER PEORIA LAKE_RIVER RIGHT,POINT (-89.55513 40.82307),Added this deploy record for RAFT format
"2025-03-12",TRANSMITTER,USFWS,FWSWILMINGTONILR,RM173 UPPER PEORIA LAKE_RIVER LEFT-VR2TX-489209-A69-1601-62442-2023-09-27T15,2023-09-27 15:48:00.000,2023-11-01 12:00:00.000,UTC,STATION:RM173 UPPER PEORIA LAKE_RIVER LEFT,40.8187,-89.54366,,0.488,0.504,Transceiver,VR2TX,NOT USED,A69-1601-62442,,,,,STATION,RM173 UPPER PEORIA LAKE_RIVER LEFT,POINT (-89.54366 40.8187),Added this deploy record for RAFT format
"2025-03-12",TRANSMITTER,ISU,ISUUMR,CER - PRAIRIE PARK FISHERY BACKWATER-VR2TX-486235-A69-1601-63265-2023-06-16T17,2023-06-16 17:05:00.000,2023-09-07 19:10:00.000,UTC,STATION:CER - PRAIRIE PARK FISHERY BACKWATER,41.95471,-91.63801,,,,Transceiver,VR2TX,NOT USED,A69-1601-63265,,,,,STATION,CER - PRAIRIE PARK FISHERY BACKWATER,POINT (-91.63801 41.95471),|Added this deploy record for RAFT format
"2025-03-12",TRANSMITTER,ISU,ISUUMR,IAR - HWY 22 RIVER JUNCTION-VR2TX-487013-A69-1601-63940-2022-11-07T18,2022-11-07 18:05:00.000,2023-06-15 17:00:00.000,UTC,STATION:IAR - HWY 22 RIVER JUNCTION,41.49611,-91.51096,,,,Transceiver,VR2TX,NOT USED,A69-1601-63940,,,,,STATION,IAR - HWY 22 RIVER JUNCTION,POINT (-91.51096 41.49611),|Added this deploy record for RAFT format
"2025-03-12",TRANSMITTER,ISU,ISUUMR,IAR - HWY 22 RIVER JUNCTION-VR2TX-487013-A69-1601-63940-2023-06-15T17,2023-06-15 17:05:00.000,2023-10-31 17:00:00.000,UTC,STATION:IAR - HWY 22 RIVER JUNCTION,41.49611,-91.51096,,,,Transceiver,VR2TX,NOT USED,A69-1601-63940,,,,,STATION,IAR - HWY 22 RIVER JUNCTION,POINT (-91.51096 41.49611),"Changed Battery|Added this deploy record for RAFT format, Changed Battery"
"2025-03-12",TRANSMITTER,ISU,ISUUMR,USFWS - SKUNK RIVER BELOW OAKLAND MILLS-VR2TX-484548-A69-1601-62096-2023-03-22T17,2023-03-22 17:00:00.000,2023-06-13 17:00:00.000,UTC,STATION:USFWS - SKUNK RIVER BELOW OAKLAND MILLS,40.92174,-91.59219,,,,Transceiver,VR2TX,NOT USED,A69-1601-62096,,,,,STATION,USFWS - SKUNK RIVER BELOW OAKLAND MILLS,POINT (-91.59219 40.92174),"Housing design is typically used for shore mounts, but we cabled it to an abandoned bridge piling"
"2025-03-12",TRANSMITTER,ISU,ISUUMR,USFWS - SKUNK RIVER BELOW OAKLAND MILLS-VR2TX-484548-A69-1601-62096-2023-06-13T17,2023-06-13 17:05:00.000,2023-10-23 17:00:00.000,UTC,STATION:USFWS - SKUNK RIVER BELOW OAKLAND MILLS,40.92174,-91.59219,,,,Transceiver,VR2TX,NOT USED,A69-1601-62096,,,,,STATION,USFWS - SKUNK RIVER BELOW OAKLAND MILLS,POINT (-91.59219 40.92174),|Added this deploy record for RAFT format
"2025-03-12",TRANSMITTER,ISU,ISUUMR,CER - PRAIRIE PARK FISHERY BACKWATER-VR2TX-486235-A69-1601-63265-2022-09-29T17,2022-09-29 17:05:00.000,2023-06-16 17:00:00.000,UTC,STATION:CER - PRAIRIE PARK FISHERY BACKWATER,41.95471,-91.63801,,,,Transceiver,VR2TX,NOT USED,A69-1601-63265,,,,,STATION,CER - PRAIRIE PARK FISHERY BACKWATER,POINT (-91.63801 41.95471),"Raw Logging Stopped Notification|Added this deploy record for RAFT format, Raw Logging Stopped Notification"
"2025-03-12",TRANSMITTER,ISU,ISUUMR,USFWS - SKUNK RIVER FRANKLIN AVE-VR2TX-487012-A69-1601-63939-2023-06-13T17,2023-06-13 17:05:00.000,2023-10-23 17:00:00.000,UTC,STATION:USFWS - SKUNK RIVER FRANKLIN AVE,40.93614,-91.61879,,,,Transceiver,VR2TX,NOT USED,A69-1601-63939,,,,,STATION,USFWS - SKUNK RIVER FRANKLIN AVE,POINT (-91.61879 40.93614),|Added this deploy record for RAFT format
"2025-11-21",TRANSMITTER,ISU,ISUUMR,TURKEY RIVER - HWY 52-VR2TX-480768-A69-1601-62768-2024-03-20T22,2024-03-20 22:00:00.000,2024-11-17 08:31:00.000,UTC,STATION:TURKEY RIVER - HWY 52,42.70768,-91.07562,,,,Transceiver,VR2TX,NOT USED,A69-1601-62768,,,,,STATION,TURKEY RIVER - HWY 52,POINT (-91.07562 42.70768),"~2in out of water when deployed on 3/20/2024, sandbar at piling so couldn't lower housing"
"2025-11-21",TRANSMITTER,ISU,ISUUMR,UPPER IOWA RIVER - BELOW LOWER DAM-NEXTRAK-800279-A69-1601-12570-2024-06-04T19,2024-06-04 19:30:00.000,2024-11-17 14:44:00.000,UTC,STATION:UPPER IOWA RIVER - BELOW LOWER DAM,43.34372,-91.64036,,,,Receiver,NEXTRAK,NOT USED,A69-1601-12570,,,,,STATION,UPPER IOWA RIVER - BELOW LOWER DAM,POINT (-91.64036 43.34372),"Anchored to large rock, doesn't have a station name since it is a NexTrak receiver"
"2025-11-21",TRANSMITTER,ISU,ISUUMR,DSMR - GRAVEL PIT NEAR HWY 92-VR2TX-486240-A69-1601-63270-2023-09-29T17,2023-09-29 17:00:00.000,2024-05-31 14:38:00.000,UTC,STATION:DSMR - GRAVEL PIT NEAR HWY 92,41.31435,-92.88538,,,,Transceiver,VR2TX,NOT USED,A69-1601-63270,,,,,STATION,DSMR - GRAVEL PIT NEAR HWY 92,POINT (-92.88538 41.31435),"Still in water, but appeared to have been dragged to shore again on 3/24/2024 between 14:00 and 16:00, Cabled off to cottonwood tree on shore at 41.31394,-92.8856, Found on shore, based on temperature and tilt angle appears to have been pulled in on 2/24/24 between 15:00 - 16:00 CST"
"2025-11-21",TRANSMITTER,ISU,ISUUMR,IAR - HWY 22 RIVER JUNCTION-VR2TX-487013-A69-1601-63940-2023-10-31T17,2023-10-31 17:05:00.000,2024-06-11 20:35:00.000,UTC,STATION:IAR - HWY 22 RIVER JUNCTION,41.49611,-91.51096,,,,Transceiver,VR2TX,NOT USED,A69-1601-63940,,,,,STATION,IAR - HWY 22 RIVER JUNCTION,POINT (-91.51096 41.49611),"Fixed station name, added hobologger"
"2025-11-21",TRANSMITTER,ISU,ISUUMR,IAR - HWY 92 COLUMBUS JUNCTION-VR2TX-489131-A69-1601-62435-2023-10-31T17,2023-10-31 17:05:00.000,2024-06-11 18:34:00.000,UTC,STATION:IAR - HWY 92 COLUMBUS JUNCTION,41.27892,-91.3434,,,,Transceiver,VR2TX,NOT USED,A69-1601-62435,,,,,STATION,IAR - HWY 92 COLUMBUS JUNCTION,POINT (-91.3434 41.27892),"Replaced receiver battery, replaced hobologger battery, fixed station name"
"2025-11-21",TRANSMITTER,ISU,ISUUMR,UPPER IOWA RIVER - BELOW UPPER DAM-NEXTRAK-800278-A69-1601-12568-2024-06-04T18,2024-06-04 18:20:00.000,2024-11-18 15:59:00.000,UTC,STATION:UPPER IOWA RIVER - BELOW UPPER DAM,43.32156,-91.68668,,,,Receiver,NEXTRAK,NOT USED,A69-1601-12568,,,,,STATION,UPPER IOWA RIVER - BELOW UPPER DAM,POINT (-91.68668 43.32156),"Anchored to eastern rock face, doesn't actually have a station name since it is a NexTrak receiver"
"2025-11-21",TRANSMITTER,ISU,ISUUMR,DSMR - GRAVEL PIT NEAR HWY 92-VR2TX-486240-A69-1601-63270-2024-05-31T14,2024-05-31 14:43:00.000,2024-09-25 10:31:00.000,UTC,STATION:DSMR - GRAVEL PIT NEAR HWY 92,41.31435,-92.88538,,,,Transceiver,VR2TX,NOT USED,A69-1601-63270,,,,,STATION,DSMR - GRAVEL PIT NEAR HWY 92,POINT (-92.88538 41.31435),
"2025-11-21",TRANSMITTER,ISU,ISUUMR,USFWS - SKUNK RIVER FRANKLIN AVE-VR2TX-487012-A69-1601-63939-2023-10-23T17,2023-10-23 17:05:00.000,2024-03-12 16:50:00.000,UTC,STATION:USFWS - SKUNK RIVER FRANKLIN AVE,40.93614,-91.61879,,,,Transceiver,VR2TX,NOT USED,A69-1601-63939,,,,,STATION,USFWS - SKUNK RIVER FRANKLIN AVE,POINT (-91.61879 40.93614),"Replaced battery, VRL contains detections from previous download but removed them accordingly from csv file"
"2025-11-21",TRANSMITTER,ISU,ISUUMR,WAPSIPINICON RIVER - NEAR MOUTH-VR2TX-487014-A69-1601-63941-2024-04-19T17,2024-04-19 17:33:00.000,2024-11-16 11:45:00.000,UTC,STATION:WAPSIPINICON RIVER - NEAR MOUTH,41.73348,-90.32851,,,,Transceiver,VR2TX,NOT USED,A69-1601-63941,,,,,STATION,WAPSIPINICON RIVER - NEAR MOUTH,POINT (-90.32851 41.73348),Cage style housing cabled to tree on south bank of river. Orange bunjee attached to tree to help with ID
"2025-11-21",TRANSMITTER,ISU,ISUUMR,CER - PRAIRIE PARK FISHERY BACKWATER-VR2TX-486235-A69-1601-63265-2023-09-07T19,2023-09-07 19:15:00.000,2024-07-17 15:13:00.000,UTC,STATION:CER - PRAIRIE PARK FISHERY BACKWATER,41.95471,-91.63801,,,,Transceiver,VR2TX,NOT USED,A69-1601-63265,,,,,STATION,CER - PRAIRIE PARK FISHERY BACKWATER,POINT (-91.63801 41.95471),Raw logging stopped
"2025-11-21",TRANSMITTER,ISU,ISUUMR,MAQUOKETA RIVER - CITY OF MAQUOKETA-VR2TX-480769-A69-1601-62769-2024-04-10T19,2024-04-10 19:35:00.000,2024-11-16 13:14:00.000,UTC,STATION:MAQUOKETA RIVER - CITY OF MAQUOKETA,42.07565,-90.68241,,,,Transceiver,VR2TX,NOT USED,A69-1601-62769,,,,,STATION,MAQUOKETA RIVER - CITY OF MAQUOKETA,POINT (-90.68241 42.07565),Cage style housing cabled to north piling of east bridge
"2025-03-12",TRANSMITTER,ISU,ISUUMR,CER - F28 CEDAR BLUFF-VR2TX-487209-A69-1601-62010-2021-10-19T17,2021-10-19 17:00:00.000,2022-10-04 17:00:00.000,UTC,STATION:CER - F28 CEDAR BLUFF,41.78766,-91.31321,,,,Transceiver,VR2TX,NOT USED,A69-1601-62010,,,,,STATION,CER - F28 CEDAR BLUFF,POINT (-91.31321 41.78766),
"2025-03-12",TRANSMITTER,ISU,ISUUMR,CER - EDGEWOOD RD CEDAR RAPIDS-VR2TX-487218-A69-1601-62020-2021-10-19T17,2021-10-19 17:00:00.000,2022-10-13 17:00:00.000,UTC,STATION:CER - EDGEWOOD RD CEDAR RAPIDS,42.01145,-91.70499,,,,Transceiver,VR2TX,NOT USED,A69-1601-62020,,,,,STATION,CER - EDGEWOOD RD CEDAR RAPIDS,POINT (-91.70499 42.01145),
"2025-03-12",TRANSMITTER,ISU,ISUUMR,CER - PRAIRIE PARK FISHERY BACKWATER-VR2TX-486235-A69-1601-63265-2022-07-12T17,2022-07-12 17:00:00.000,2022-09-29 17:00:00.000,UTC,STATION:CER - PRAIRIE PARK FISHERY BACKWATER,41.95471,-91.63801,,,,Transceiver,VR2TX,NOT USED,A69-1601-63265,,,,,STATION,CER - PRAIRIE PARK FISHERY BACKWATER,POINT (-91.63801 41.95471),
"2025-03-12",TRANSMITTER,ISU,ISUUMR,DSMR - GRAVEL PIT NEAR HWY 92-VR2TX-486240-A69-1601-63270-2023-02-21T18,2023-02-21 18:00:00.000,2023-09-13 17:00:00.000,UTC,STATION:DSMR - GRAVEL PIT NEAR HWY 92,41.31435,-92.88538,,,,Transceiver,VR2TX,NOT USED,A69-1601-63270,,,,,STATION,DSMR - GRAVEL PIT NEAR HWY 92,POINT (-92.88538 41.31435),
"2025-03-12",TRANSMITTER,ISU,ISUUMR,IAR - HWY 22 RIVER JUNCTION-VR2TX-487013-A69-1601-63940-2021-09-24T17,2021-09-24 17:00:00.000,2022-11-07 18:00:00.000,UTC,STATION:IAR - HWY 22 RIVER JUNCTION,41.49611,-91.51096,,,,Transceiver,VR2TX,NOT USED,A69-1601-63940,,,,,STATION,IAR - HWY 22 RIVER JUNCTION,POINT (-91.51096 41.49611),
"2025-03-12",TRANSMITTER,ISU,ISUUMR,IAR - HWY 92 COLUMBUS JUNCTION-VR2TX-489131-A69-1601-62435-2023-06-19T17,2023-06-19 17:00:00.000,2023-10-31 17:00:00.000,UTC,STATION:IAR - HWY 92 COLUMBUS JUNCTION,41.27892,-91.3434,,,,Transceiver,VR2TX,NOT USED,A69-1601-62435,,,,,STATION,IAR - HWY 92 COLUMBUS JUNCTION,POINT (-91.3434 41.27892),
"2025-03-12",TRANSMITTER,ISU,ISUUMR,USFWS - SKUNK RIVER FRANKLIN AVE-VR2TX-487012-A69-1601-63939-2023-03-22T17,2023-03-22 17:00:00.000,2023-06-13 17:00:00.000,UTC,STATION:USFWS - SKUNK RIVER FRANKLIN AVE,40.93614,-91.61879,,,,Transceiver,VR2TX,NOT USED,A69-1601-63939,,,,,STATION,USFWS - SKUNK RIVER FRANKLIN AVE,POINT (-91.61879 40.93614),
"2025-11-21",TRANSMITTER,ISU,ISUUMR,IAR - HWY 22 RIVER JUNCTION-VR2TX-487013-A69-1601-63940-2024-06-11T20,2024-06-11 20:40:00.000,2024-10-12 16:47:00.000,UTC,STATION:IAR - HWY 22 RIVER JUNCTION,41.49611,-91.51096,,,,Transceiver,VR2TX,NOT USED,A69-1601-63940,,,,,STATION,IAR - HWY 22 RIVER JUNCTION,POINT (-91.51096 41.49611),
"2025-11-21",TRANSMITTER,ISU,ISUUMR,IAR - HWY 92 COLUMBUS JUNCTION-VR2TX-489131-A69-1601-62435-2024-06-11T18,2024-06-11 18:39:00.000,2024-10-12 14:29:00.000,UTC,STATION:IAR - HWY 92 COLUMBUS JUNCTION,41.27892,-91.3434,,,,Transceiver,VR2TX,NOT USED,A69-1601-62435,,,,,STATION,IAR - HWY 92 COLUMBUS JUNCTION,POINT (-91.3434 41.27892),
"2025-11-21",TRANSMITTER,ISU,ISUUMR,YELLOW RIVER - IA76-VR2TX-481459-A69-1601-63459-2023-09-27T20,2023-09-27 20:15:00.000,2024-11-17 10:14:00.000,UTC,STATION:YELLOW RIVER - IA76,43.08617,-91.18237,,,,Transceiver,VR2TX,NOT USED,A69-1601-63459,,,,,STATION,YELLOW RIVER - IA76,POINT (-91.18237 43.08617),
"2025-11-21",TRANSMITTER,ISU,ISUUMR,USFWS - SKUNK RIVER BELOW OAKLAND MILLS-VR2TX-484548-A69-1601-62096-2024-03-21T17,2024-03-21 17:15:00.000,2024-10-12 11:11:00.000,UTC,STATION:USFWS - SKUNK RIVER BELOW OAKLAND MILLS,40.92174,-91.59219,,,,Transceiver,VR2TX,NOT USED,A69-1601-62096,,,,,STATION,USFWS - SKUNK RIVER BELOW OAKLAND MILLS,POINT (-91.59219 40.92174),
"2025-11-21",TRANSMITTER,ISU,ISUUMR,USFWS - SKUNK RIVER FRANKLIN AVE-VR2TX-487012-A69-1601-63939-2024-03-12T16,2024-03-12 16:50:00.000,2024-10-12 09:10:00.000,UTC,STATION:USFWS - SKUNK RIVER FRANKLIN AVE,40.93614,-91.61879,,,,Transceiver,VR2TX,NOT USED,A69-1601-63939,,,,,STATION,USFWS - SKUNK RIVER FRANKLIN AVE,POINT (-91.61879 40.93614),
"2025-11-21",TRANSMITTER,ISU,ISUUMR,CER - PRAIRIE PARK FISHERY BACKWATER-VR2TX-486235-A69-1601-63265-2024-07-17T15,2024-07-17 15:18:00.000,2024-10-13 12:36:00.000,UTC,STATION:CER - PRAIRIE PARK FISHERY BACKWATER,41.95471,-91.63801,,,,Transceiver,VR2TX,NOT USED,A69-1601-63265,,,,,STATION,CER - PRAIRIE PARK FISHERY BACKWATER,POINT (-91.63801 41.95471),
"2025-03-12",TRANSMITTER,MDC,MDCUMR,ABOVE BOWERSOCK DAM-VR2TX-486485-A69-1601-63369-2023-03-02T18,2023-03-02 18:05:00.000,2023-06-26 17:00:00.000,UTC,STATION:ABOVE BOWERSOCK DAM,39.00348,-95.24265,,,,Transceiver,VR2TX,NOT USED,A69-1601-63369,,,,,STATION,ABOVE BOWERSOCK DAM,POINT (-95.24265 39.00348),Added this deploy record for RAFT format
"2025-03-12",TRANSMITTER,MDC,MDCUMR,ABOVE BOWERSOCK DAM-VR2TX-486485-A69-1601-63369-2023-06-26T17,2023-06-26 17:05:00.000,2023-11-01 17:00:00.000,UTC,STATION:ABOVE BOWERSOCK DAM,39.00348,-95.24265,,,,Transceiver,VR2TX,NOT USED,A69-1601-63369,,,,,STATION,ABOVE BOWERSOCK DAM,POINT (-95.24265 39.00348),Added this deploy record for RAFT format
"2025-03-12",TRANSMITTER,MDC,MDCUMR,ABOVE WATERONE WEIR-VR2TX-486504-A69-1601-63388-2023-03-02T18,2023-03-02 18:05:00.000,2023-06-26 17:00:00.000,UTC,STATION:ABOVE WATERONE WEIR,39.05462,-94.82471,,,,Transceiver,VR2TX,NOT USED,A69-1601-63388,,,,,STATION,ABOVE WATERONE WEIR,POINT (-94.82471 39.05462),Added this deploy record for RAFT format
"2025-03-12",TRANSMITTER,MDC,MDCUMR,ABOVE WATERONE WEIR-VR2TX-486504-A69-1601-63388-2023-06-26T17,2023-06-26 17:05:00.000,2023-11-01 17:00:00.000,UTC,STATION:ABOVE WATERONE WEIR,39.05462,-94.82471,,,,Transceiver,VR2TX,NOT USED,A69-1601-63388,,,,,STATION,ABOVE WATERONE WEIR,POINT (-94.82471 39.05462),Added this deploy record for RAFT format
"2025-03-12",TRANSMITTER,MDC,MDCUMR,BELOW BOWERSOCK DAM-VR2TX-486495-A69-1601-63379-2023-03-02T18,2023-03-02 18:05:00.000,2023-06-26 17:00:00.000,UTC,STATION:BELOW BOWERSOCK DAM,38.97104,-95.22128,,,,Transceiver,VR2TX,NOT USED,A69-1601-63379,,,,,STATION,BELOW BOWERSOCK DAM,POINT (-95.22128 38.97104),Added this deploy record for RAFT format
"2025-03-12",TRANSMITTER,MDC,MDCUMR,BELOW BOWERSOCK DAM-VR2TX-486495-A69-1601-63379-2023-06-26T17,2023-06-26 17:05:00.000,2023-11-01 17:00:00.000,UTC,STATION:BELOW BOWERSOCK DAM,38.97104,-95.22128,,,,Transceiver,VR2TX,NOT USED,A69-1601-63379,,,,,STATION,BELOW BOWERSOCK DAM,POINT (-95.22128 38.97104),Added this deploy record for RAFT format
"2025-03-12",TRANSMITTER,MDC,MDCUMR,BELOW WATERONE WEIR-VR2TX-486471-A69-1601-63352-2022-11-08T18,2022-11-08 18:05:00.000,2023-03-02 18:00:00.000,UTC,STATION:BELOW WATERONE WEIR,39.08443,-94.71805,,,,Transceiver,VR2TX,NOT USED,A69-1601-63352,,,,,STATION,BELOW WATERONE WEIR,POINT (-94.71805 39.08443),Added this deploy record for RAFT format
"2025-03-12",TRANSMITTER,MDC,MDCUMR,BELOW WATERONE WEIR-VR2TX-486471-A69-1601-63352-2023-03-02T18,2023-03-02 18:05:00.000,2023-06-26 17:00:00.000,UTC,STATION:BELOW WATERONE WEIR,39.08443,-94.71805,,,,Transceiver,VR2TX,NOT USED,A69-1601-63352,,,,,STATION,BELOW WATERONE WEIR,POINT (-94.71805 39.08443),Added this deploy record for RAFT format
"2025-03-12",TRANSMITTER,MDC,MDCUMR,BELOW WATERONE WEIR-VR2TX-486471-A69-1601-63352-2023-06-26T17,2023-06-26 17:05:00.000,2023-11-01 17:00:00.000,UTC,STATION:BELOW WATERONE WEIR,39.08443,-94.71805,,,,Transceiver,VR2TX,NOT USED,A69-1601-63352,,,,,STATION,BELOW WATERONE WEIR,POINT (-94.71805 39.08443),Added this deploy record for RAFT format
"2025-03-12",TRANSMITTER,MDC,MDCUMR,BOONEVILLE MISSOURI RIVER-VR2TX-486470-A69-1601-63351-2023-08-23T17,2023-08-23 17:05:00.000,2023-11-29 18:00:00.000,UTC,STATION:BOONEVILLE MISSOURI RIVER,38.98049,-92.74552,,,,Transceiver,VR2TX,NOT USED,A69-1601-63351,,,,,STATION,BOONEVILLE MISSOURI RIVER,POINT (-92.74552 38.98049),Added this deploy record for RAFT format
"2025-03-12",TRANSMITTER,MDC,MDCUMR,CARUTHERSVILLE3RDPIERFROMMO-VR2TX-486473-A69-1601-63354-2022-08-23T17,2022-08-23 17:05:00.000,2023-07-12 17:00:00.000,UTC,STATION:CARUTHERSVILLE3RDPIERFROMMO,36.11668,-89.61423,,,,Transceiver,VR2TX,NOT USED,A69-1601-63354,,,,,STATION,CARUTHERSVILLE3RDPIERFROMMO,POINT (-89.61423 36.11668),Added this deploy record for RAFT format
"2025-03-12",TRANSMITTER,MDC,MDCUMR,CARUTHERSVILLE3RDPIERFROMMO-VR2TX-486473-A69-1601-63354-2023-07-12T17,2023-07-12 17:05:00.000,2023-12-13 18:00:00.000,UTC,STATION:CARUTHERSVILLE3RDPIERFROMMO,36.11668,-89.61423,,,,Transceiver,VR2TX,NOT USED,A69-1601-63354,,,,,STATION,CARUTHERSVILLE3RDPIERFROMMO,POINT (-89.61423 36.11668),Added this deploy record for RAFT format
"2025-03-12",TRANSMITTER,MDC,MDCUMR,CHESTER IL PIER-VR2TX-486484-A69-1601-63368-2022-12-05T18,2022-12-05 18:05:00.000,2023-02-21 17:30:00.000,UTC,STATION:CHESTER IL PIER,37.90329,-89.836,,,,Transceiver,VR2TX,NOT USED,A69-1601-63368,,,,,STATION,CHESTER IL PIER,POINT (-89.836 37.90329),Added this deploy record for RAFT format
"2025-03-12",TRANSMITTER,MDC,MDCUMR,CHESTER IL PIER-VR2TX-486484-A69-1601-63368-2023-02-21T17,2023-02-21 17:35:00.000,2023-06-16 17:00:00.000,UTC,STATION:CHESTER IL PIER,37.90329,-89.836,,,,Transceiver,VR2TX,NOT USED,A69-1601-63368,,,,,STATION,CHESTER IL PIER,POINT (-89.836 37.90329),Added this deploy record for RAFT format
"2025-03-12",TRANSMITTER,MDC,MDCUMR,GASCONADE 100-VR2TX-486497-A69-1601-63381-2023-08-15T17,2023-08-15 17:05:00.000,2023-11-30 18:00:00.000,UTC,STATION:GASCONADE 100,38.66599,-91.55568,,,,Transceiver,VR2TX,NOT USED,A69-1601-63381,,,,,STATION,GASCONADE 100,POINT (-91.55568 38.66599),Added this deploy record for RAFT format
"2025-03-12",TRANSMITTER,MDC,MDCUMR,GRAND RIVER MOUTH-VR2TX-486486-A69-1601-63370-2022-04-22T17,2022-04-22 17:05:00.000,2022-09-20 17:00:00.000,UTC,STATION:GRAND RIVER MOUTH,39.38456,-93.11004,,,,Transceiver,VR2TX,NOT USED,A69-1601-63370,,,,,STATION,GRAND RIVER MOUTH,POINT (-93.11004 39.38456),Added this deploy record for RAFT format
"2025-03-12",TRANSMITTER,MDC,MDCUMR,GRAND RIVER MOUTH-VR2TX-486486-A69-1601-63370-2022-09-20T17,2022-09-20 17:05:00.000,2022-12-06 18:00:00.000,UTC,STATION:GRAND RIVER MOUTH,39.38456,-93.11004,,,,Transceiver,VR2TX,NOT USED,A69-1601-63370,,,,,STATION,GRAND RIVER MOUTH,POINT (-93.11004 39.38456),Added this deploy record for RAFT format
"2025-03-12",TRANSMITTER,MDC,MDCUMR,GRAND RIVER MOUTH-VR2TX-486486-A69-1601-63370-2022-12-06T18,2022-12-06 18:05:00.000,2023-02-28 18:30:00.000,UTC,STATION:GRAND RIVER MOUTH,39.38456,-93.11004,,,,Transceiver,VR2TX,NOT USED,A69-1601-63370,,,,,STATION,GRAND RIVER MOUTH,POINT (-93.11004 39.38456),Added this deploy record for RAFT format
"2025-03-12",TRANSMITTER,MDC,MDCUMR,GRAND RIVER MOUTH-VR2TX-486486-A69-1601-63370-2023-02-28T18,2023-02-28 18:35:00.000,2023-08-14 17:00:00.000,UTC,STATION:GRAND RIVER MOUTH,39.38456,-93.11004,,,,Transceiver,VR2TX,NOT USED,A69-1601-63370,,,,,STATION,GRAND RIVER MOUTH,POINT (-93.11004 39.38456),Added this deploy record for RAFT format
"2025-03-12",TRANSMITTER,MDC,MDCUMR,GRAND RIVER MOUTH-VR2TX-486486-A69-1601-63370-2023-08-14T17,2023-08-14 17:05:00.000,2023-11-29 18:00:00.000,UTC,STATION:GRAND RIVER MOUTH,39.38456,-93.11004,,,,Transceiver,VR2TX,NOT USED,A69-1601-63370,,,,,STATION,GRAND RIVER MOUTH,POINT (-93.11004 39.38456),Added this deploy record for RAFT format
"2025-03-12",TRANSMITTER,MDC,MDCUMR,GRAND UPPER-VR2TX-485330-A69-1601-62328-2022-04-22T17,2022-04-22 17:05:00.000,2022-09-20 17:00:00.000,UTC,STATION:GRAND UPPER,39.4106,-93.11469,,,,Transceiver,VR2TX,NOT USED,A69-1601-62328,,,,,STATION,GRAND UPPER,POINT (-93.11469 39.4106),Added this deploy record for RAFT format
"2025-03-12",TRANSMITTER,MDC,MDCUMR,GRAND UPPER-VR2TX-485330-A69-1601-62328-2022-09-20T17,2022-09-20 17:05:00.000,2022-12-06 18:00:00.000,UTC,STATION:GRAND UPPER,39.4106,-93.11469,,,,Transceiver,VR2TX,NOT USED,A69-1601-62328,,,,,STATION,GRAND UPPER,POINT (-93.11469 39.4106),Added this deploy record for RAFT format
"2025-03-12",TRANSMITTER,MDC,MDCUMR,GRAND UPPER-VR2TX-485330-A69-1601-62328-2022-12-06T18,2022-12-06 18:05:00.000,2023-02-28 18:18:00.000,UTC,STATION:GRAND UPPER,39.4106,-93.11469,,,,Transceiver,VR2TX,NOT USED,A69-1601-62328,,,,,STATION,GRAND UPPER,POINT (-93.11469 39.4106),Added this deploy record for RAFT format
"2025-03-12",TRANSMITTER,MDC,MDCUMR,GRAND UPPER-VR2TX-485330-A69-1601-62328-2023-02-28T18,2023-02-28 18:23:00.000,2023-11-29 18:00:00.000,UTC,STATION:GRAND UPPER,39.4106,-93.11469,,,,Transceiver,VR2TX,NOT USED,A69-1601-62328,,,,,STATION,GRAND UPPER,POINT (-93.11469 39.4106),Added this deploy record for RAFT format
"2025-03-12",TRANSMITTER,MDC,MDCUMR,HANNIBAL EAST-VR2TX-486488-A69-1601-63372-2022-09-01T17,2022-09-01 17:05:00.000,2023-08-21 17:00:00.000,UTC,STATION:HANNIBAL EAST,39.72068,-91.35661,,,,Transceiver,VR2TX,NOT USED,A69-1601-63372,,,,,STATION,HANNIBAL EAST,POINT (-91.35661 39.72068),Added this deploy record for RAFT format
"2025-03-12",TRANSMITTER,MDC,MDCUMR,HANNIBAL EAST-VR2TX-486488-A69-1601-63372-2023-08-21T17,2023-08-21 17:05:00.000,2023-12-12 18:00:00.000,UTC,STATION:HANNIBAL EAST,39.72068,-91.35661,,,,Transceiver,VR2TX,NOT USED,A69-1601-63372,,,,,STATION,HANNIBAL EAST,POINT (-91.35661 39.72068),Added this deploy record for RAFT format
"2025-03-12",TRANSMITTER,MDC,MDCUMR,IL2740-VR2TX-486466-A69-1601-63332-2023-08-22T17,2023-08-22 17:05:00.000,2023-12-12 18:00:00.000,UTC,STATION:IL2740,39.38648,-90.90818,,,,Transceiver,VR2TX,NOT USED,A69-1601-63332,,,,,STATION,IL2740,POINT (-90.90818 39.38648),Added this deploy record for RAFT format
"2025-03-12",TRANSMITTER,MDC,MDCUMR,IL2026-VR2TX-486476-A69-1601-63357-2022-09-02T17,2022-09-02 17:05:00.000,2022-11-30 18:00:00.000,UTC,STATION:IL2026,38.88504,-90.17982,,,,Transceiver,VR2TX,NOT USED,A69-1601-63357,,,,,STATION,IL2026,POINT (-90.17982 38.88504),Added this deploy record for RAFT format
"2025-03-12",TRANSMITTER,MDC,MDCUMR,IL2026-VR2TX-486476-A69-1601-63357-2022-11-30T18,2022-11-30 18:05:00.000,2023-02-23 16:12:00.000,UTC,STATION:IL2026,38.88504,-90.17982,,,,Transceiver,VR2TX,NOT USED,A69-1601-63357,,,,,STATION,IL2026,POINT (-90.17982 38.88504),Added this deploy record for RAFT format
"2025-03-12",TRANSMITTER,MDC,MDCUMR,IL2026-VR2TX-486476-A69-1601-63357-2023-02-23T16,2023-02-23 16:17:00.000,2023-08-15 17:00:00.000,UTC,STATION:IL2026,38.88504,-90.17982,,,,Transceiver,VR2TX,NOT USED,A69-1601-63357,,,,,STATION,IL2026,POINT (-90.17982 38.88504),Added this deploy record for RAFT format
"2025-03-12",TRANSMITTER,MDC,MDCUMR,IL2026-VR2TX-486476-A69-1601-63357-2023-08-15T17,2023-08-15 17:05:00.000,,UTC,STATION:IL2026,38.88504,-90.17982,,,,Transceiver,VR2TX,NOT USED,A69-1601-63357,,,,,STATION,IL2026,POINT (-90.17982 38.88504),Added this deploy record for RAFT format
"2025-03-12",TRANSMITTER,MDC,MDCUMR,IL2400-VR2TX-486472-A69-1601-63353-2022-09-02T17,2022-09-02 17:05:00.000,,UTC,STATION:IL2400,38.98604,-90.67342,,,,Transceiver,VR2TX,NOT USED,A69-1601-63353,,,,,STATION,IL2400,POINT (-90.67342 38.98604),Added this deploy record for RAFT format
"2025-03-12",TRANSMITTER,MDC,MDCUMR,IL2567-VR2TX-486465-A69-1601-63331-2022-09-02T17,2022-09-02 17:05:00.000,2022-11-30 18:00:00.000,UTC,STATION:IL2567,39.20497,-90.71309,,,,Transceiver,VR2TX,NOT USED,A69-1601-63331,,,,,STATION,IL2567,POINT (-90.71309 39.20497),Added this deploy record for RAFT format
"2025-03-12",TRANSMITTER,MDC,MDCUMR,IL2567-VR2TX-486465-A69-1601-63331-2022-11-30T18,2022-11-30 18:05:00.000,2023-08-22 17:00:00.000,UTC,STATION:IL2567,39.20497,-90.71309,,,,Transceiver,VR2TX,NOT USED,A69-1601-63331,,,,,STATION,IL2567,POINT (-90.71309 39.20497),Added this deploy record for RAFT format
"2025-03-12",TRANSMITTER,MDC,MDCUMR,IL2567-VR2TX-486465-A69-1601-63331-2023-08-22T17,2023-08-22 17:05:00.000,2023-12-12 18:00:00.000,UTC,STATION:IL2567,39.20497,-90.71309,,,,Transceiver,VR2TX,NOT USED,A69-1601-63331,,,,,STATION,IL2567,POINT (-90.71309 39.20497),Added this deploy record for RAFT format
"2025-03-12",TRANSMITTER,MDC,MDCUMR,IL2729-VR2TX-486503-A69-1601-63387-2022-11-30T18,2022-11-30 18:05:00.000,2023-08-22 17:00:00.000,UTC,STATION:IL2729,39.37305,-90.89632,,,,Transceiver,VR2TX,NOT USED,A69-1601-63387,,,,,STATION,IL2729,POINT (-90.89632 39.37305),Added this deploy record for RAFT format
"2025-03-12",TRANSMITTER,MDC,MDCUMR,IL2740-VR2TX-486466-A69-1601-63332-2022-09-02T17,2022-09-02 17:05:00.000,2022-11-30 18:00:00.000,UTC,STATION:IL2740,39.38648,-90.90818,,,,Transceiver,VR2TX,NOT USED,A69-1601-63332,,,,,STATION,IL2740,POINT (-90.90818 39.38648),Added this deploy record for RAFT format
"2025-03-12",TRANSMITTER,MDC,MDCUMR,IL2740-VR2TX-486466-A69-1601-63332-2022-11-30T18,2022-11-30 18:05:00.000,2023-08-22 17:00:00.000,UTC,STATION:IL2740,39.38648,-90.90818,,,,Transceiver,VR2TX,NOT USED,A69-1601-63332,,,,,STATION,IL2740,POINT (-90.90818 39.38648),Added this deploy record for RAFT format
"2025-03-12",TRANSMITTER,MDC,MDCUMR,LAMINE MOUTH-VR2TX-485337-A69-1601-62335-2022-09-20T17,2022-09-20 17:05:00.000,2022-12-06 18:00:00.000,UTC,STATION:LAMINE MOUTH,38.97935,-92.84903,,,,Transceiver,VR2TX,NOT USED,A69-1601-62335,,,,,STATION,LAMINE MOUTH,POINT (-92.84903 38.97935),Added this deploy record for RAFT format
"2025-03-12",TRANSMITTER,MDC,MDCUMR,LAMINE MOUTH-VR2TX-485337-A69-1601-62335-2022-12-06T18,2022-12-06 18:05:00.000,2023-02-28 20:35:00.000,UTC,STATION:LAMINE MOUTH,38.97935,-92.84903,,,,Transceiver,VR2TX,NOT USED,A69-1601-62335,,,,,STATION,LAMINE MOUTH,POINT (-92.84903 38.97935),Added this deploy record for RAFT format
"2025-03-12",TRANSMITTER,MDC,MDCUMR,LAMINE MOUTH-VR2TX-485337-A69-1601-62335-2023-02-28T20,2023-02-28 20:40:00.000,2023-11-29 18:00:00.000,UTC,STATION:LAMINE MOUTH,38.97935,-92.84903,,,,Transceiver,VR2TX,NOT USED,A69-1601-62335,,,,,STATION,LAMINE MOUTH,POINT (-92.84903 38.97935),Added this deploy record for RAFT format
"2025-03-12",TRANSMITTER,MDC,MDCUMR,LAMINE UPPER-VR2TX-485327-A69-1601-62325-2022-09-20T17,2022-09-20 17:05:00.000,2022-12-06 18:00:00.000,UTC,STATION:LAMINE UPPER,38.94006,-92.87392,,,,Transceiver,VR2TX,NOT USED,A69-1601-62325,,,,,STATION,LAMINE UPPER,POINT (-92.87392 38.94006),Added this deploy record for RAFT format
"2025-03-12",TRANSMITTER,MDC,MDCUMR,LAMINE UPPER-VR2TX-485327-A69-1601-62325-2022-12-06T18,2022-12-06 18:05:00.000,2023-02-28 20:20:00.000,UTC,STATION:LAMINE UPPER,38.94006,-92.87392,,,,Transceiver,VR2TX,NOT USED,A69-1601-62325,,,,,STATION,LAMINE UPPER,POINT (-92.87392 38.94006),Added this deploy record for RAFT format
"2025-03-12",TRANSMITTER,MDC,MDCUMR,LAMINE UPPER-VR2TX-485327-A69-1601-62325-2023-02-28T20,2023-02-28 20:25:00.000,2023-11-29 18:00:00.000,UTC,STATION:LAMINE UPPER,38.94006,-92.87392,,,,Transceiver,VR2TX,NOT USED,A69-1601-62325,,,,,STATION,LAMINE UPPER,POINT (-92.87392 38.94006),Added this deploy record for RAFT format
"2025-03-12",TRANSMITTER,MDC,MDCUMR,MO2026-VR2TX-486474-A69-1601-63355-2023-02-23T16,2023-02-23 16:05:00.000,,UTC,STATION:MO2026,38.88091,-90.18554,,,,Transceiver,VR2TX,NOT USED,A69-1601-63355,,,,,STATION,MO2026,POINT (-90.18554 38.88091),Added this deploy record for RAFT format
"2025-03-12",TRANSMITTER,MDC,MDCUMR,MO2397-VR2TX-486464-A69-1601-63330-2022-09-02T17,2022-09-02 17:05:00.000,2022-11-30 18:00:00.000,UTC,STATION:MO2397,38.98219,-90.68031,,,,Transceiver,VR2TX,NOT USED,A69-1601-63330,,,,,STATION,MO2397,POINT (-90.68031 38.98219),Added this deploy record for RAFT format
"2025-03-12",TRANSMITTER,MDC,MDCUMR,MO2397-VR2TX-486464-A69-1601-63330-2022-11-30T18,2022-11-30 18:05:00.000,2023-08-22 17:00:00.000,UTC,STATION:MO2397,38.98219,-90.68031,,,,Transceiver,VR2TX,NOT USED,A69-1601-63330,,,,,STATION,MO2397,POINT (-90.68031 38.98219),Added this deploy record for RAFT format
"2025-03-12",TRANSMITTER,MDC,MDCUMR,MO2397-VR2TX-486464-A69-1601-63330-2023-08-22T17,2023-08-22 17:05:00.000,2023-12-12 18:00:00.000,UTC,STATION:MO2397,38.98219,-90.68031,,,,Transceiver,VR2TX,NOT USED,A69-1601-63330,,,,,STATION,MO2397,POINT (-90.68031 38.98219),Added this deploy record for RAFT format
"2025-03-12",TRANSMITTER,MDC,MDCUMR,MO2578-VR2TX-486477-A69-1601-63358-2022-09-02T17,2022-09-02 17:05:00.000,2022-11-30 18:00:00.000,UTC,STATION:MO2578,39.21764,-90.72237,,,,Transceiver,VR2TX,NOT USED,A69-1601-63358,,,,,STATION,MO2578,POINT (-90.72237 39.21764),Added this deploy record for RAFT format
"2025-03-12",TRANSMITTER,MDC,MDCUMR,MO2578-VR2TX-486477-A69-1601-63358-2022-11-30T18,2022-11-30 18:05:00.000,2023-08-22 17:00:00.000,UTC,STATION:MO2578,39.21764,-90.72237,,,,Transceiver,VR2TX,NOT USED,A69-1601-63358,,,,,STATION,MO2578,POINT (-90.72237 39.21764),Added this deploy record for RAFT format
"2025-03-12",TRANSMITTER,MDC,MDCUMR,MO2578-VR2TX-486477-A69-1601-63358-2023-08-22T17,2023-08-22 17:05:00.000,2023-12-12 18:00:00.000,UTC,STATION:MO2578,39.21764,-90.72237,,,,Transceiver,VR2TX,NOT USED,A69-1601-63358,,,,,STATION,MO2578,POINT (-90.72237 39.21764),Added this deploy record for RAFT format
"2025-03-12",TRANSMITTER,MDC,MDCUMR,MO2727-VR2TX-486499-A69-1601-63383-2022-09-02T17,2022-09-02 17:05:00.000,2022-11-30 18:00:00.000,UTC,STATION:MO2727,39.36602,-90.89721,,,,Transceiver,VR2TX,NOT USED,A69-1601-63383,,,,,STATION,MO2727,POINT (-90.89721 39.36602),Added this deploy record for RAFT format
"2025-03-12",TRANSMITTER,MDC,MDCUMR,MO2727-VR2TX-486499-A69-1601-63383-2022-11-30T18,2022-11-30 18:05:00.000,2023-08-22 17:00:00.000,UTC,STATION:MO2727,39.36602,-90.89721,,,,Transceiver,VR2TX,NOT USED,A69-1601-63383,,,,,STATION,MO2727,POINT (-90.89721 39.36602),Added this deploy record for RAFT format
"2025-03-12",TRANSMITTER,MDC,MDCUMR,MO3250-VR2TX-486493-A69-1601-63377-2023-08-21T17,2023-08-21 17:05:00.000,2023-12-05 18:00:00.000,UTC,STATION:MO3250,39.90674,-91.43219,,,,Transceiver,VR2TX,NOT USED,A69-1601-63377,,,,,STATION,MO3250,POINT (-91.43219 39.90674),Added this deploy record for RAFT format
"2025-03-12",TRANSMITTER,MDC,MDCUMR,MO8501-VR2TX-485339-A69-1601-62337-2022-07-29T17,2022-07-29 17:00:00.000,2023-07-12 17:00:00.000,UTC,STATION:MO8501,36.24024,-89.69077,,,,Transceiver,VR2TX,NOT USED,A69-1601-62337,,,,,STATION,MO8501,POINT (-89.69077 36.24024),Was missing a deploy date. Added 1/5/2024 DSA
"2025-03-12",TRANSMITTER,MDC,MDCUMR,MO8501-VR2TX-485339-A69-1601-62337-2023-07-12T17,2023-07-12 17:05:00.000,2023-12-13 18:00:00.000,UTC,STATION:MO8501,36.24024,-89.69077,,,,Transceiver,VR2TX,NOT USED,A69-1601-62337,,,,,STATION,MO8501,POINT (-89.69077 36.24024),Added this deploy record for RAFT format
"2025-03-12",TRANSMITTER,MDC,MDCUMR,MOREAU MOUTH-VR2TX-485325-A69-1601-62323-2022-04-22T17,2022-04-22 17:05:00.000,2022-09-21 17:00:00.000,UTC,STATION:MOREAU MOUTH,38.55508,-92.09458,,,,Transceiver,VR2TX,NOT USED,A69-1601-62323,,,,,STATION,MOREAU MOUTH,POINT (-92.09458 38.55508),Added this deploy record for RAFT format
"2025-03-12",TRANSMITTER,MDC,MDCUMR,MOREAU MOUTH-VR2TX-485325-A69-1601-62323-2022-09-21T17,2022-09-21 17:05:00.000,2023-03-01 20:14:00.000,UTC,STATION:MOREAU MOUTH,38.55508,-92.09458,,,,Transceiver,VR2TX,NOT USED,A69-1601-62323,,,,,STATION,MOREAU MOUTH,POINT (-92.09458 38.55508),Added this deploy record for RAFT format
"2025-03-12",TRANSMITTER,MDC,MDCUMR,MOREAU UPPER-VR2TX-485326-A69-1601-62324-2022-04-22T17,2022-04-22 17:05:00.000,2022-09-21 17:00:00.000,UTC,STATION:MOREAU UPPER,38.54064,-92.10685,,,,Transceiver,VR2TX,NOT USED,A69-1601-62324,,,,,STATION,MOREAU UPPER,POINT (-92.10685 38.54064),Added this deploy record for RAFT format
"2025-03-12",TRANSMITTER,MDC,MDCUMR,MOREAU UPPER-VR2TX-485326-A69-1601-62324-2022-09-21T17,2022-09-21 17:05:00.000,2022-12-07 18:00:00.000,UTC,STATION:MOREAU UPPER,38.54064,-92.10685,,,,Transceiver,VR2TX,NOT USED,A69-1601-62324,,,,,STATION,MOREAU UPPER,POINT (-92.10685 38.54064),Added this deploy record for RAFT format
"2025-03-12",TRANSMITTER,MDC,MDCUMR,MOREAU UPPER-VR2TX-485326-A69-1601-62324-2022-12-07T18,2022-12-07 18:05:00.000,2023-03-01 20:04:00.000,UTC,STATION:MOREAU UPPER,38.54064,-92.10685,,,,Transceiver,VR2TX,NOT USED,A69-1601-62324,,,,,STATION,MOREAU UPPER,POINT (-92.10685 38.54064),Added this deploy record for RAFT format
"2025-03-12",TRANSMITTER,MDC,MDCUMR,MOREAU UPPER-VR2TX-485326-A69-1601-62324-2023-03-01T20,2023-03-01 20:09:00.000,2023-08-14 17:00:00.000,UTC,STATION:MOREAU UPPER,38.54064,-92.10685,,,,Transceiver,VR2TX,NOT USED,A69-1601-62324,,,,,STATION,MOREAU UPPER,POINT (-92.10685 38.54064),Added this deploy record for RAFT format
"2025-03-12",TRANSMITTER,MDC,MDCUMR,WAKARUSA-VR2TX-486501-A69-1601-63385-2023-03-02T18,2023-03-02 18:05:00.000,2023-06-26 17:00:00.000,UTC,STATION:WAKARUSA,38.95071,-95.09521,,,,Transceiver,VR2TX,NOT USED,A69-1601-63385,,,,,STATION,WAKARUSA,POINT (-95.09521 38.95071),Added this deploy record for RAFT format
"2025-03-12",TRANSMITTER,MDC,MDCUMR,WAKARUSA-VR2TX-486501-A69-1601-63385-2023-06-26T17,2023-06-26 17:05:00.000,2023-11-06 18:00:00.000,UTC,STATION:WAKARUSA,38.95071,-95.09521,,,,Transceiver,VR2TX,NOT USED,A69-1601-63385,,,,,STATION,WAKARUSA,POINT (-95.09521 38.95071),Added this deploy record for RAFT format
"2025-03-12",TRANSMITTER,MDC,MDCUMR,ABOVE BOWERSOCK DAM-VR2TX-486485-A69-1601-63369-2024-03-12T17,2024-03-12 17:05:00.000,2024-08-06 17:00:00.000,UTC,STATION:ABOVE BOWERSOCK DAM,39.00348,-95.24265,,,,Transceiver,VR2TX,NOT USED,A69-1601-63369,,,,,STATION,ABOVE BOWERSOCK DAM,POINT (-95.24265 39.00348),Added this deploy record for RAFT format
"2025-03-12",TRANSMITTER,MDC,MDCUMR,ABOVE WATERONE WEIR-VR2TX-486504-A69-1601-63388-2024-03-12T17,2024-03-12 17:05:00.000,2024-08-06 17:00:00.000,UTC,STATION:ABOVE WATERONE WEIR,39.05462,-94.82471,,,,Transceiver,VR2TX,NOT USED,A69-1601-63388,,,,,STATION,ABOVE WATERONE WEIR,POINT (-94.82471 39.05462),Added this deploy record for RAFT format
"2025-03-12",TRANSMITTER,MDC,MDCUMR,BELOW BOWERSOCK DAM-VR2TX-486495-A69-1601-63379-2024-03-12T17,2024-03-12 17:05:00.000,2024-08-06 17:00:00.000,UTC,STATION:BELOW BOWERSOCK DAM,38.97104,-95.22128,,,,Transceiver,VR2TX,NOT USED,A69-1601-63379,,,,,STATION,BELOW BOWERSOCK DAM,POINT (-95.22128 38.97104),Added this deploy record for RAFT format
"2025-03-12",TRANSMITTER,MDC,MDCUMR,BELOW WATERONE WEIR-VR2TX-486471-A69-1601-63352-2024-03-12T17,2024-03-12 17:05:00.000,2024-08-06 17:00:00.000,UTC,STATION:BELOW WATERONE WEIR,39.08443,-94.71805,,,,Transceiver,VR2TX,NOT USED,A69-1601-63352,,,,,STATION,BELOW WATERONE WEIR,POINT (-94.71805 39.08443),Added this deploy record for RAFT format
"2025-03-12",TRANSMITTER,MDC,MDCUMR,BOONEVILLE MISSOURI RIVER-VR2TX-486470-A69-1601-63351-2024-06-06T17,2024-06-06 17:05:00.000,2024-10-21 17:00:00.000,UTC,STATION:BOONEVILLE MISSOURI RIVER,38.98049,-92.74552,,,,Transceiver,VR2TX,NOT USED,A69-1601-63351,,,,,STATION,BOONEVILLE MISSOURI RIVER,POINT (-92.74552 38.98049),Added this deploy record for RAFT format
"2025-03-12",TRANSMITTER,MDC,MDCUMR,BOONEVILLE MISSOURI RIVER-VR2TX-486470-A69-1601-63351-2024-10-21T17,2024-10-21 17:05:00.000,2024-12-16 18:00:00.000,UTC,STATION:BOONEVILLE MISSOURI RIVER,38.98049,-92.74552,,,,Transceiver,VR2TX,NOT USED,A69-1601-63351,,,,,STATION,BOONEVILLE MISSOURI RIVER,POINT (-92.74552 38.98049),Added this deploy record for RAFT format
"2025-03-12",TRANSMITTER,MDC,MDCUMR,CARUTHERSVILLE3RDPIERFROMMO-VR2TX-486473-A69-1601-63354-2024-03-06T18,2024-03-06 18:05:00.000,2024-09-05 17:00:00.000,UTC,STATION:CARUTHERSVILLE3RDPIERFROMMO,36.11668,-89.61423,,,,Transceiver,VR2TX,NOT USED,A69-1601-63354,,,,,STATION,CARUTHERSVILLE3RDPIERFROMMO,POINT (-89.61423 36.11668),Added this deploy record for RAFT format
"2025-03-12",TRANSMITTER,MDC,MDCUMR,CHESTER IL PIER-VR2TX-486484-A69-1601-63368-2024-01-03T18,2024-01-03 18:05:00.000,2024-03-28 17:00:00.000,UTC,STATION:CHESTER IL PIER,37.90329,-89.836,,,,Transceiver,VR2TX,NOT USED,A69-1601-63368,,,,,STATION,CHESTER IL PIER,POINT (-89.836 37.90329),Added this deploy record for RAFT format
"2025-03-12",TRANSMITTER,MDC,MDCUMR,CHESTER IL PIER-VR2TX-486484-A69-1601-63368-2024-03-28T17,2024-03-28 17:05:00.000,2024-09-09 17:00:00.000,UTC,STATION:CHESTER IL PIER,37.90329,-89.836,,,,Transceiver,VR2TX,NOT USED,A69-1601-63368,,,,,STATION,CHESTER IL PIER,POINT (-89.836 37.90329),Added this deploy record for RAFT format
"2025-03-12",TRANSMITTER,MDC,MDCUMR,CHESTER IL PIER-VR2TX-486484-A69-1601-63368-2024-09-09T17,2024-09-09 17:05:00.000,2024-12-23 18:00:00.000,UTC,STATION:CHESTER IL PIER,37.90329,-89.836,,,,Transceiver,VR2TX,NOT USED,A69-1601-63368,,,,,STATION,CHESTER IL PIER,POINT (-89.836 37.90329),Added this deploy record for RAFT format
"2025-03-12",TRANSMITTER,MDC,MDCUMR,GASCONADE 100-VR2TX-486497-A69-1601-63381-2024-10-22T17,2024-10-22 17:05:00.000,2024-12-17 18:00:00.000,UTC,STATION:GASCONADE 100,38.66599,-91.55568,,,,Transceiver,VR2TX,NOT USED,A69-1601-63381,,,,,STATION,GASCONADE 100,POINT (-91.55568 38.66599),Added this deploy record for RAFT format
"2025-03-12",TRANSMITTER,MDC,MDCUMR,GRAND RIVER MOUTH-VR2TX-486486-A69-1601-63370-2024-10-21T17,2024-10-21 17:05:00.000,2024-12-16 18:00:00.000,UTC,STATION:GRAND RIVER MOUTH,39.38456,-93.11004,,,,Transceiver,VR2TX,NOT USED,A69-1601-63370,,,,,STATION,GRAND RIVER MOUTH,POINT (-93.11004 39.38456),Added this deploy record for RAFT format
"2025-03-12",TRANSMITTER,MDC,MDCUMR,GRAND UPPER-VR2TX-485330-A69-1601-62328-2024-10-21T17,2024-10-21 17:05:00.000,2024-12-16 18:00:00.000,UTC,STATION:GRAND UPPER,39.4106,-93.11469,,,,Transceiver,VR2TX,NOT USED,A69-1601-62328,,,,,STATION,GRAND UPPER,POINT (-93.11469 39.4106),Added this deploy record for RAFT format
"2025-03-12",TRANSMITTER,MDC,MDCUMR,HANNIBAL EAST-VR2TX-486488-A69-1601-63372-2024-04-12T17,2024-04-12 17:05:00.000,2024-09-11 17:00:00.000,UTC,STATION:HANNIBAL EAST,39.72068,-91.35661,,,,Transceiver,VR2TX,NOT USED,A69-1601-63372,,,,,STATION,HANNIBAL EAST,POINT (-91.35661 39.72068),Added this deploy record for RAFT format
"2025-03-12",TRANSMITTER,MDC,MDCUMR,HANNIBAL EAST-VR2TX-486488-A69-1601-63372-2024-09-11T17,2024-09-11 17:05:00.000,2024-12-18 18:00:00.000,UTC,STATION:HANNIBAL EAST,39.72068,-91.35661,,,,Transceiver,VR2TX,NOT USED,A69-1601-63372,,,,,STATION,HANNIBAL EAST,POINT (-91.35661 39.72068),Added this deploy record for RAFT format
"2025-03-12",TRANSMITTER,MDC,MDCUMR,IL240-VR2TX-486494-A69-1601-63378-2024-09-12T17,2024-09-12 17:05:00.000,2024-12-19 18:00:00.000,UTC,STATION:IL240,38.98782,-90.67373,,,,Transceiver,VR2TX,NOT USED,A69-1601-63378,,,,,STATION,IL240,POINT (-90.67373 38.98782),Added this deploy record for RAFT format
"2025-03-12",TRANSMITTER,MDC,MDCUMR,IL2567-VR2TX-486465-A69-1601-63331-2024-09-12T17,2024-09-12 17:05:00.000,2024-12-19 18:00:00.000,UTC,STATION:IL2567,39.20497,-90.71309,,,,Transceiver,VR2TX,NOT USED,A69-1601-63331,,,,,STATION,IL2567,POINT (-90.71309 39.20497),Added this deploy record for RAFT format
"2025-03-12",TRANSMITTER,MDC,MDCUMR,IL2729-VR2TX-486503-A69-1601-63387-2024-09-12T17,2024-09-12 17:05:00.000,2024-12-19 18:00:00.000,UTC,STATION:IL2729,39.37305,-90.89632,,,,Transceiver,VR2TX,NOT USED,A69-1601-63387,,,,,STATION,IL2729,POINT (-90.89632 39.37305),Added this deploy record for RAFT format
"2025-03-12",TRANSMITTER,MDC,MDCUMR,IL2740-VR2TX-486466-A69-1601-63332-2024-09-12T17,2024-09-12 17:05:00.000,2024-12-19 18:00:00.000,UTC,STATION:IL2740,39.38648,-90.90818,,,,Transceiver,VR2TX,NOT USED,A69-1601-63332,,,,,STATION,IL2740,POINT (-90.90818 39.38648),Added this deploy record for RAFT format
"2025-03-12",TRANSMITTER,MDC,MDCUMR,JEFFERSON CITY MISSOURI RIVER-VR2TX-486505-A69-1601-63389-2024-10-21T17,2024-10-21 17:05:00.000,2024-12-17 18:00:00.000,UTC,STATION:JEFFERSON CITY MISSOURI RIVER,38.58717,-92.17845,,,,Transceiver,VR2TX,NOT USED,A69-1601-63389,,,,,STATION,JEFFERSON CITY MISSOURI RIVER,POINT (-92.17845 38.58717),Added this deploy record for RAFT format
"2025-03-12",TRANSMITTER,MDC,MDCUMR,LAMINE MOUTH-VR2TX-485337-A69-1601-62335-2024-10-21T17,2024-10-21 17:05:00.000,2024-12-16 18:00:00.000,UTC,STATION:LAMINE MOUTH,38.97935,-92.84903,,,,Transceiver,VR2TX,NOT USED,A69-1601-62335,,,,,STATION,LAMINE MOUTH,POINT (-92.84903 38.97935),Added this deploy record for RAFT format
"2025-03-12",TRANSMITTER,MDC,MDCUMR,LAMINE UPPER-VR2TX-485327-A69-1601-62325-2024-10-22T17,2024-10-22 17:05:00.000,2024-12-16 18:00:00.000,UTC,STATION:LAMINE UPPER,38.94006,-92.87392,,,,Transceiver,VR2TX,NOT USED,A69-1601-62325,,,,,STATION,LAMINE UPPER,POINT (-92.87392 38.94006),Added this deploy record for RAFT format
"2025-03-12",TRANSMITTER,MDC,MDCUMR,MISSISSIPPI 255-VR2TX-486483-A69-1601-63367-2024-03-28T17,2024-03-28 17:05:00.000,2024-09-17 17:00:00.000,UTC,STATION:MISSISSIPPI 255,38.48599,-90.27397,,,,Transceiver,VR2TX,NOT USED,A69-1601-63367,,,,,STATION,MISSISSIPPI 255,POINT (-90.27397 38.48599),Added this deploy record for RAFT format
"2025-03-12",TRANSMITTER,MDC,MDCUMR,MO2017-VR2TX-486467-A69-1601-63333-2024-04-12T17,2024-04-12 17:05:00.000,2024-09-12 17:00:00.000,UTC,STATION:MO2017,38.87382,-90.16888,,,,Transceiver,VR2TX,NOT USED,A69-1601-63333,,,,,STATION,MO2017,POINT (-90.16888 38.87382),Added this deploy record for RAFT format
"2025-03-12",TRANSMITTER,MDC,MDCUMR,MO2397-VR2TX-486464-A69-1601-63330-2024-08-15T17,2024-08-15 17:05:00.000,2024-09-12 17:00:00.000,UTC,STATION:MO2397,38.98219,-90.68031,,,,Transceiver,VR2TX,NOT USED,A69-1601-63330,,,,,STATION,MO2397,POINT (-90.68031 38.98219),Added this deploy record for RAFT format
"2025-03-12",TRANSMITTER,MDC,MDCUMR,MO2397-VR2TX-486464-A69-1601-63330-2024-09-12T17,2024-09-12 17:05:00.000,2024-12-19 18:00:00.000,UTC,STATION:MO2397,38.98219,-90.68031,,,,Transceiver,VR2TX,NOT USED,A69-1601-63330,,,,,STATION,MO2397,POINT (-90.68031 38.98219),Added this deploy record for RAFT format
"2025-03-12",TRANSMITTER,MDC,MDCUMR,MO2727-VR2TX-486499-A69-1601-63383-2024-09-12T17,2024-09-12 17:05:00.000,2024-12-19 18:00:00.000,UTC,STATION:MO2727,39.36602,-90.89721,,,,Transceiver,VR2TX,NOT USED,A69-1601-63383,,,,,STATION,MO2727,POINT (-90.89721 39.36602),Added this deploy record for RAFT format
"2025-03-12",TRANSMITTER,MDC,MDCUMR,MO3250-VR2TX-486493-A69-1601-63377-2024-04-11T17,2024-04-11 17:05:00.000,2024-09-11 17:00:00.000,UTC,STATION:MO3250,39.90674,-91.43219,,,,Transceiver,VR2TX,NOT USED,A69-1601-63377,,,,,STATION,MO3250,POINT (-91.43219 39.90674),Added this deploy record for RAFT format
"2025-03-12",TRANSMITTER,MDC,MDCUMR,MO3250-VR2TX-486493-A69-1601-63377-2024-09-11T17,2024-09-11 17:05:00.000,2024-12-18 18:00:00.000,UTC,STATION:MO3250,39.90674,-91.43219,,,,Transceiver,VR2TX,NOT USED,A69-1601-63377,,,,,STATION,MO3250,POINT (-91.43219 39.90674),Added this deploy record for RAFT format
"2025-03-12",TRANSMITTER,MDC,MDCUMR,MO3431-VR2TX-486475-A69-1601-63356-2024-09-11T17,2024-09-11 17:05:00.000,2024-12-18 18:00:00.000,UTC,STATION:MO3431,40.14065,-91.51545,,,,Transceiver,VR2TX,NOT USED,A69-1601-63356,,,,,STATION,MO3431,POINT (-91.51545 40.14065),Added this deploy record for RAFT format
"2025-03-12",TRANSMITTER,MDC,MDCUMR,MOREAU UPPER-VR2TX-485326-A69-1601-62324-2024-10-22T17,2024-10-22 17:05:00.000,2024-12-17 18:00:00.000,UTC,STATION:MOREAU UPPER,38.54064,-92.10685,,,,Transceiver,VR2TX,NOT USED,A69-1601-62324,,,,,STATION,MOREAU UPPER,POINT (-92.10685 38.54064),Added this deploy record for RAFT format
"2025-03-12",TRANSMITTER,MDC,MDCUMR,OSAGE RIVER LOWER-VR2TX-482150-A69-1601-62150-2024-10-22T17,2024-10-22 17:05:00.000,2024-12-17 18:00:00.000,UTC,STATION:OSAGE RIVER LOWER,38.49295,-92.00882,,,,Transceiver,VR2TX,NOT USED,A69-1601-62150,,,,,STATION,OSAGE RIVER LOWER,POINT (-92.00882 38.49295),Added this deploy record for RAFT format
"2025-03-12",TRANSMITTER,MDC,MDCUMR,MOREAU MOUTH-VR2TX-485325-A69-1601-62323-2023-03-01T20,2023-03-01 20:19:00.000,2024-10-22 17:00:00.000,UTC,STATION:MOREAU MOUTH,38.55508,-92.09458,,,,Transceiver,VR2TX,NOT USED,A69-1601-62323,,,,,STATION,MOREAU MOUTH,POINT (-92.09458 38.55508),Added this deploy record for RAFT format
"2025-03-12",TRANSMITTER,MDC,MDCUMR,MOREAU UPPER-VR2TX-485326-A69-1601-62324-2023-08-14T17,2023-08-14 17:05:00.000,2024-10-22 17:00:00.000,UTC,STATION:MOREAU UPPER,38.54064,-92.10685,,,,Transceiver,VR2TX,NOT USED,A69-1601-62324,,,,,STATION,MOREAU UPPER,POINT (-92.10685 38.54064),Added this deploy record for RAFT format
"2025-03-12",TRANSMITTER,MDC,MDCUMR,LAMINE UPPER-VR2TX-485327-A69-1601-62325-2023-11-29T18,2023-11-29 18:05:00.000,2024-10-22 17:00:00.000,UTC,STATION:LAMINE UPPER,38.94006,-92.87392,,,,Transceiver,VR2TX,NOT USED,A69-1601-62325,,,,,STATION,LAMINE UPPER,POINT (-92.87392 38.94006),Added this deploy record for RAFT format
"2025-03-12",TRANSMITTER,MDC,MDCUMR,GRAND UPPER-VR2TX-485330-A69-1601-62328-2023-11-29T18,2023-11-29 18:05:00.000,2024-10-21 17:00:00.000,UTC,STATION:GRAND UPPER,39.4106,-93.11469,,,,Transceiver,VR2TX,NOT USED,A69-1601-62328,,,,,STATION,GRAND UPPER,POINT (-93.11469 39.4106),Added this deploy record for RAFT format
"2025-03-12",TRANSMITTER,MDC,MDCUMR,LAMINE MOUTH-VR2TX-485337-A69-1601-62335-2023-11-29T18,2023-11-29 18:05:00.000,2024-10-21 17:00:00.000,UTC,STATION:LAMINE MOUTH,38.97935,-92.84903,,,,Transceiver,VR2TX,NOT USED,A69-1601-62335,,,,,STATION,LAMINE MOUTH,POINT (-92.84903 38.97935),Added this deploy record for RAFT format
"2025-03-12",TRANSMITTER,MDC,MDCUMR,MO8501-VR2TX-485339-A69-1601-62337-2023-12-13T18,2023-12-13 18:05:00.000,2024-09-05 17:00:00.000,UTC,STATION:MO8501,36.24024,-89.69077,,,,Transceiver,VR2TX,NOT USED,A69-1601-62337,,,,,STATION,MO8501,POINT (-89.69077 36.24024),Added this deploy record for RAFT format
"2025-03-12",TRANSMITTER,MDC,MDCUMR,MO2397-VR2TX-486464-A69-1601-63330-2023-12-12T18,2023-12-12 18:05:00.000,2024-08-15 17:00:00.000,UTC,STATION:MO2397,38.98219,-90.68031,,,,Transceiver,VR2TX,NOT USED,A69-1601-63330,,,,,STATION,MO2397,POINT (-90.68031 38.98219),Added this deploy record for RAFT format
"2025-03-12",TRANSMITTER,MDC,MDCUMR,IL2567-VR2TX-486465-A69-1601-63331-2023-12-12T18,2023-12-12 18:05:00.000,2024-09-12 17:00:00.000,UTC,STATION:IL2567,39.20497,-90.71309,,,,Transceiver,VR2TX,NOT USED,A69-1601-63331,,,,,STATION,IL2567,POINT (-90.71309 39.20497),Added this deploy record for RAFT format
"2025-03-12",TRANSMITTER,MDC,MDCUMR,IL2740-VR2TX-486466-A69-1601-63332-2023-12-12T18,2023-12-12 18:05:00.000,2024-09-12 17:00:00.000,UTC,STATION:IL2740,39.38648,-90.90818,,,,Transceiver,VR2TX,NOT USED,A69-1601-63332,,,,,STATION,IL2740,POINT (-90.90818 39.38648),Added this deploy record for RAFT format
"2025-03-12",TRANSMITTER,MDC,MDCUMR,BOONEVILLE MISSOURI RIVER-VR2TX-486470-A69-1601-63351-2023-11-29T18,2023-11-29 18:05:00.000,2024-06-06 17:00:00.000,UTC,STATION:BOONEVILLE MISSOURI RIVER,38.98049,-92.74552,,,,Transceiver,VR2TX,NOT USED,A69-1601-63351,,,,,STATION,BOONEVILLE MISSOURI RIVER,POINT (-92.74552 38.98049),Added this deploy record for RAFT format
"2025-03-12",TRANSMITTER,MDC,MDCUMR,BELOW WATERONE WEIR-VR2TX-486471-A69-1601-63352-2023-11-01T17,2023-11-01 17:05:00.000,2024-03-12 17:00:00.000,UTC,STATION:BELOW WATERONE WEIR,39.08443,-94.71805,,,,Transceiver,VR2TX,NOT USED,A69-1601-63352,,,,,STATION,BELOW WATERONE WEIR,POINT (-94.71805 39.08443),Added this deploy record for RAFT format
"2025-03-12",TRANSMITTER,MDC,MDCUMR,CARUTHERSVILLE3RDPIERFROMMO-VR2TX-486473-A69-1601-63354-2023-12-13T18,2023-12-13 18:05:00.000,2024-03-06 18:00:00.000,UTC,STATION:CARUTHERSVILLE3RDPIERFROMMO,36.11668,-89.61423,,,,Transceiver,VR2TX,NOT USED,A69-1601-63354,,,,,STATION,CARUTHERSVILLE3RDPIERFROMMO,POINT (-89.61423 36.11668),Added this deploy record for RAFT format
"2025-03-12",TRANSMITTER,MDC,MDCUMR,MO3431-VR2TX-486475-A69-1601-63356-2023-12-05T18,2023-12-05 18:05:00.000,2024-09-11 17:00:00.000,UTC,STATION:MO3431,40.14065,-91.51545,,,,Transceiver,VR2TX,NOT USED,A69-1601-63356,,,,,STATION,MO3431,POINT (-91.51545 40.14065),Added this deploy record for RAFT format
"2025-03-12",TRANSMITTER,MDC,MDCUMR,MO2578-VR2TX-486477-A69-1601-63358-2023-12-12T18,2023-12-12 18:05:00.000,2024-09-12 17:00:00.000,UTC,STATION:MO2578,39.21764,-90.72237,,,,Transceiver,VR2TX,NOT USED,A69-1601-63358,,,,,STATION,MO2578,POINT (-90.72237 39.21764),Added this deploy record for RAFT format
"2025-03-12",TRANSMITTER,MDC,MDCUMR,MISSISSIPPI 255-VR2TX-486483-A69-1601-63367-2023-07-10T17,2023-07-10 17:05:00.000,2024-03-28 17:00:00.000,UTC,STATION:MISSISSIPPI 255,38.48599,-90.27397,,,,Transceiver,VR2TX,NOT USED,A69-1601-63367,,,,,STATION,MISSISSIPPI 255,POINT (-90.27397 38.48599),Added this deploy record for RAFT format
"2025-03-12",TRANSMITTER,MDC,MDCUMR,CHESTER IL PIER-VR2TX-486484-A69-1601-63368-2023-06-16T17,2023-06-16 17:05:00.000,2024-01-03 18:00:00.000,UTC,STATION:CHESTER IL PIER,37.90329,-89.836,,,,Transceiver,VR2TX,NOT USED,A69-1601-63368,,,,,STATION,CHESTER IL PIER,POINT (-89.836 37.90329),Added this deploy record for RAFT format
"2025-03-12",TRANSMITTER,MDC,MDCUMR,ABOVE BOWERSOCK DAM-VR2TX-486485-A69-1601-63369-2023-11-01T17,2023-11-01 17:05:00.000,2024-03-12 17:00:00.000,UTC,STATION:ABOVE BOWERSOCK DAM,39.00348,-95.24265,,,,Transceiver,VR2TX,NOT USED,A69-1601-63369,,,,,STATION,ABOVE BOWERSOCK DAM,POINT (-95.24265 39.00348),Added this deploy record for RAFT format
"2025-03-12",TRANSMITTER,MDC,MDCUMR,GRAND RIVER MOUTH-VR2TX-486486-A69-1601-63370-2023-11-29T18,2023-11-29 18:05:00.000,2024-10-21 17:00:00.000,UTC,STATION:GRAND RIVER MOUTH,39.38456,-93.11004,,,,Transceiver,VR2TX,NOT USED,A69-1601-63370,,,,,STATION,GRAND RIVER MOUTH,POINT (-93.11004 39.38456),Added this deploy record for RAFT format
"2025-03-12",TRANSMITTER,MDC,MDCUMR,HANNIBAL EAST-VR2TX-486488-A69-1601-63372-2023-12-12T18,2023-12-12 18:05:00.000,2024-04-12 17:00:00.000,UTC,STATION:HANNIBAL EAST,39.72068,-91.35661,,,,Transceiver,VR2TX,NOT USED,A69-1601-63372,,,,,STATION,HANNIBAL EAST,POINT (-91.35661 39.72068),Added this deploy record for RAFT format
"2025-03-12",TRANSMITTER,MDC,MDCUMR,MO3250-VR2TX-486493-A69-1601-63377-2023-12-05T18,2023-12-05 18:05:00.000,2024-04-11 17:00:00.000,UTC,STATION:MO3250,39.90674,-91.43219,,,,Transceiver,VR2TX,NOT USED,A69-1601-63377,,,,,STATION,MO3250,POINT (-91.43219 39.90674),Added this deploy record for RAFT format
"2025-03-12",TRANSMITTER,MDC,MDCUMR,IL240-VR2TX-486494-A69-1601-63378-2023-12-12T18,2023-12-12 18:05:00.000,2024-09-12 17:00:00.000,UTC,STATION:IL240,38.98782,-90.67373,,,,Transceiver,VR2TX,NOT USED,A69-1601-63378,,,,,STATION,IL240,POINT (-90.67373 38.98782),Added this deploy record for RAFT format
"2025-03-12",TRANSMITTER,MDC,MDCUMR,BELOW BOWERSOCK DAM-VR2TX-486495-A69-1601-63379-2023-11-01T17,2023-11-01 17:05:00.000,2024-03-12 17:00:00.000,UTC,STATION:BELOW BOWERSOCK DAM,38.97104,-95.22128,,,,Transceiver,VR2TX,NOT USED,A69-1601-63379,,,,,STATION,BELOW BOWERSOCK DAM,POINT (-95.22128 38.97104),Added this deploy record for RAFT format
"2025-03-12",TRANSMITTER,MDC,MDCUMR,GASCONADE 100-VR2TX-486497-A69-1601-63381-2023-11-30T18,2023-11-30 18:05:00.000,2024-10-22 17:00:00.000,UTC,STATION:GASCONADE 100,38.66599,-91.55568,,,,Transceiver,VR2TX,NOT USED,A69-1601-63381,,,,,STATION,GASCONADE 100,POINT (-91.55568 38.66599),Added this deploy record for RAFT format
"2025-03-12",TRANSMITTER,MDC,MDCUMR,MO2727-VR2TX-486499-A69-1601-63383-2023-08-22T17,2023-08-22 17:05:00.000,2024-09-12 17:00:00.000,UTC,STATION:MO2727,39.36602,-90.89721,,,,Transceiver,VR2TX,NOT USED,A69-1601-63383,,,,,STATION,MO2727,POINT (-90.89721 39.36602),Added this deploy record for RAFT format
"2025-03-12",TRANSMITTER,MDC,MDCUMR,WAKARUSA-VR2TX-486501-A69-1601-63385-2023-11-06T18,2023-11-06 18:05:00.000,2024-03-12 17:00:00.000,UTC,STATION:WAKARUSA,38.95071,-95.09521,,,,Transceiver,VR2TX,NOT USED,A69-1601-63385,,,,,STATION,WAKARUSA,POINT (-95.09521 38.95071),Added this deploy record for RAFT format
"2025-03-12",TRANSMITTER,MDC,MDCUMR,IL2729-VR2TX-486503-A69-1601-63387-2023-08-22T17,2023-08-22 17:05:00.000,2024-09-12 17:00:00.000,UTC,STATION:IL2729,39.37305,-90.89632,,,,Transceiver,VR2TX,NOT USED,A69-1601-63387,,,,,STATION,IL2729,POINT (-90.89632 39.37305),Added this deploy record for RAFT format
"2025-03-12",TRANSMITTER,MDC,MDCUMR,ABOVE WATERONE WEIR-VR2TX-486504-A69-1601-63388-2023-11-01T17,2023-11-01 17:05:00.000,2024-03-12 17:00:00.000,UTC,STATION:ABOVE WATERONE WEIR,39.05462,-94.82471,,,,Transceiver,VR2TX,NOT USED,A69-1601-63388,,,,,STATION,ABOVE WATERONE WEIR,POINT (-94.82471 39.05462),Added this deploy record for RAFT format
"2025-03-12",TRANSMITTER,MDC,MDCUMR,MERAMEC RIVER-VR2TX-486506-A69-1601-63390-2023-08-07T15,2023-08-07 15:58:00.000,2024-03-28 17:00:00.000,UTC,STATION:MERAMEC RIVER,38.45654,-90.36038,,,,Transceiver,VR2TX,NOT USED,A69-1601-63390,,,,,STATION,MERAMEC RIVER,POINT (-90.36038 38.45654),Added this deploy record for RAFT format
"2025-03-12",TRANSMITTER,MDC,MDCUMR,ABOVE BOWERSOCK DAM-VR2TX-486485-A69-1601-63369-2022-04-21T17,2022-04-21 17:00:00.000,2023-03-02 18:00:00.000,UTC,STATION:ABOVE BOWERSOCK DAM,39.00348,-95.24265,,,,Transceiver,VR2TX,NOT USED,A69-1601-63369,,,,,STATION,ABOVE BOWERSOCK DAM,POINT (-95.24265 39.00348),
"2025-03-12",TRANSMITTER,MDC,MDCUMR,ABOVE WATERONE WEIR-VR2TX-486504-A69-1601-63388-2022-04-21T17,2022-04-21 17:00:00.000,2023-03-02 18:00:00.000,UTC,STATION:ABOVE WATERONE WEIR,39.05462,-94.82471,,,,Transceiver,VR2TX,NOT USED,A69-1601-63388,,,,,STATION,ABOVE WATERONE WEIR,POINT (-94.82471 39.05462),
"2025-03-12",TRANSMITTER,MDC,MDCUMR,BELOW BOWERSOCK DAM-VR2TX-486495-A69-1601-63379-2022-04-21T17,2022-04-21 17:00:00.000,2023-03-02 18:00:00.000,UTC,STATION:BELOW BOWERSOCK DAM,38.97104,-95.22128,,,,Transceiver,VR2TX,NOT USED,A69-1601-63379,,,,,STATION,BELOW BOWERSOCK DAM,POINT (-95.22128 38.97104),
"2025-03-12",TRANSMITTER,MDC,MDCUMR,BELOW WATERONE WEIR-VR2TX-486471-A69-1601-63352-2022-04-21T17,2022-04-21 17:00:00.000,2022-11-08 18:00:00.000,UTC,STATION:BELOW WATERONE WEIR,39.08443,-94.71805,,,,Transceiver,VR2TX,NOT USED,A69-1601-63352,,,,,STATION,BELOW WATERONE WEIR,POINT (-94.71805 39.08443),
"2025-03-12",TRANSMITTER,MDC,MDCUMR,BOONEVILLE MISSOURI RIVER-VR2TX-486470-A69-1601-63351-2023-08-14T17,2023-08-14 17:00:00.000,2023-08-23 17:00:00.000,UTC,STATION:BOONEVILLE MISSOURI RIVER,38.98049,-92.74552,,,,Transceiver,VR2TX,NOT USED,A69-1601-63351,,,,,STATION,BOONEVILLE MISSOURI RIVER,POINT (-92.74552 38.98049),
"2025-03-12",TRANSMITTER,MDC,MDCUMR,MO3431-VR2TX-486475-A69-1601-63356-2023-08-21T17,2023-08-21 17:00:00.000,2023-12-05 18:00:00.000,UTC,STATION:MO3431,40.14065,-91.51545,,,,Transceiver,VR2TX,NOT USED,A69-1601-63356,,,,,STATION,MO3431,POINT (-91.51545 40.14065),
"2025-03-12",TRANSMITTER,MDC,MDCUMR,CARUTHERSVILLE3RDPIERFROMMO-VR2TX-486473-A69-1601-63354-2022-05-20T17,2022-05-20 17:00:00.000,2022-08-23 17:00:00.000,UTC,STATION:CARUTHERSVILLE3RDPIERFROMMO,36.11668,-89.61423,,,,Transceiver,VR2TX,NOT USED,A69-1601-63354,,,,,STATION,CARUTHERSVILLE3RDPIERFROMMO,POINT (-89.61423 36.11668),
"2025-03-12",TRANSMITTER,MDC,MDCUMR,CHESTER IL PIER-VR2TX-486484-A69-1601-63368-2022-09-23T17,2022-09-23 17:00:00.000,2022-12-05 18:00:00.000,UTC,STATION:CHESTER IL PIER,37.90329,-89.836,,,,Transceiver,VR2TX,NOT USED,A69-1601-63368,,,,,STATION,CHESTER IL PIER,POINT (-89.836 37.90329),
"2025-03-12",TRANSMITTER,MDC,MDCUMR,GASCONADE 100-VR2TX-486497-A69-1601-63381-2023-03-01T22,2023-03-01 22:27:00.000,2023-08-15 17:00:00.000,UTC,STATION:GASCONADE 100,38.66599,-91.55568,,,,Transceiver,VR2TX,NOT USED,A69-1601-63381,,,,,STATION,GASCONADE 100,POINT (-91.55568 38.66599),
"2025-03-12",TRANSMITTER,MDC,MDCUMR,GRAND RIVER MOUTH-VR2TX-486486-A69-1601-63370-2021-11-01T17,2021-11-01 17:00:00.000,2022-04-22 17:00:00.000,UTC,STATION:GRAND RIVER MOUTH,39.38456,-93.11004,,,,Transceiver,VR2TX,NOT USED,A69-1601-63370,,,,,STATION,GRAND RIVER MOUTH,POINT (-93.11004 39.38456),
"2025-03-12",TRANSMITTER,MDC,MDCUMR,GRAND UPPER-VR2TX-485330-A69-1601-62328-2021-11-01T17,2021-11-01 17:00:00.000,2022-04-22 17:00:00.000,UTC,STATION:GRAND UPPER,39.4106,-93.11469,,,,Transceiver,VR2TX,NOT USED,A69-1601-62328,,,,,STATION,GRAND UPPER,POINT (-93.11469 39.4106),
"2025-03-12",TRANSMITTER,MDC,MDCUMR,HANNIBAL EAST-VR2TX-486488-A69-1601-63372-2021-12-01T18,2021-12-01 18:00:00.000,2022-09-01 17:00:00.000,UTC,STATION:HANNIBAL EAST,39.72068,-91.35661,,,,Transceiver,VR2TX,NOT USED,A69-1601-63372,,,,,STATION,HANNIBAL EAST,POINT (-91.35661 39.72068),
"2025-03-12",TRANSMITTER,MDC,MDCUMR,IL2026-VR2TX-486476-A69-1601-63357-2021-12-13T18,2021-12-13 18:00:00.000,2022-09-02 17:00:00.000,UTC,STATION:IL2026,38.88504,-90.17982,,,,Transceiver,VR2TX,NOT USED,A69-1601-63357,,,,,STATION,IL2026,POINT (-90.17982 38.88504),
"2025-03-12",TRANSMITTER,MDC,MDCUMR,IL240-VR2TX-486494-A69-1601-63378-2023-08-22T17,2023-08-22 17:00:00.000,2023-12-12 18:00:00.000,UTC,STATION:IL240,38.98782,-90.67373,,,,Transceiver,VR2TX,NOT USED,A69-1601-63378,,,,,STATION,IL240,POINT (-90.67373 38.98782),
"2025-03-12",TRANSMITTER,MDC,MDCUMR,IL2400-VR2TX-486472-A69-1601-63353-2021-12-15T18,2021-12-15 18:00:00.000,2022-09-02 17:00:00.000,UTC,STATION:IL2400,38.98604,-90.67342,,,,Transceiver,VR2TX,NOT USED,A69-1601-63353,,,,,STATION,IL2400,POINT (-90.67342 38.98604),
"2025-03-12",TRANSMITTER,MDC,MDCUMR,IL2567-VR2TX-486465-A69-1601-63331-2021-12-02T18,2021-12-02 18:00:00.000,2022-09-02 17:00:00.000,UTC,STATION:IL2567,39.20497,-90.71309,,,,Transceiver,VR2TX,NOT USED,A69-1601-63331,,,,,STATION,IL2567,POINT (-90.71309 39.20497),
"2025-03-12",TRANSMITTER,MDC,MDCUMR,IL2729-VR2TX-486503-A69-1601-63387-2022-09-02T17,2022-09-02 17:00:00.000,2022-11-30 18:00:00.000,UTC,STATION:IL2729,39.37305,-90.89632,,,,Transceiver,VR2TX,NOT USED,A69-1601-63387,,,,,STATION,IL2729,POINT (-90.89632 39.37305),
"2025-03-12",TRANSMITTER,MDC,MDCUMR,IL2740-VR2TX-486466-A69-1601-63332-2021-12-03T18,2021-12-03 18:00:00.000,2022-09-02 17:00:00.000,UTC,STATION:IL2740,39.38648,-90.90818,,,,Transceiver,VR2TX,NOT USED,A69-1601-63332,,,,,STATION,IL2740,POINT (-90.90818 39.38648),
"2025-03-12",TRANSMITTER,MDC,MDCUMR,MISSISSIPPI 255-VR2TX-486483-A69-1601-63367-2023-03-08T20,2023-03-08 20:55:00.000,2023-07-10 17:00:00.000,UTC,STATION:MISSISSIPPI 255,38.48599,-90.27397,,,,Transceiver,VR2TX,NOT USED,A69-1601-63367,,,,,STATION,MISSISSIPPI 255,POINT (-90.27397 38.48599),
"2025-03-12",TRANSMITTER,MDC,MDCUMR,LAMINE MOUTH-VR2TX-485337-A69-1601-62335-2021-11-03T17,2021-11-03 17:00:00.000,2022-09-20 17:00:00.000,UTC,STATION:LAMINE MOUTH,38.97935,-92.84903,,,,Transceiver,VR2TX,NOT USED,A69-1601-62335,,,,,STATION,LAMINE MOUTH,POINT (-92.84903 38.97935),
"2025-03-12",TRANSMITTER,MDC,MDCUMR,LAMINE UPPER-VR2TX-485327-A69-1601-62325-2021-11-02T17,2021-11-02 17:00:00.000,2022-09-20 17:00:00.000,UTC,STATION:LAMINE UPPER,38.94006,-92.87392,,,,Transceiver,VR2TX,NOT USED,A69-1601-62325,,,,,STATION,LAMINE UPPER,POINT (-92.87392 38.94006),
"2025-03-12",TRANSMITTER,MDC,MDCUMR,MERAMEC RIVER-VR2TX-486506-A69-1601-63390-2023-03-08T18,2023-03-08 18:45:00.000,2023-08-07 15:53:00.000,UTC,STATION:MERAMEC RIVER,38.45654,-90.36038,,,,Transceiver,VR2TX,NOT USED,A69-1601-63390,,,,,STATION,MERAMEC RIVER,POINT (-90.36038 38.45654),
"2025-03-12",TRANSMITTER,MDC,MDCUMR,MO2026-VR2TX-486474-A69-1601-63355-2022-11-30T18,2022-11-30 18:00:00.000,2023-02-23 16:00:00.000,UTC,STATION:MO2026,38.88091,-90.18554,,,,Transceiver,VR2TX,NOT USED,A69-1601-63355,,,,,STATION,MO2026,POINT (-90.18554 38.88091),
"2025-03-12",TRANSMITTER,MDC,MDCUMR,MO2397-VR2TX-486464-A69-1601-63330-2021-12-15T18,2021-12-15 18:00:00.000,2022-09-02 17:00:00.000,UTC,STATION:MO2397,38.98219,-90.68031,,,,Transceiver,VR2TX,NOT USED,A69-1601-63330,,,,,STATION,MO2397,POINT (-90.68031 38.98219),
"2025-03-12",TRANSMITTER,MDC,MDCUMR,MO2578-VR2TX-486477-A69-1601-63358-2021-12-02T18,2021-12-02 18:00:00.000,2022-09-02 17:00:00.000,UTC,STATION:MO2578,39.21764,-90.72237,,,,Transceiver,VR2TX,NOT USED,A69-1601-63358,,,,,STATION,MO2578,POINT (-90.72237 39.21764),
"2025-03-12",TRANSMITTER,MDC,MDCUMR,MO2727-VR2TX-486499-A69-1601-63383-2021-12-04T18,2021-12-04 18:00:00.000,2022-09-02 17:00:00.000,UTC,STATION:MO2727,39.36602,-90.89721,,,,Transceiver,VR2TX,NOT USED,A69-1601-63383,,,,,STATION,MO2727,POINT (-90.89721 39.36602),
"2025-03-12",TRANSMITTER,MDC,MDCUMR,MO3250-VR2TX-486493-A69-1601-63377-2022-11-29T18,2022-11-29 18:00:00.000,2023-08-21 17:00:00.000,UTC,STATION:MO3250,39.90674,-91.43219,,,,Transceiver,VR2TX,NOT USED,A69-1601-63377,,,,,STATION,MO3250,POINT (-91.43219 39.90674),
"2025-03-12",TRANSMITTER,MDC,MDCUMR,MOREAU MOUTH-VR2TX-485325-A69-1601-62323-2021-11-12T18,2021-11-12 18:00:00.000,2022-04-22 17:00:00.000,UTC,STATION:MOREAU MOUTH,38.55508,-92.09458,,,,Transceiver,VR2TX,NOT USED,A69-1601-62323,,,,,STATION,MOREAU MOUTH,POINT (-92.09458 38.55508),
"2025-03-12",TRANSMITTER,MDC,MDCUMR,MOREAU UPPER-VR2TX-485326-A69-1601-62324-2021-11-12T18,2021-11-12 18:00:00.000,2022-04-22 17:00:00.000,UTC,STATION:MOREAU UPPER,38.54064,-92.10685,,,,Transceiver,VR2TX,NOT USED,A69-1601-62324,,,,,STATION,MOREAU UPPER,POINT (-92.10685 38.54064),
"2025-03-12",TRANSMITTER,MDC,MDCUMR,WAKARUSA-VR2TX-486501-A69-1601-63385-2022-04-21T17,2022-04-21 17:00:00.000,2023-03-02 18:00:00.000,UTC,STATION:WAKARUSA,38.95071,-95.09521,,,,Transceiver,VR2TX,NOT USED,A69-1601-63385,,,,,STATION,WAKARUSA,POINT (-95.09521 38.95071),
"2025-03-12",TRANSMITTER,MDC,MDCUMR,"7 ISLAND CLOSER-VR2TX-486492-A69-1601-63376-2024-03-27T17",2024-03-27 17:00:00.000,2024-09-03 17:00:00.000,UTC,STATION:7 ISLAND CLOSER,36.61282,-89.30317,,,,Transceiver,VR2TX,NOT USED,A69-1601-63376,,,,,STATION,"7 ISLAND CLOSER",POINT (-89.30317 36.61282),
"2025-03-12",TRANSMITTER,MDC,MDCUMR,CAIRO OHIO EAST PIER-VR2TX-486481-A69-1601-63365-2024-09-06T17,2024-09-06 17:00:00.000,2024-12-13 18:00:00.000,UTC,STATION:CAIRO OHIO EAST PIER,36.99363,-89.14582,,,,Transceiver,VR2TX,NOT USED,A69-1601-63365,,,,,STATION,CAIRO OHIO EAST PIER,POINT (-89.14582 36.99363),
"2025-03-12",TRANSMITTER,MDC,MDCUMR,CARUTHERSVILLE PORT-VR2TX-486482-A69-1601-63366-2024-03-06T18,2024-03-06 18:00:00.000,2024-09-05 17:00:00.000,UTC,STATION:CARUTHERSVILLE PORT,36.24075,-89.70645,,,,Transceiver,VR2TX,NOT USED,A69-1601-63366,,,,,STATION,CARUTHERSVILLE PORT,POINT (-89.70645 36.24075),
"2025-03-12",TRANSMITTER,MDC,MDCUMR,IL20260-VR2TX-486502-A69-1601-63386-2024-09-12T17,2024-09-12 17:00:00.000,2024-12-19 18:00:00.000,UTC,STATION:IL20260,38.88494,-90.17998,,,,Transceiver,VR2TX,NOT USED,A69-1601-63386,,,,,STATION,IL20260,POINT (-90.17998 38.88494),
"2025-03-12",TRANSMITTER,MDC,MDCUMR,JEFFERSON CITY MISSOURI RIVER-VR2TX-486505-A69-1601-63389-2024-06-06T17,2024-06-06 17:00:00.000,2024-10-21 17:00:00.000,UTC,STATION:JEFFERSON CITY MISSOURI RIVER,38.58717,-92.17845,,,,Transceiver,VR2TX,NOT USED,A69-1601-63389,,,,,STATION,JEFFERSON CITY MISSOURI RIVER,POINT (-92.17845 38.58717),
"2025-03-12",TRANSMITTER,MDC,MDCUMR,LAMINE ABOVE DE BOURGMONT-VR2TX-488842-A69-1601-62288-2024-08-01T17,2024-08-01 17:00:00.000,2024-10-22 17:00:00.000,UTC,STATION:LAMINE ABOVE DE BOURGMONT,38.94079,-92.89814,,,,Transceiver,VR2TX,NOT USED,A69-1601-62288,,,,,STATION,LAMINE ABOVE DE BOURGMONT,POINT (-92.89814 38.94079),
"2025-03-12",TRANSMITTER,MDC,MDCUMR,LAMINE BELOW BLACKWATER-VR2TX-488861-A69-1601-62332-2024-08-01T17,2024-08-01 17:00:00.000,2024-10-22 17:00:00.000,UTC,STATION:LAMINE BELOW BLACKWATER,38.95193,-92.94173,,,,Transceiver,VR2TX,NOT USED,A69-1601-62332,,,,,STATION,LAMINE BELOW BLACKWATER,POINT (-92.94173 38.95193),
"2025-03-12",TRANSMITTER,MDC,MDCUMR,LAMINE HARRIMAN HILL-VR2TX-488866-A69-1601-62338-2024-08-01T17,2024-08-01 17:00:00.000,2024-10-22 17:00:00.000,UTC,STATION:LAMINE HARRIMAN HILL,38.93356,-92.94012,,,,Transceiver,VR2TX,NOT USED,A69-1601-62338,,,,,STATION,LAMINE HARRIMAN HILL,POINT (-92.94012 38.93356),
"2025-03-12",TRANSMITTER,MDC,MDCUMR,MAYFIELD CREEK-VR2TX-486500-A69-1601-63384-2024-03-22T17,2024-03-22 17:00:00.000,2024-12-13 18:00:00.000,UTC,STATION:MAYFIELD CREEK,36.94454,-89.09143,,,,Transceiver,VR2TX,NOT USED,A69-1601-63384,,,,,STATION,MAYFIELD CREEK,POINT (-89.09143 36.94454),
"2025-03-12",TRANSMITTER,MDC,MDCUMR,MO2018-VR2TX-486467-A69-1601-63333-2024-09-12T17,2024-09-12 17:00:00.000,2024-12-19 18:00:00.000,UTC,STATION:MO2018,38.87405,-90.16938,,,,Transceiver,VR2TX,NOT USED,A69-1601-63333,,,,,STATION,MO2018,POINT (-90.16938 38.87405),
"2025-03-12",TRANSMITTER,MDC,MDCUMR,MO2578-VR2TX-486477-A69-1601-63358-2024-09-12T17,2024-09-12 17:00:00.000,2024-12-19 18:00:00.000,UTC,STATION:MO2578,39.21723,-90.72214,,,,Transceiver,VR2TX,NOT USED,A69-1601-63358,,,,,STATION,MO2578,POINT (-90.72214 39.21723),
"2025-03-12",TRANSMITTER,MDC,MDCUMR,MO8501-VR2TX-488859-A69-1601-62326-2024-09-05T17,2024-09-05 17:00:00.000,2024-12-13 18:00:00.000,UTC,STATION:MO8501,36.24016,-89.6907,,,,Transceiver,VR2TX,NOT USED,A69-1601-62326,,,,,STATION,MO8501,POINT (-89.6907 36.24016),
"2025-03-12",TRANSMITTER,MDC,MDCUMR,MO875-VR2TX-486498-A69-1601-63382-2024-03-06T18,2024-03-06 18:00:00.000,2024-09-06 17:00:00.000,UTC,STATION:MO875,36.4026,-89.5322,,,,Transceiver,VR2TX,NOT USED,A69-1601-63382,,,,,STATION,MO875,POINT (-89.5322 36.4026),
"2025-03-12",TRANSMITTER,MDC,MDCUMR,MOREAU MOUTH-VR2TX-485325-A69-1601-62323-2024-10-22T17,2024-10-22 17:00:00.000,2024-12-17 18:00:00.000,UTC,STATION:MOREAU MOUTH,38.55555,-92.09375,,,,Transceiver,VR2TX,NOT USED,A69-1601-62323,,,,,STATION,MOREAU MOUTH,POINT (-92.09375 38.55555),
"2025-03-12",TRANSMITTER,MDC,MDCUMR,OSAGE RIVER LOWER-VR2TX-482150-A69-1601-62150-2024-04-02T17,2024-04-02 17:00:00.000,2024-10-22 17:00:00.000,UTC,STATION:OSAGE RIVER LOWER,38.49295,-92.00882,,,,Transceiver,VR2TX,NOT USED,A69-1601-62150,,,,,STATION,OSAGE RIVER LOWER,POINT (-92.00882 38.49295),
"2025-03-12",TRANSMITTER,MDC,MDCUMR,PIER 19-VR2TX-488863-A69-1601-62334-2024-09-05T17,2024-09-05 17:00:00.000,2024-12-13 18:00:00.000,UTC,STATION:PIER 19,36.11549,-89.61359,,,,Transceiver,VR2TX,NOT USED,A69-1601-62334,,,,,STATION,PIER 19,POINT (-89.61359 36.11549),
"2025-03-12",TRANSMITTER,MDC,MDCUMR,TN8743-VR2TX-486487-A69-1601-63371-2024-03-06T18,2024-03-06 18:00:00.000,2024-09-06 17:00:00.000,UTC,STATION:TN8743,36.39835,-89.5153,,,,Transceiver,VR2TX,NOT USED,A69-1601-63371,,,,,STATION,TN8743,POINT (-89.5153 36.39835),
"2025-03-12",TRANSMITTER,MDC,MDCUMR,MO2017-VR2TX-486467-A69-1601-63333-2023-08-31T17,2023-08-31 17:00:00.000,2024-04-12 17:00:00.000,UTC,STATION:MO2017,38.87382,-90.16888,,,,Transceiver,VR2TX,NOT USED,A69-1601-63333,,,,,STATION,MO2017,POINT (-90.16888 38.87382),
"2025-03-12",TRANSMITTER,SIU,SIUILRMVD,RM1606_POWERLINE-VR2TX-480064-A69-1601-62064-2015-07-27T17,2015-07-27 17:00:00.000,2016-05-18 17:00:00.000,UTC,STATION:RM1606_POWERLINE,40.65608,-89.61678,,,,Transceiver,VR2TX,NOT USED,A69-1601-62064,,,,,STATION,RM1606_POWERLINE,POINT (-89.61678 40.65608),""
"2025-03-12",TRANSMITTER,SIU,SIUILRMVD,RM1606_POWERLINE-VR2TX-480064-A69-1601-62064-2016-05-18T17,2016-05-18 17:05:00.000,2016-07-18 17:00:00.000,UTC,STATION:RM1606_POWERLINE,40.65608,-89.61678,,,,Transceiver,VR2TX,NOT USED,A69-1601-62064,,,,,STATION,RM1606_POWERLINE,POINT (-89.61678 40.65608),""
"2025-03-12",TRANSMITTER,SIU,SIUILRMVD,RM1606_POWERLINE-VR2TX-480064-A69-1601-62064-2016-07-18T17,2016-07-18 17:05:00.000,2016-11-20 18:00:00.000,UTC,STATION:RM1606_POWERLINE,40.65608,-89.61678,,,,Transceiver,VR2TX,NOT USED,A69-1601-62064,,,,,STATION,RM1606_POWERLINE,POINT (-89.61678 40.65608),""
"2025-03-12",TRANSMITTER,SIU,SIUILRMVD,RM1606_POWERLINE-VR2TX-480064-A69-1601-62064-2016-11-20T18,2016-11-20 18:05:00.000,2017-06-29 17:00:00.000,UTC,STATION:RM1606_POWERLINE,40.65608,-89.61678,,,,Transceiver,VR2TX,NOT USED,A69-1601-62064,,,,,STATION,RM1606_POWERLINE,POINT (-89.61678 40.65608),""
"2025-03-12",TRANSMITTER,SIU,SIUILRMVD,RM1606_POWERLINE-VR2TX-480064-A69-1601-62064-2017-06-29T17,2017-06-29 17:05:00.000,2017-11-16 18:00:00.000,UTC,STATION:RM1606_POWERLINE,40.65608,-89.61678,,,,Transceiver,VR2TX,NOT USED,A69-1601-62064,,,,,STATION,RM1606_POWERLINE,POINT (-89.61678 40.65608),""
"2025-03-12",TRANSMITTER,SIU,SIUILRMVD,RM1606_POWERLINE-VR2TX-480064-A69-1601-62064-2017-11-16T18,2017-11-16 18:05:00.000,2019-11-19 18:00:00.000,UTC,STATION:RM1606_POWERLINE,40.65608,-89.61678,,,,Transceiver,VR2TX,NOT USED,A69-1601-62064,,,,,STATION,RM1606_POWERLINE,POINT (-89.61678 40.65608),""
"2025-03-12",TRANSMITTER,SIU,SIUILRMVD,RM2303_MC_DS_SRLD-VR2TX-480077-A69-1601-62077-2015-07-10T17,2015-07-10 17:00:00.000,2015-07-14 17:00:00.000,UTC,STATION:RM2303_MC_DS_SRLD,41.32748,-88.9981,,,,Transceiver,VR2TX,NOT USED,A69-1601-62077,,,,,STATION,RM2303_MC_DS_SRLD,POINT (-88.9981 41.32748),""
"2025-03-12",TRANSMITTER,SIU,SIUILRMVD,RM2303_MC_DS_SRLD-VR2TX-480077-A69-1601-62077-2015-07-14T17,2015-07-14 17:05:00.000,2015-10-10 17:00:00.000,UTC,STATION:RM2303_MC_DS_SRLD,41.32748,-88.9981,,,,Transceiver,VR2TX,NOT USED,A69-1601-62077,,,,,STATION,RM2303_MC_DS_SRLD,POINT (-88.9981 41.32748),""
"2025-03-12",TRANSMITTER,SIU,SIUILRMVD,RM2303_MC_DS_SRLD-VR2TX-480077-A69-1601-62077-2015-10-10T17,2015-10-10 17:05:00.000,2016-06-17 17:00:00.000,UTC,STATION:RM2303_MC_DS_SRLD,41.32748,-88.9981,,,,Transceiver,VR2TX,NOT USED,A69-1601-62077,,,,,STATION,RM2303_MC_DS_SRLD,POINT (-88.9981 41.32748),""
"2025-03-12",TRANSMITTER,SIU,SIUILRMVD,RM2303_MC_DS_SRLD-VR2TX-480077-A69-1601-62077-2016-06-17T17,2016-06-17 17:05:00.000,2016-07-19 17:00:00.000,UTC,STATION:RM2303_MC_DS_SRLD,41.32748,-88.9981,,,,Transceiver,VR2TX,NOT USED,A69-1601-62077,,,,,STATION,RM2303_MC_DS_SRLD,POINT (-88.9981 41.32748),""
"2025-03-12",TRANSMITTER,SIU,SIUILRMVD,RM2303_MC_DS_SRLD-VR2TX-480077-A69-1601-62077-2016-07-19T17,2016-07-19 17:05:00.000,2016-11-20 18:00:00.000,UTC,STATION:RM2303_MC_DS_SRLD,41.32748,-88.9981,,,,Transceiver,VR2TX,NOT USED,A69-1601-62077,,,,,STATION,RM2303_MC_DS_SRLD,POINT (-88.9981 41.32748),""
"2025-03-12",TRANSMITTER,SIU,SIUILRMVD,RM2303_MC_DS_SRLD-VR2TX-480077-A69-1601-62077-2016-11-20T18,2016-11-20 18:05:00.000,2017-11-16 18:00:00.000,UTC,STATION:RM2303_MC_DS_SRLD,41.32748,-88.9981,,,,Transceiver,VR2TX,NOT USED,A69-1601-62077,,,,,STATION,RM2303_MC_DS_SRLD,POINT (-88.9981 41.32748),""
"2025-03-12",TRANSMITTER,SIU,SIUILRMVD,RM2303_MC_DS_SRLD-VR2TX-480077-A69-1601-62077-2017-11-16T18,2017-11-16 18:05:00.000,2018-06-27 17:00:00.000,UTC,STATION:RM2303_MC_DS_SRLD,41.32748,-88.9981,,,,Transceiver,VR2TX,NOT USED,A69-1601-62077,,,,,STATION,RM2303_MC_DS_SRLD,POINT (-88.9981 41.32748),""
"2025-03-12",TRANSMITTER,SIU,SIUILRMVD,RM2316-VR2TX-480070-A69-1601-62070-2015-03-22T17,2015-03-22 17:00:00.000,2015-10-10 17:00:00.000,UTC,STATION:RM2316,41.31886,-88.98449,,,,Transceiver,VR2TX,NOT USED,A69-1601-62070,,,,,STATION,RM2316,POINT (-88.98449 41.31886),""
"2025-03-12",TRANSMITTER,SIU,SIUILRMVD,RM2316-VR2TX-480070-A69-1601-62070-2015-10-10T17,2015-10-10 17:05:00.000,2016-05-17 17:00:00.000,UTC,STATION:RM2316,41.31886,-88.98449,,,,Transceiver,VR2TX,NOT USED,A69-1601-62070,,,,,STATION,RM2316,POINT (-88.98449 41.31886),""
"2025-03-12",TRANSMITTER,SIU,SIUILRMVD,RM2316-VR2TX-480070-A69-1601-62070-2016-05-17T17,2016-05-17 17:05:00.000,2016-07-19 17:00:00.000,UTC,STATION:RM2316,41.31886,-88.98449,,,,Transceiver,VR2TX,NOT USED,A69-1601-62070,,,,,STATION,RM2316,POINT (-88.98449 41.31886),""
"2025-03-12",TRANSMITTER,SIU,SIUILRMVD,RM2342_MC_DS_SHEEHAN-VR2TX-480070-A69-1601-62070-2016-07-20T17,2016-07-20 17:00:00.000,2016-11-29 18:00:00.000,UTC,STATION:RM2342_MC_DS_SHEEHAN,41.31917,-88.92811,,,,Transceiver,VR2TX,NOT USED,A69-1601-62070,,,,,STATION,RM2342_MC_DS_SHEEHAN,POINT (-88.92811 41.31917),""
"2025-03-12",TRANSMITTER,SIU,SIUILRMVD,RM2342_MC_DS_SHEEHAN-VR2TX-480070-A69-1601-62070-2016-11-29T18,2016-11-29 18:05:00.000,2018-04-04 17:00:00.000,UTC,STATION:RM2342_MC_DS_SHEEHAN,41.31917,-88.92811,,,,Transceiver,VR2TX,NOT USED,A69-1601-62070,,,,,STATION,RM2342_MC_DS_SHEEHAN,POINT (-88.92811 41.31917),""
"2025-03-12",TRANSMITTER,SIU,SIUILRMVD,RM2438_MC_DS_MLD-VR2TX-480074-A69-1601-62074-2013-01-15T18,2013-01-15 18:00:00.000,2017-06-05 17:00:00.000,UTC,STATION:RM2438_MC_DS_MLD,41.33216,-88.77068,,,,Transceiver,VR2TX,NOT USED,A69-1601-62074,,,,,STATION,RM2438_MC_DS_MLD,POINT (-88.77068 41.33216),""
"2025-03-12",TRANSMITTER,SIU,SIUILRMVD,RM2438_MC_DS_MLD-VR2TX-480074-A69-1601-62074-2017-06-05T17,2017-06-05 17:05:00.000,2020-10-21 17:00:00.000,UTC,STATION:RM2438_MC_DS_MLD,41.33216,-88.77068,,,,Transceiver,VR2TX,NOT USED,A69-1601-62074,,,,,STATION,RM2438_MC_DS_MLD,POINT (-88.77068 41.33216),""
"2025-03-12",TRANSMITTER,SIU,SIUILRMVD,RM2438_MC_DS_MLD-VR2TX-480074-A69-1601-62074-2020-10-21T17,2020-10-21 17:05:00.000,2021-09-15 17:00:00.000,UTC,STATION:RM2438_MC_DS_MLD,41.33216,-88.77068,,,,Transceiver,VR2TX,NOT USED,A69-1601-62074,,,,,STATION,RM2438_MC_DS_MLD,POINT (-88.77068 41.33216),""
"2025-03-12",TRANSMITTER,SIU,SIUILRMVD,RM2438_MC_DS_MLD-VR2TX-480074-A69-1601-62074-2021-09-15T17,2021-09-15 17:05:00.000,2022-05-18 17:00:00.000,UTC,STATION:RM2438_MC_DS_MLD,41.33216,-88.77068,,,,Transceiver,VR2TX,NOT USED,A69-1601-62074,,,,,STATION,RM2438_MC_DS_MLD,POINT (-88.77068 41.33216),""
"2025-03-12",TRANSMITTER,SIU,SIUILRMVD,RM2438_MC_DS_MLD-VR2TX-480074-A69-1601-62074-2022-05-18T17,2022-05-18 17:05:00.000,2023-11-09 18:00:00.000,UTC,STATION:RM2438_MC_DS_MLD,41.33216,-88.77068,,,,Transceiver,VR2TX,NOT USED,A69-1601-62074,,,,,STATION,RM2438_MC_DS_MLD,POINT (-88.77068 41.33216),On river LEFT if facing downstream.Downstream of downstream most mooring cell.
"2025-03-12",TRANSMITTER,SIU,SIUILRMVD,RM2454_ABOVE_MARSEILLES_LOCK-VR2TX-480068-A69-1601-62068-2017-02-25T18,2017-02-25 18:00:00.000,2018-06-27 17:00:00.000,UTC,STATION:RM2454_ABOVE_MARSEILLES_LOCK,41.32831,-88.73943,,,,Transceiver,VR2TX,NOT USED,A69-1601-62068,,,,,STATION,RM2454_ABOVE_MARSEILLES_LOCK,POINT (-88.73943 41.32831),""
"2025-03-12",TRANSMITTER,SIU,SIUILRMVD,RM2454_ABOVE_MARSEILLES_LOCK-VR2TX-480068-A69-1601-62068-2018-06-27T17,2018-06-27 17:05:00.000,2018-11-30 18:00:00.000,UTC,STATION:RM2454_ABOVE_MARSEILLES_LOCK,41.32831,-88.73943,,,,Transceiver,VR2TX,NOT USED,A69-1601-62068,,,,,STATION,RM2454_ABOVE_MARSEILLES_LOCK,POINT (-88.73943 41.32831),""
"2025-03-12",TRANSMITTER,SIU,SIUILRMVD,RM2454_ABOVE_MARSEILLES_LOCK-VR2TX-480068-A69-1601-62068-2018-11-30T18,2018-11-30 18:05:00.000,2019-09-18 17:00:00.000,UTC,STATION:RM2454_ABOVE_MARSEILLES_LOCK,41.32831,-88.73943,,,,Transceiver,VR2TX,NOT USED,A69-1601-62068,,,,,STATION,RM2454_ABOVE_MARSEILLES_LOCK,POINT (-88.73943 41.32831),""
"2025-03-12",TRANSMITTER,SIU,SIUILRMVD,RM2454_ABOVE_MARSEILLES_LOCK-VR2TX-480068-A69-1601-62068-2019-09-18T17,2019-09-18 17:05:00.000,2020-10-20 17:00:00.000,UTC,STATION:RM2454_ABOVE_MARSEILLES_LOCK,41.32831,-88.73943,,,,Transceiver,VR2TX,NOT USED,A69-1601-62068,,,,,STATION,RM2454_ABOVE_MARSEILLES_LOCK,POINT (-88.73943 41.32831),""
"2025-03-12",TRANSMITTER,SIU,SIUILRMVD,RM2454_ABOVE_MARSEILLES_LOCK-VR2TX-480068-A69-1601-62068-2020-10-20T17,2020-10-20 17:05:00.000,2021-03-16 17:00:00.000,UTC,STATION:RM2454_ABOVE_MARSEILLES_LOCK,41.32831,-88.73943,,,,Transceiver,VR2TX,NOT USED,A69-1601-62068,,,,,STATION,RM2454_ABOVE_MARSEILLES_LOCK,POINT (-88.73943 41.32831),""
"2025-03-12",TRANSMITTER,SIU,SIUILRMVD,RM2454_ABOVE_MARSEILLES_LOCK-VR2TX-480068-A69-1601-62068-2021-03-16T17,2021-03-16 17:05:00.000,2021-09-13 17:00:00.000,UTC,STATION:RM2454_ABOVE_MARSEILLES_LOCK,41.32831,-88.73943,,,,Transceiver,VR2TX,NOT USED,A69-1601-62068,,,,,STATION,RM2454_ABOVE_MARSEILLES_LOCK,POINT (-88.73943 41.32831),""
"2025-03-12",TRANSMITTER,SIU,SIUILRMVD,RM2454_ABOVE_MARSEILLES_LOCK-VR2TX-480068-A69-1601-62068-2021-09-13T17,2021-09-13 17:05:00.000,2022-05-16 17:00:00.000,UTC,STATION:RM2454_ABOVE_MARSEILLES_LOCK,41.32831,-88.73943,,,,Transceiver,VR2TX,NOT USED,A69-1601-62068,,,,,STATION,RM2454_ABOVE_MARSEILLES_LOCK,POINT (-88.73943 41.32831),""
"2025-03-12",TRANSMITTER,SIU,SIUILRMVD,RM2454_ABOVE_MARSEILLES_LOCK-VR2TX-480068-A69-1601-62068-2022-05-16T17,2022-05-16 17:05:00.000,2023-05-16 17:00:00.000,UTC,STATION:RM2454_ABOVE_MARSEILLES_LOCK,41.32831,-88.73943,,,,Transceiver,VR2TX,NOT USED,A69-1601-62068,,,,,STATION,RM2454_ABOVE_MARSEILLES_LOCK,POINT (-88.73943 41.32831),attached to the most upstream cell as you approach the lock from the marseilles side
"2025-03-12",TRANSMITTER,SIU,SIUILRMVD,RM2454_ABOVE_MARSEILLES_LOCK-VR2TX-480068-A69-1601-62068-2023-05-16T17,2023-05-16 17:05:00.000,2023-11-09 18:00:00.000,UTC,STATION:RM2454_ABOVE_MARSEILLES_LOCK,41.32831,-88.73943,,,,Transceiver,VR2TX,NOT USED,A69-1601-62068,,,,,STATION,RM2454_ABOVE_MARSEILLES_LOCK,POINT (-88.73943 41.32831),attached to the most upstream cell as you approach the lock from the marseilles side
"2025-03-12",TRANSMITTER,SIU,SIUILRMVD,RM2471_US_MLD_CELL-VR2TX-480068-A69-1601-62068-2015-06-22T17,2015-06-22 17:00:00.000,2015-11-24 18:00:00.000,UTC,STATION:RM2471_US_MLD_CELL,41.32251,-88.70587,,,,Transceiver,VR2TX,NOT USED,A69-1601-62068,,,,,STATION,RM2471_US_MLD_CELL,POINT (-88.70587 41.32251),""
"2025-03-12",TRANSMITTER,SIU,SIUILRMVD,RM2471_US_MLD_CELL-VR2TX-480068-A69-1601-62068-2015-11-24T18,2015-11-24 18:05:00.000,2016-04-07 17:00:00.000,UTC,STATION:RM2471_US_MLD_CELL,41.32251,-88.70587,,,,Transceiver,VR2TX,NOT USED,A69-1601-62068,,,,,STATION,RM2471_US_MLD_CELL,POINT (-88.70587 41.32251),""
"2025-03-12",TRANSMITTER,SIU,SIUILRMVD,RM2471_US_MLD_CELL-VR2TX-480068-A69-1601-62068-2016-04-07T17,2016-04-07 17:05:00.000,2016-07-20 17:00:00.000,UTC,STATION:RM2471_US_MLD_CELL,41.32251,-88.70587,,,,Transceiver,VR2TX,NOT USED,A69-1601-62068,,,,,STATION,RM2471_US_MLD_CELL,POINT (-88.70587 41.32251),""
"2025-03-12",TRANSMITTER,SIU,SIUILRMVD,RM2845_MC_DS_POWERPLANT-VR2TX-480067-A69-1601-62067-2016-04-06T17,2016-04-06 17:05:00.000,2016-07-20 17:00:00.000,UTC,STATION:RM2845_MC_DS_POWERPLANT,41.48709,-88.12835,,,,Transceiver,VR2TX,NOT USED,A69-1601-62067,,,,,STATION,RM2845_MC_DS_POWERPLANT,POINT (-88.12835 41.48709),""
"2025-03-12",TRANSMITTER,SIU,SIUILRMVD,RM2845_MC_DS_POWERPLANT-VR2TX-480067-A69-1601-62067-2016-07-20T17,2016-07-20 17:05:00.000,2016-11-29 18:00:00.000,UTC,STATION:RM2845_MC_DS_POWERPLANT,41.48709,-88.12835,,,,Transceiver,VR2TX,NOT USED,A69-1601-62067,,,,,STATION,RM2845_MC_DS_POWERPLANT,POINT (-88.12835 41.48709),""
"2025-03-12",TRANSMITTER,SIU,SIUILRMVD,RM2845_MC_DS_POWERPLANT-VR2TX-480067-A69-1601-62067-2016-11-29T18,2016-11-29 18:05:00.000,2017-06-28 17:00:00.000,UTC,STATION:RM2845_MC_DS_POWERPLANT,41.48709,-88.12835,,,,Transceiver,VR2TX,NOT USED,A69-1601-62067,,,,,STATION,RM2845_MC_DS_POWERPLANT,POINT (-88.12835 41.48709),""
"2025-03-12",TRANSMITTER,SIU,SIUILRMVD,RM2845_MC_DS_POWERPLANT-VR2TX-480067-A69-1601-62067-2017-06-28T17,2017-06-28 17:05:00.000,2017-11-13 18:00:00.000,UTC,STATION:RM2845_MC_DS_POWERPLANT,41.48709,-88.12835,,,,Transceiver,VR2TX,NOT USED,A69-1601-62067,,,,,STATION,RM2845_MC_DS_POWERPLANT,POINT (-88.12835 41.48709),""
"2025-03-12",TRANSMITTER,SIU,SIUILRMVD,RM2845_MC_DS_POWERPLANT-VR2TX-480067-A69-1601-62067-2017-11-13T18,2017-11-13 18:05:00.000,2018-06-28 17:00:00.000,UTC,STATION:RM2845_MC_DS_POWERPLANT,41.48709,-88.12835,,,,Transceiver,VR2TX,NOT USED,A69-1601-62067,,,,,STATION,RM2845_MC_DS_POWERPLANT,POINT (-88.12835 41.48709),""
"2025-03-12",TRANSMITTER,SIU,SIUILRMVD,RM2845_MC_DS_POWERPLANT-VR2TX-480067-A69-1601-62067-2018-06-28T17,2018-06-28 17:05:00.000,2018-11-07 18:00:00.000,UTC,STATION:RM2845_MC_DS_POWERPLANT,41.48709,-88.12835,,,,Transceiver,VR2TX,NOT USED,A69-1601-62067,,,,,STATION,RM2845_MC_DS_POWERPLANT,POINT (-88.12835 41.48709),""
"2025-03-12",TRANSMITTER,SIU,SIUILRMVD,RM2845_MC_DS_POWERPLANT-VR2TX-480067-A69-1601-62067-2018-11-07T18,2018-11-07 18:05:00.000,2019-09-10 17:00:00.000,UTC,STATION:RM2845_MC_DS_POWERPLANT,41.48709,-88.12835,,,,Transceiver,VR2TX,NOT USED,A69-1601-62067,,,,,STATION,RM2845_MC_DS_POWERPLANT,POINT (-88.12835 41.48709),""
"2025-03-12",TRANSMITTER,SIU,SIUILRMVD,RM2845_MC_DS_POWERPLANT-VR2TX-480067-A69-1601-62067-2019-09-10T17,2019-09-10 17:05:00.000,2020-10-19 17:00:00.000,UTC,STATION:RM2845_MC_DS_POWERPLANT,41.48709,-88.12835,,,,Transceiver,VR2TX,NOT USED,A69-1601-62067,,,,,STATION,RM2845_MC_DS_POWERPLANT,POINT (-88.12835 41.48709),""
"2025-03-12",TRANSMITTER,SIU,SIUILRMVD,RM2845_MC_DS_POWERPLANT-VR2TX-480067-A69-1601-62067-2020-10-19T17,2020-10-19 17:05:00.000,2021-03-16 17:00:00.000,UTC,STATION:RM2845_MC_DS_POWERPLANT,41.48709,-88.12835,,,,Transceiver,VR2TX,NOT USED,A69-1601-62067,,,,,STATION,RM2845_MC_DS_POWERPLANT,POINT (-88.12835 41.48709),""
"2025-03-12",TRANSMITTER,SIU,SIUILRMVD,RM2845_MC_DS_POWERPLANT-VR2TX-480067-A69-1601-62067-2021-03-16T17,2021-03-16 17:05:00.000,2021-09-13 17:00:00.000,UTC,STATION:RM2845_MC_DS_POWERPLANT,41.48709,-88.12835,,,,Transceiver,VR2TX,NOT USED,A69-1601-62067,,,,,STATION,RM2845_MC_DS_POWERPLANT,POINT (-88.12835 41.48709),""
"2025-03-12",TRANSMITTER,SIU,SIUILRMVD,RM2845_MC_DS_POWERPLANT-VR2TX-480067-A69-1601-62067-2021-09-13T17,2021-09-13 17:05:00.000,2022-05-16 17:00:00.000,UTC,STATION:RM2845_MC_DS_POWERPLANT,41.48709,-88.12835,,,,Transceiver,VR2TX,NOT USED,A69-1601-62067,,,,,STATION,RM2845_MC_DS_POWERPLANT,POINT (-88.12835 41.48709),""
"2025-03-12",TRANSMITTER,SIU,SIUILRMVD,RM793_DS_LGLD-VR2TX-480065-A69-1601-62065-2015-12-01T18,2015-12-01 18:00:00.000,2016-03-16 17:00:00.000,UTC,STATION:RM793_DS_LGLD,39.92967,-90.5362,,,,Transceiver,VR2TX,NOT USED,A69-1601-62065,,,,,STATION,RM793_DS_LGLD,POINT (-90.5362 39.92967),""
"2025-03-12",TRANSMITTER,SIU,SIUILRMVD,RM793_DS_LGLD-VR2TX-480065-A69-1601-62065-2016-03-16T17,2016-03-16 17:05:00.000,2016-07-18 17:00:00.000,UTC,STATION:RM793_DS_LGLD,39.92967,-90.5362,,,,Transceiver,VR2TX,NOT USED,A69-1601-62065,,,,,STATION,RM793_DS_LGLD,POINT (-90.5362 39.92967),""
"2025-03-12",TRANSMITTER,SIU,SIUILRMVD,RM793_DS_LGLD-VR2TX-480065-A69-1601-62065-2016-07-18T17,2016-07-18 17:05:00.000,2016-11-21 18:00:00.000,UTC,STATION:RM793_DS_LGLD,39.92967,-90.5362,,,,Transceiver,VR2TX,NOT USED,A69-1601-62065,,,,,STATION,RM793_DS_LGLD,POINT (-90.5362 39.92967),""
"2025-03-12",TRANSMITTER,SIU,SIUILRMVD,RM812_US_LGLD-VR2TX-480075-A69-1601-62075-2015-12-01T18,2015-12-01 18:00:00.000,2023-07-11 17:00:00.000,UTC,STATION:RM812_US_LGLD,39.9537,-90.52328,,,,Transceiver,VR2TX,NOT USED,A69-1601-62075,,,,,STATION,RM812_US_LGLD,POINT (-90.52328 39.9537),US of LaGrange L&D River Left
"2025-03-12",TRANSMITTER,SIU,SIUILRMVD,RM812_US_LGLD-VR2TX-480075-A69-1601-62075-2023-07-11T17,2023-07-11 17:05:00.000,2023-11-07 18:00:00.000,UTC,STATION:RM812_US_LGLD,39.9537,-90.52328,,,,Transceiver,VR2TX,NOT USED,A69-1601-62075,,,,,STATION,RM812_US_LGLD,POINT (-90.52328 39.9537),US of LaGrange L&D River Left
"2025-03-12",TRANSMITTER,SIU,SIUILRMVD,RM812_US_LGLD-VR2TX-480075-A69-1601-62075-2023-11-07T18,2023-11-07 18:05:00.000,2024-06-27 17:00:00.000,UTC,STATION:RM812_US_LGLD,39.9537,-90.52328,,,,Transceiver,VR2TX,NOT USED,A69-1601-62075,,,,,STATION,RM812_US_LGLD,POINT (-90.52328 39.9537),""
"2025-03-12",TRANSMITTER,USGS,UMESCUMR,"411B2-VR2TX-480711-A69-1601-62711-2017-08-22T17",2017-08-22 17:00:00.000,2017-09-12 17:00:00.000,UTC,STATION:411B2,40.889,-91.02506,,,,Transceiver,VR2TX,NOT USED,A69-1601-62711,,,,,STATION,"411B2",POINT (-91.02506 40.889),""
"2025-03-12",TRANSMITTER,USGS,UMESCUMR,"433B-VR2TX-480691-A69-1601-62691-2017-03-07T18",2017-03-07 18:00:00.000,2017-05-25 17:00:00.000,UTC,STATION:433B,41.17669,-91.00699,,3.7,3.1,Transceiver,VR2TX,NOT USED,A69-1601-62691,,,,,STATION,"433B",POINT (-91.00699 41.17669),""
"2025-03-12",TRANSMITTER,USGS,UMESCUMR,"411B1-VR2TX-480683-A69-1601-62683-2017-05-09T17",2017-05-09 17:00:00.000,2017-05-24 17:00:00.000,UTC,STATION:411B1,40.88958,-91.02395,,,,Transceiver,VR2TX,NOT USED,A69-1601-62683,,,,,STATION,"411B1",POINT (-91.02395 40.88958),""
"2025-03-12",TRANSMITTER,USGS,UMESCUMR,"1401D-VR2TX-480695-A69-1601-62695-2021-05-25T20",2021-05-25 20:24:00.000,2021-06-28 19:37:00.000,UTC,STATION:1401D,41.5731,-90.40391,,,1.0,Transceiver,VR2TX,NOT USED,A69-1601-62695,,,,,STATION,"1401D",POINT (-90.40391 41.5731),"Sync transmitters turned on to Very High, Updated firmware to 5.1.8"
"2025-03-12",TRANSMITTER,USGS,UMESCUMR,"1402D-VR2TX-480681-A69-1601-62681-2021-05-25T20",2021-05-25 20:08:00.000,2021-06-28 19:27:00.000,UTC,STATION:1402D,41.57364,-90.4019,,,0.6,Transceiver,VR2TX,NOT USED,A69-1601-62681,,,,,STATION,"1402D",POINT (-90.4019 41.57364),"Sync transmitters turned on to Very High, Updated firmware to 5.1.8"
"2025-03-12",TRANSMITTER,USGS,UMESCUMR,"1401D-VR2TX-480695-A69-1601-62695-2021-06-28T19",2021-06-28 19:42:00.000,2021-12-07 14:57:00.000,UTC,STATION:1401D,41.5731,-90.40391,,,,Transceiver,VR2TX,NOT USED,A69-1601-62695,,,,,STATION,"1401D",POINT (-90.40391 41.5731),|Added this deploy record for RAFT format
"2025-03-12",TRANSMITTER,USGS,UMESCUMR,"1401D-VR2TX-480695-A69-1601-62695-2021-12-07T15",2021-12-07 15:02:00.000,2022-05-23 20:21:00.000,UTC,STATION:1401D,41.5731,-90.40391,,,2.0,Transceiver,VR2TX,NOT USED,A69-1601-62695,,,,,STATION,"1401D",POINT (-90.40391 41.5731),"Battery 30%|Added this deploy record for RAFT format, Battery 30%"
"2025-03-12",TRANSMITTER,USGS,UMESCUMR,"1401D-VR2TX-480695-A69-1601-62695-2022-05-23T20",2022-05-23 20:26:00.000,2022-08-10 20:37:00.000,UTC,STATION:1401D,41.5731,-90.40391,,,1.0,Transceiver,VR2TX,NOT USED,A69-1601-62695,,,,,STATION,"1401D",POINT (-90.40391 41.5731),"New battery; firmware updated to 5.2.2|Added this deploy record for RAFT format, New battery; firmware updated to 5.2.2"
"2025-03-12",TRANSMITTER,USGS,UMESCUMR,"1401D-VR2TX-480695-A69-1601-62695-2022-08-10T20",2022-08-10 20:42:00.000,2022-11-22 16:40:00.000,UTC,STATION:1401D,41.5731,-90.40391,,,,Transceiver,VR2TX,NOT USED,A69-1601-62695,,,,,STATION,"1401D",POINT (-90.40391 41.5731),"Battery 80%|Added this deploy record for RAFT format, Battery 80%"
"2025-03-12",TRANSMITTER,USGS,UMESCUMR,"1401D-VR2TX-480695-A69-1601-62695-2023-07-12T00",2023-07-12 00:46:00.000,2023-11-02 13:00:00.000,UTC,STATION:1401D,41.5731,-90.40391,,,,Transceiver,VR2TX,NOT USED,A69-1601-62695,,,,,STATION,"1401D",POINT (-90.40391 41.5731),|Added this deploy record for RAFT format
"2025-03-12",TRANSMITTER,USGS,UMESCUMR,"1402D-VR2TX-480704-A69-1601-62704-2022-08-10T20",2022-08-10 20:24:00.000,2022-11-22 16:50:00.000,UTC,STATION:1402D,41.57364,-90.4019,,,,Transceiver,VR2TX,NOT USED,A69-1601-62704,,,,,STATION,"1402D",POINT (-90.4019 41.57364),"New battery; firmware updated to 5.2.2, Battery 80%"
"2025-03-12",TRANSMITTER,USGS,UMESCUMR,"1403L-VR2TX-480686-A69-1601-62686-2021-05-25T20",2021-05-25 20:15:00.000,2021-06-28 19:48:00.000,UTC,STATION:1403L,41.57402,-90.40183,,,,Transceiver,VR2TX,NOT USED,A69-1601-62686,,,,,STATION,"1403L",POINT (-90.40183 41.57402),"Sync transmitters turned on to Very High, Updated firmware to 5.1.8"
"2025-03-12",TRANSMITTER,USGS,UMESCUMR,"1404L-VR2TX-480692-A69-1601-62692-2021-05-25T19",2021-05-25 19:59:00.000,2021-06-28 19:30:00.000,UTC,STATION:1404L,41.57463,-90.39984,,,,Transceiver,VR2TX,NOT USED,A69-1601-62692,,,,,STATION,"1404L",POINT (-90.39984 41.57463),"Sync transmitters turned on to Very High, Updated firmware to 5.1.8"
"2025-03-12",TRANSMITTER,USGS,UMESCUMR,"1405U-VR2TX-480679-A69-1601-62679-2021-05-25T19",2021-05-25 19:51:00.000,2021-06-28 19:40:00.000,UTC,STATION:1405U,41.57471,-90.39944,,,,Transceiver,VR2TX,NOT USED,A69-1601-62679,,,,,STATION,"1405U",POINT (-90.39944 41.57471),"Sync transmitters turned on to Very High, Updated firmware to 5.1.8"
"2025-03-12",TRANSMITTER,USGS,UMESCUMR,"1406U-VR2TX-480690-A69-1601-62690-2021-05-25T19",2021-05-25 19:39:00.000,2021-06-28 19:49:00.000,UTC,STATION:1406U,41.5758,-90.39793,,,,Transceiver,VR2TX,NOT USED,A69-1601-62690,,,,,STATION,"1406U",POINT (-90.39793 41.5758),"Sync transmitters turned on to Very High, Updated firmware to 5.1.8"
"2025-03-12",TRANSMITTER,USGS,UMESCUMR,"1402D-VR2TX-480681-A69-1601-62681-2022-05-23T20",2022-05-23 20:13:00.000,2022-08-10 20:04:00.000,UTC,STATION:1402D,41.57364,-90.4019,,,,Transceiver,VR2TX,NOT USED,A69-1601-62681,,,,,STATION,"1402D",POINT (-90.4019 41.57364),"Would not connect, unusual red blinking pattern|Added this deploy record for RAFT format, Would not connect, unusual red blinking pattern"
"2025-03-12",TRANSMITTER,USGS,UMESCUMR,"1403L-VR2TX-480686-A69-1601-62686-2021-06-28T19",2021-06-28 19:53:00.000,2021-12-07 14:41:00.000,UTC,STATION:1403L,41.57402,-90.40183,,,,Transceiver,VR2TX,NOT USED,A69-1601-62686,,,,,STATION,"1403L",POINT (-90.40183 41.57402),|Added this deploy record for RAFT format
"2025-03-12",TRANSMITTER,USGS,UMESCUMR,"1403L-VR2TX-480686-A69-1601-62686-2022-08-10T19",2022-08-10 19:55:00.000,2022-11-22 17:00:00.000,UTC,STATION:1403L,41.57402,-90.40183,,,,Transceiver,VR2TX,NOT USED,A69-1601-62686,,,,,STATION,"1403L",POINT (-90.40183 41.57402),"Battery 80%|Added this deploy record for RAFT format, Battery 80%"
"2025-03-12",TRANSMITTER,USGS,UMESCUMR,"1403L-VR2TX-480686-A69-1601-62686-2022-11-22T17",2022-11-22 17:05:00.000,2023-07-12 01:05:00.000,UTC,STATION:1403L,41.57402,-90.40183,,,,Transceiver,VR2TX,NOT USED,A69-1601-62686,,,,,STATION,"1403L",POINT (-90.40183 41.57402),"Battery replaced, updated firmware to 6.0.0|Added this deploy record for RAFT format, Battery replaced, updated firmware to 6.0.0"
"2025-03-12",TRANSMITTER,USGS,UMESCUMR,"1403L-VR2TX-480686-A69-1601-62686-2023-07-12T01",2023-07-12 01:10:00.000,2023-11-02 13:05:00.000,UTC,STATION:1403L,41.57402,-90.40183,,,,Transceiver,VR2TX,NOT USED,A69-1601-62686,,,,,STATION,"1403L",POINT (-90.40183 41.57402),|Added this deploy record for RAFT format
"2025-03-12",TRANSMITTER,USGS,UMESCUMR,"1404L-VR2TX-480692-A69-1601-62692-2021-06-28T19",2021-06-28 19:35:00.000,2021-12-07 15:00:00.000,UTC,STATION:1404L,41.57463,-90.39984,,,,Transceiver,VR2TX,NOT USED,A69-1601-62692,,,,,STATION,"1404L",POINT (-90.39984 41.57463),|Added this deploy record for RAFT format
"2025-03-12",TRANSMITTER,USGS,UMESCUMR,"1404L-VR2TX-480692-A69-1601-62692-2022-08-10T20",2022-08-10 20:20:00.000,2022-11-22 16:43:00.000,UTC,STATION:1404L,41.57463,-90.39984,,,10.0,Transceiver,VR2TX,NOT USED,A69-1601-62692,,,,,STATION,"1404L",POINT (-90.39984 41.57463),"Battery 80%,|Added this deploy record for RAFT format, Battery 80%,"
"2025-03-12",TRANSMITTER,USGS,UMESCUMR,"1404L-VR2TX-480692-A69-1601-62692-2023-07-12T01",2023-07-12 01:20:00.000,2023-11-02 13:07:00.000,UTC,STATION:1404L,41.57463,-90.39984,,,10.0,Transceiver,VR2TX,NOT USED,A69-1601-62692,,,,,STATION,"1404L",POINT (-90.39984 41.57463),|Added this deploy record for RAFT format
"2025-03-12",TRANSMITTER,USGS,UMESCUMR,"1402D-VR2TX-480704-A69-1601-62704-2022-11-22T16",2022-11-22 16:55:00.000,2023-07-12 00:50:00.000,UTC,STATION:1402D,41.57364,-90.4019,,,,Transceiver,VR2TX,NOT USED,A69-1601-62704,,,,,STATION,"1402D",POINT (-90.4019 41.57364),"Battery replaced, updated firmware to 6.0.0|Added this deploy record for RAFT format, Battery replaced, updated firmware to 6.0.0"
"2025-03-12",TRANSMITTER,USGS,UMESCUMR,"1402D-VR2TX-480704-A69-1601-62704-2023-07-12T00",2023-07-12 00:55:00.000,2023-11-02 13:14:00.000,UTC,STATION:1402D,41.57364,-90.4019,,,,Transceiver,VR2TX,NOT USED,A69-1601-62704,,,,,STATION,"1402D",POINT (-90.4019 41.57364),|Added this deploy record for RAFT format
"2025-03-12",TRANSMITTER,USGS,UMESCUMR,"1405U-VR2TX-480679-A69-1601-62679-2022-08-10T20",2022-08-10 20:00:00.000,2022-11-22 16:40:00.000,UTC,STATION:1405U,41.57471,-90.39944,,1.0,1.0,Transceiver,VR2TX,NOT USED,A69-1601-62679,,,,,STATION,"1405U",POINT (-90.39944 41.57471),"Battery 80%,|Added this deploy record for RAFT format, Battery 80%,"
"2025-03-12",TRANSMITTER,USGS,UMESCUMR,"1406U-VR2TX-480690-A69-1601-62690-2021-06-28T19",2021-06-28 19:54:00.000,2021-12-07 15:07:00.000,UTC,STATION:1406U,41.5758,-90.39793,,,,Transceiver,VR2TX,NOT USED,A69-1601-62690,,,,,STATION,"1406U",POINT (-90.39793 41.5758),|Added this deploy record for RAFT format
"2025-03-12",TRANSMITTER,USGS,UMESCUMR,"1405U-VR2TX-480679-A69-1601-62679-2021-06-28T19",2021-06-28 19:45:00.000,2021-12-07 15:08:00.000,UTC,STATION:1405U,41.57471,-90.39944,,,,Transceiver,VR2TX,NOT USED,A69-1601-62679,,,,,STATION,"1405U",POINT (-90.39944 41.57471),|Added this deploy record for RAFT format
"2025-03-12",TRANSMITTER,USGS,UMESCUMR,"1405U-VR2TX-480679-A69-1601-62679-2022-05-23T20",2022-05-23 20:06:00.000,2022-08-10 19:55:00.000,UTC,STATION:1405U,41.57471,-90.39944,,,,Transceiver,VR2TX,NOT USED,A69-1601-62679,,,,,STATION,"1405U",POINT (-90.39944 41.57471),"Battey was 10%, new battery installed; firmware updated to 5.2.2|Added this deploy record for RAFT format, Battey was 10%, new battery installed; firmware updated to 5.2.2"
"2025-03-12",TRANSMITTER,USGS,UMESCUMR,"1403L-VR2TX-480686-A69-1601-62686-2022-05-23T20",2022-05-23 20:43:00.000,2022-08-10 19:50:00.000,UTC,STATION:1403L,41.57402,-90.40183,,,8.0,Transceiver,VR2TX,NOT USED,A69-1601-62686,,,,,STATION,"1403L",POINT (-90.40183 41.57402),"New battery; firmware updated to 5.2.2|Added this deploy record for RAFT format, New battery; firmware updated to 5.2.2"
"2025-03-12",TRANSMITTER,USGS,UMESCUMR,"1404L-VR2TX-480692-A69-1601-62692-2021-12-07T15",2021-12-07 15:05:00.000,2022-05-23 19:56:00.000,UTC,STATION:1404L,41.57463,-90.39984,,,,Transceiver,VR2TX,NOT USED,A69-1601-62692,,,,,STATION,"1404L",POINT (-90.39984 41.57463),"Battery 30%|Added this deploy record for RAFT format, Battery 30%"
"2025-03-12",TRANSMITTER,USGS,UMESCUMR,"1404L-VR2TX-480692-A69-1601-62692-2022-11-22T16",2022-11-22 16:48:00.000,2023-07-12 01:15:00.000,UTC,STATION:1404L,41.57463,-90.39984,,,10.0,Transceiver,VR2TX,NOT USED,A69-1601-62692,,,,,STATION,"1404L",POINT (-90.39984 41.57463),"Battery replaced, updated firmware to 6.0.0|Added this deploy record for RAFT format, Battery replaced, updated firmware to 6.0.0"
"2025-03-12",TRANSMITTER,USGS,UMESCUMR,"1406U-VR2TX-487151-A69-1601-62042-2023-07-12T01",2023-07-12 01:00:00.000,2023-11-02 13:15:00.000,UTC,STATION:1406U,41.5758,-90.39793,,1.5,1.5,Transceiver,VR2TX,NOT USED,A69-1601-62042,,,,,STATION,"1406U",POINT (-90.39793 41.5758),"Replacement for station 1406U, new battery, firmware updated to 6.0.0, No station name on the receiver. Changed back to 1406U"
"2025-03-12",TRANSMITTER,USGS,UMESCUMR,"14AUX1-VR2TX-480673-A69-1601-62673-2021-05-25T20",2021-05-25 20:50:00.000,2021-06-28 20:03:00.000,UTC,STATION:14AUX1,41.57416,-90.40539,,,,Transceiver,VR2TX,NOT USED,A69-1601-62673,,,,,STATION,"14AUX1",POINT (-90.40539 41.57416),"Sync transmitters turned on to Very High, Updated firmware to 5.1.8"
"2025-03-12",TRANSMITTER,USGS,UMESCUMR,"14AUX2-VR2TX-480713-A69-1601-62713-2021-05-25T20",2021-05-25 20:43:00.000,2021-06-28 20:03:00.000,UTC,STATION:14AUX2,41.57469,-90.40462,,,,Transceiver,VR2TX,NOT USED,A69-1601-62713,,,,,STATION,"14AUX2",POINT (-90.40462 41.57469),"Sync transmitters turned on to Very High, Updated firmware to 5.1.8"
"2025-03-12",TRANSMITTER,USGS,UMESCUMR,"15 AUX L-VR2TX-480707-A69-1601-62707-2019-04-02T17",2019-04-02 17:00:00.000,2019-06-28 17:00:00.000,UTC,STATION:15 AUX L,41.51865,-90.56484,,,,Transceiver,VR2TX,NOT USED,A69-1601-62707,,,,,STATION,"15 AUX L",POINT (-90.56484 41.51865),Transmitting low power 10min fixed
"2025-03-12",TRANSMITTER,USGS,UMESCUMR,"14AUX1-VR2TX-480673-A69-1601-62673-2022-11-22T17",2022-11-22 17:11:00.000,2023-07-12 01:45:00.000,UTC,STATION:14AUX1,41.57416,-90.40539,,,2.5,Transceiver,VR2TX,NOT USED,A69-1601-62673,,,,,STATION,"14AUX1",POINT (-90.40539 41.57416),"Battery replaced, updated firmware to 6.0.0|Added this deploy record for RAFT format, Battery replaced, updated firmware to 6.0.0"
"2025-03-12",TRANSMITTER,USGS,UMESCUMR,"14AUX1-VR2TX-480673-A69-1601-62673-2023-07-12T01",2023-07-12 01:50:00.000,2023-11-02 13:31:00.000,UTC,STATION:14AUX1,41.57416,-90.40539,,,2.5,Transceiver,VR2TX,NOT USED,A69-1601-62673,,,,,STATION,"14AUX1",POINT (-90.40539 41.57416),|Added this deploy record for RAFT format
"2025-03-12",TRANSMITTER,USGS,UMESCUMR,"1406U-VR2TX-480690-A69-1601-62690-2021-12-07T15",2021-12-07 15:12:00.000,2022-05-23 20:31:00.000,UTC,STATION:1406U,41.5758,-90.39793,,,2.0,Transceiver,VR2TX,NOT USED,A69-1601-62690,,,,,STATION,"1406U",POINT (-90.39793 41.5758),"Battery 30%|Added this deploy record for RAFT format, Battery 30%"
"2025-03-12",TRANSMITTER,USGS,UMESCUMR,"1406U-VR2TX-480690-A69-1601-62690-2022-05-23T20",2022-05-23 20:36:00.000,2022-08-10 20:44:00.000,UTC,STATION:1406U,41.5758,-90.39793,,,,Transceiver,VR2TX,NOT USED,A69-1601-62690,,,,,STATION,"1406U",POINT (-90.39793 41.5758),"New battery; firmware updated to 5.2.2|Added this deploy record for RAFT format, New battery; firmware updated to 5.2.2"
"2025-03-12",TRANSMITTER,USGS,UMESCUMR,"1406U-VR2TX-480690-A69-1601-62690-2022-08-10T20",2022-08-10 20:49:00.000,2022-11-22 16:50:00.000,UTC,STATION:1406U,41.5758,-90.39793,,1.5,1.5,Transceiver,VR2TX,NOT USED,A69-1601-62690,,,,,STATION,"1406U",POINT (-90.39793 41.5758),"Battery 80%,|Added this deploy record for RAFT format, Battery 80%,"
"2025-03-12",TRANSMITTER,USGS,UMESCUMR,"15 AUX L-VR2TX-480707-A69-1601-62707-2019-06-28T17",2019-06-28 17:05:00.000,2019-07-31 17:00:00.000,UTC,STATION:15 AUX L,41.51865,-90.56484,,,,Transceiver,VR2TX,NOT USED,A69-1601-62707,,,,,STATION,"15 AUX L",POINT (-90.56484 41.51865),|Added this deploy record for RAFT format
"2025-03-12",TRANSMITTER,USGS,UMESCUMR,"15 AUX L-VR2TX-480707-A69-1601-62707-2019-09-10T17",2019-09-10 17:05:00.000,2019-12-03 18:00:00.000,UTC,STATION:15 AUX L,41.51865,-90.56484,,,,Transceiver,VR2TX,NOT USED,A69-1601-62707,,,,,STATION,"15 AUX L",POINT (-90.56484 41.51865),|Added this deploy record for RAFT format
"2025-03-12",TRANSMITTER,USGS,UMESCUMR,"15 AUX L-VR2TX-480707-A69-1601-62707-2019-12-03T18",2019-12-03 18:05:00.000,2020-06-17 17:00:00.000,UTC,STATION:15 AUX L,41.51865,-90.56484,,,,Transceiver,VR2TX,NOT USED,A69-1601-62707,,,,,STATION,"15 AUX L",POINT (-90.56484 41.51865),"New battery|Added this deploy record for RAFT format, New battery"
"2025-03-12",TRANSMITTER,USGS,UMESCUMR,"15 AUX L-VR2TX-480707-A69-1601-62707-2020-06-17T17",2020-06-17 17:05:00.000,2020-12-03 18:45:00.000,UTC,STATION:15 AUX L,41.51865,-90.56484,,,,Transceiver,VR2TX,NOT USED,A69-1601-62707,,,,,STATION,"15 AUX L",POINT (-90.56484 41.51865),|Added this deploy record for RAFT format
"2025-03-12",TRANSMITTER,USGS,UMESCUMR,"15 AUX L-VR2TX-480707-A69-1601-62707-2020-12-03T18",2020-12-03 18:50:00.000,2021-05-25 14:22:00.000,UTC,STATION:15 AUX L,41.51865,-90.56484,,,,Transceiver,VR2TX,NOT USED,A69-1601-62707,,,,,STATION,"15 AUX L",POINT (-90.56484 41.51865),"Replaced rope with coated cable|Added this deploy record for RAFT format, Replaced rope with coated cable"
"2025-03-12",TRANSMITTER,USGS,UMESCUMR,"14AUX2-VR2TX-480713-A69-1601-62713-2021-06-28T20",2021-06-28 20:08:00.000,2021-12-07 15:22:00.000,UTC,STATION:14AUX2,41.57469,-90.40462,,,,Transceiver,VR2TX,NOT USED,A69-1601-62713,,,,,STATION,"14AUX2",POINT (-90.40462 41.57469),|Added this deploy record for RAFT format
"2025-03-12",TRANSMITTER,USGS,UMESCUMR,"14AUX2-VR2TX-480713-A69-1601-62713-2022-05-23T19",2022-05-23 19:40:00.000,2022-08-10 21:07:00.000,UTC,STATION:14AUX2,41.57469,-90.40462,,,,Transceiver,VR2TX,NOT USED,A69-1601-62713,,,,,STATION,"14AUX2",POINT (-90.40462 41.57469),"New battery; firmware updated to 5.2.2|Added this deploy record for RAFT format, New battery; firmware updated to 5.2.2"
"2025-03-12",TRANSMITTER,USGS,UMESCUMR,"14AUX2-VR2TX-480713-A69-1601-62713-2022-08-10T21",2022-08-10 21:12:00.000,2022-11-22 17:01:00.000,UTC,STATION:14AUX2,41.57469,-90.40462,,,2.0,Transceiver,VR2TX,NOT USED,A69-1601-62713,,,,,STATION,"14AUX2",POINT (-90.40462 41.57469),"Battery 80%,|Added this deploy record for RAFT format, Battery 80%,"
"2025-03-12",TRANSMITTER,USGS,UMESCUMR,"14AUX2-VR2TX-480713-A69-1601-62713-2023-07-12T02",2023-07-12 02:00:00.000,2023-11-02 13:30:00.000,UTC,STATION:14AUX2,41.57469,-90.40462,,,2.0,Transceiver,VR2TX,NOT USED,A69-1601-62713,,,,,STATION,"14AUX2",POINT (-90.40462 41.57469),|Added this deploy record for RAFT format
"2025-03-12",TRANSMITTER,USGS,UMESCUMR,"14AUX1-VR2TX-480673-A69-1601-62673-2021-06-28T20",2021-06-28 20:08:00.000,2021-12-07 15:27:00.000,UTC,STATION:14AUX1,41.57416,-90.40539,,,,Transceiver,VR2TX,NOT USED,A69-1601-62673,,,,,STATION,"14AUX1",POINT (-90.40539 41.57416),|Added this deploy record for RAFT format
"2025-03-12",TRANSMITTER,USGS,UMESCUMR,"1406U-VR2TX-480690-A69-1601-62690-2022-11-22T16",2022-11-22 16:55:00.000,2023-07-12 00:40:00.000,UTC,STATION:1406U,41.5758,-90.39793,,1.5,1.5,Transceiver,VR2TX,NOT USED,A69-1601-62690,,,,,STATION,"1406U",POINT (-90.39793 41.5758),"Would not connect to computer, removed and replaced|Added this deploy record for RAFT format, Would not connect to computer, removed and replaced"
"2025-03-12",TRANSMITTER,USGS,UMESCUMR,"15 AUX L-VR2TX-480707-A69-1601-62707-2021-05-25T14",2021-05-25 14:27:00.000,2021-06-29 19:25:00.000,UTC,STATION:15 AUX L,41.51865,-90.56484,,,,Transceiver,VR2TX,NOT USED,A69-1601-62707,,,,,STATION,"15 AUX L",POINT (-90.56484 41.51865),"Battery replaced, sync was on|Added this deploy record for RAFT format, Battery replaced, sync was on"
"2025-03-12",TRANSMITTER,USGS,UMESCUMR,"14AUX2-VR2TX-480713-A69-1601-62713-2022-11-22T17",2022-11-22 17:06:00.000,2023-07-12 01:55:00.000,UTC,STATION:14AUX2,41.57469,-90.40462,,,2.0,Transceiver,VR2TX,NOT USED,A69-1601-62713,,,,,STATION,"14AUX2",POINT (-90.40462 41.57469),"Battery replaced, updated firmware to 6.0.0|Added this deploy record for RAFT format, Battery replaced, updated firmware to 6.0.0"
"2025-03-12",TRANSMITTER,USGS,UMESCUMR,"15 AUX L2-VR2TX-480716-A69-1601-62716-2019-06-28T17",2019-06-28 17:00:00.000,2019-07-31 17:00:00.000,UTC,STATION:15 AUX L2,41.51862,-90.56418,,,,Transceiver,VR2TX,NOT USED,A69-1601-62716,,,,,STATION,"15 AUX L2",POINT (-90.56418 41.51862),Did not activate transmitter
"2025-03-12",TRANSMITTER,USGS,UMESCUMR,"15 MID WALL-VR2TX-480702-A69-1601-62702-2019-04-02T17",2019-04-02 17:00:00.000,2019-06-28 17:00:00.000,UTC,STATION:15 MID WALL,41.51933,-90.56285,,,,Transceiver,VR2TX,NOT USED,A69-1601-62702,,,,,STATION,"15 MID WALL",POINT (-90.56285 41.51933),Transmitting low power 10min fixed
"2025-03-12",TRANSMITTER,USGS,UMESCUMR,"15 MID WALL-VR2TX-480702-A69-1601-62702-2020-12-03T19",2020-12-03 19:03:00.000,2020-12-18 19:28:00.000,UTC,STATION:15 MID WALL,41.51933,-90.56285,,,,Transceiver,VR2TX,NOT USED,A69-1601-62702,,,,,STATION,"15 MID WALL",POINT (-90.56285 41.51933),Replaced battery
"2025-03-12",TRANSMITTER,USGS,UMESCUMR,"15 MID WALL-VR2TX-480702-A69-1601-62702-2020-06-17T17",2020-06-17 17:05:00.000,2020-12-03 18:58:00.000,UTC,STATION:15 MID WALL,41.51933,-90.56285,,,,Transceiver,VR2TX,NOT USED,A69-1601-62702,,,,,STATION,"15 MID WALL",POINT (-90.56285 41.51933),"Wouldn't connect to computer, light flashing green|Added this deploy record for RAFT format, Wouldn't connect to computer, light flashing green"
"2025-03-12",TRANSMITTER,USGS,UMESCUMR,"15 AUX L-VR2TX-480707-A69-1601-62707-2021-12-08T14",2021-12-08 14:47:00.000,2022-05-27 14:09:00.000,UTC,STATION:15 AUX L,41.51865,-90.56484,,,3.0,Transceiver,VR2TX,NOT USED,A69-1601-62707,,,,,STATION,"15 AUX L",POINT (-90.56484 41.51865),"Battery 35%|Added this deploy record for RAFT format, Battery 35%"
"2025-03-12",TRANSMITTER,USGS,UMESCUMR,"15 AUX L-VR2TX-480707-A69-1601-62707-2022-05-27T14",2022-05-27 14:14:00.000,2022-08-10 17:02:00.000,UTC,STATION:15 AUX L,41.51865,-90.56484,,,,Transceiver,VR2TX,NOT USED,A69-1601-62707,,,,,STATION,"15 AUX L",POINT (-90.56484 41.51865),"New battery; firmware updated to 5.2.2|Added this deploy record for RAFT format, New battery; firmware updated to 5.2.2"
"2025-03-12",TRANSMITTER,USGS,UMESCUMR,"15 AUX L-VR2TX-480707-A69-1601-62707-2022-11-22T15",2022-11-22 15:25:00.000,2023-07-11 23:12:00.000,UTC,STATION:15 AUX L,41.51865,-90.56484,,,,Transceiver,VR2TX,NOT USED,A69-1601-62707,,,,,STATION,"15 AUX L",POINT (-90.56484 41.51865),"Battery replaced, updated firmware to 6.0.0|Added this deploy record for RAFT format, Battery replaced, updated firmware to 6.0.0"
"2025-03-12",TRANSMITTER,USGS,UMESCUMR,"15 AUX L-VR2TX-480707-A69-1601-62707-2023-07-11T23",2023-07-11 23:17:00.000,2023-11-01 23:19:00.000,UTC,STATION:15 AUX L,41.51865,-90.56484,,,,Transceiver,VR2TX,NOT USED,A69-1601-62707,,,,,STATION,"15 AUX L",POINT (-90.56484 41.51865),|Added this deploy record for RAFT format
"2025-03-12",TRANSMITTER,USGS,UMESCUMR,"15 AUX L2-VR2TX-480716-A69-1601-62716-2019-07-31T17",2019-07-31 17:05:00.000,2019-09-10 17:00:00.000,UTC,STATION:15 AUX L2,41.51862,-90.56418,,,,Transceiver,VR2TX,NOT USED,A69-1601-62716,,,,,STATION,"15 AUX L2",POINT (-90.56418 41.51862),"Took Garmin WP average|Added this deploy record for RAFT format, Took Garmin WP average"
"2025-03-12",TRANSMITTER,USGS,UMESCUMR,"15 AUX L2-VR2TX-480716-A69-1601-62716-2019-09-10T17",2019-09-10 17:05:00.000,2019-12-03 18:00:00.000,UTC,STATION:15 AUX L2,41.51862,-90.56418,,,,Transceiver,VR2TX,NOT USED,A69-1601-62716,,,,,STATION,"15 AUX L2",POINT (-90.56418 41.51862),|Added this deploy record for RAFT format
"2025-03-12",TRANSMITTER,USGS,UMESCUMR,"15 AUX L2-VR2TX-480716-A69-1601-62716-2019-12-03T18",2019-12-03 18:05:00.000,2020-06-17 17:00:00.000,UTC,STATION:15 AUX L2,41.51862,-90.56418,,,,Transceiver,VR2TX,NOT USED,A69-1601-62716,,,,,STATION,"15 AUX L2",POINT (-90.56418 41.51862),"New battery|Added this deploy record for RAFT format, New battery"
"2025-03-12",TRANSMITTER,USGS,UMESCUMR,"15 AUX L2-VR2TX-480716-A69-1601-62716-2021-05-25T14",2021-05-25 14:49:00.000,2021-06-29 19:50:00.000,UTC,STATION:15 AUX L2,41.51862,-90.56418,,,,Transceiver,VR2TX,NOT USED,A69-1601-62716,,,,,STATION,"15 AUX L2",POINT (-90.56418 41.51862),"Battery replaced, sync was off|Added this deploy record for RAFT format, Battery replaced, sync was off"
"2025-03-12",TRANSMITTER,USGS,UMESCUMR,"15 AUX L2-VR2TX-480716-A69-1601-62716-2021-12-08T15",2021-12-08 15:04:00.000,2022-05-27 14:24:00.000,UTC,STATION:15 AUX L2,41.51862,-90.56418,,,,Transceiver,VR2TX,NOT USED,A69-1601-62716,,,,,STATION,"15 AUX L2",POINT (-90.56418 41.51862),"Battery 35%, Sync disabled|Added this deploy record for RAFT format, Battery 35%, Sync disabled"
"2025-03-12",TRANSMITTER,USGS,UMESCUMR,"15 AUX L2-VR2TX-480716-A69-1601-62716-2022-05-27T14",2022-05-27 14:29:00.000,2022-08-10 16:33:00.000,UTC,STATION:15 AUX L2,41.51862,-90.56418,,,,Transceiver,VR2TX,NOT USED,A69-1601-62716,,,,,STATION,"15 AUX L2",POINT (-90.56418 41.51862),"New battery; firmware updated to 5.2.2; enabled sync Low|Added this deploy record for RAFT format, New battery; firmware updated to 5.2.2; enabled sync Low"
"2025-03-12",TRANSMITTER,USGS,UMESCUMR,"15 AUX L2-VR2TX-480716-A69-1601-62716-2022-08-10T16",2022-08-10 16:38:00.000,2022-11-22 15:00:00.000,UTC,STATION:15 AUX L2,41.51862,-90.56418,,,,Transceiver,VR2TX,NOT USED,A69-1601-62716,,,,,STATION,"15 AUX L2",POINT (-90.56418 41.51862),"Battery 80%|Added this deploy record for RAFT format, Battery 80%"
"2025-03-12",TRANSMITTER,USGS,UMESCUMR,"15 AUX L2-VR2TX-480716-A69-1601-62716-2023-07-11T22",2023-07-11 22:55:00.000,2023-11-01 23:28:00.000,UTC,STATION:15 AUX L2,41.51862,-90.56418,,,,Transceiver,VR2TX,NOT USED,A69-1601-62716,,,,,STATION,"15 AUX L2",POINT (-90.56418 41.51862),|Added this deploy record for RAFT format
"2025-03-12",TRANSMITTER,USGS,UMESCUMR,"15 MID WALL-VR2TX-480702-A69-1601-62702-2019-06-28T17",2019-06-28 17:05:00.000,2019-07-31 17:00:00.000,UTC,STATION:15 MID WALL,41.51933,-90.56285,,,1.2,Transceiver,VR2TX,NOT USED,A69-1601-62702,,,,,STATION,"15 MID WALL",POINT (-90.56285 41.51933),"Only ~4-5ft below H2O surface; disabled transmitter|Added this deploy record for RAFT format, Only ~4-5ft below H2O surface; disabled transmitter"
"2025-03-12",TRANSMITTER,USGS,UMESCUMR,"15 MID WALL-VR2TX-480702-A69-1601-62702-2019-12-03T18",2019-12-03 18:05:00.000,2020-06-17 17:00:00.000,UTC,STATION:15 MID WALL,41.51933,-90.56285,,,1.2,Transceiver,VR2TX,NOT USED,A69-1601-62702,,,,,STATION,"15 MID WALL",POINT (-90.56285 41.51933),"New battery|Added this deploy record for RAFT format, New battery"
"2025-03-12",TRANSMITTER,USGS,UMESCUMR,"15 AUX L2-VR2TX-480716-A69-1601-62716-2020-06-17T17",2020-06-17 17:05:00.000,2020-12-03 18:54:00.000,UTC,STATION:15 AUX L2,41.51862,-90.56418,,,,Transceiver,VR2TX,NOT USED,A69-1601-62716,,,,,STATION,"15 AUX L2",POINT (-90.56418 41.51862),|Added this deploy record for RAFT format
"2025-03-12",TRANSMITTER,USGS,UMESCUMR,"15 AUX L2-VR2TX-480716-A69-1601-62716-2021-06-29T19",2021-06-29 19:55:00.000,2021-12-08 14:59:00.000,UTC,STATION:15 AUX L2,41.51862,-90.56418,,,,Transceiver,VR2TX,NOT USED,A69-1601-62716,,,,,STATION,"15 AUX L2",POINT (-90.56418 41.51862),"updated firmware to 5.1.8, need to determine when the lock was drained and create a ""Retrieval Removal"" date and then a subsequent deploy date when the lock is filled again|Added this deploy record for RAFT format, updated firmware to 5.1.8, need to determine when the lock was drained and create a ""Retrieval Removal"" date and then a subsequent deploy date when the lock is filled again"
"2025-03-12",TRANSMITTER,USGS,UMESCUMR,"15 MID WALL-VR2TX-480702-A69-1601-62702-2023-11-01T23",2023-11-01 23:30:00.000,2023-11-07 15:00:00.000,UTC,STATION:15 MID WALL,41.51933,-90.56285,,,,Transceiver,VR2TX,NOT USED,A69-1601-62702,,,,,STATION,"15 MID WALL",POINT (-90.56285 41.51933),"Changed battery and was able to connect to computer. Must have missed during the last visit. Downloaded data and updated firmware to 6.0, will put in warm storage for a backup"
"2025-03-12",TRANSMITTER,USGS,UMESCUMR,"15 S WALL-VR2TX-480698-A69-1601-62698-2019-04-02T17",2019-04-02 17:00:00.000,2019-06-28 17:00:00.000,UTC,STATION:15 S WALL,41.51888,-90.56269,,,,Transceiver,VR2TX,NOT USED,A69-1601-62698,,,,,STATION,"15 S WALL",POINT (-90.56269 41.51888),Transmitting low power 10min fixed
"2025-03-12",TRANSMITTER,USGS,UMESCUMR,"15 S WALL END-VR2TX-480709-A69-1601-62709-2019-04-02T17",2019-04-02 17:00:00.000,2019-06-28 17:00:00.000,UTC,STATION:15 S WALL END,41.51974,-90.56106,,,,Transceiver,VR2TX,NOT USED,A69-1601-62709,,,,,STATION,"15 S WALL END",POINT (-90.56106 41.51974),Transmitting low power 10min fixed
"2025-03-12",TRANSMITTER,USGS,UMESCUMR,"15 MID WALL-VR2TX-480702-A69-1601-62702-2021-12-08T14",2021-12-08 14:53:00.000,2022-05-27 14:14:00.000,UTC,STATION:15 MID WALL,41.51933,-90.56285,,,1.2,Transceiver,VR2TX,NOT USED,A69-1601-62702,,,,,STATION,"15 MID WALL",POINT (-90.56285 41.51933),"Battery 35%, Sync disabled|Added this deploy record for RAFT format, Battery 35%, Sync disabled"
"2025-03-12",TRANSMITTER,USGS,UMESCUMR,"15 MID WALL-VR2TX-480702-A69-1601-62702-2022-05-27T14",2022-05-27 14:19:00.000,2022-08-10 18:02:00.000,UTC,STATION:15 MID WALL,41.51933,-90.56285,,,,Transceiver,VR2TX,NOT USED,A69-1601-62702,,,,,STATION,"15 MID WALL",POINT (-90.56285 41.51933),"New battery; firmware updated to 5.2.2; sync enabled Low|Added this deploy record for RAFT format, New battery; firmware updated to 5.2.2; sync enabled Low"
"2025-03-12",TRANSMITTER,USGS,UMESCUMR,"15 S WALL-VR2TX-480698-A69-1601-62698-2019-06-28T17",2019-06-28 17:05:00.000,2019-07-31 17:00:00.000,UTC,STATION:15 S WALL,41.51888,-90.56269,,,1.2,Transceiver,VR2TX,NOT USED,A69-1601-62698,,,,,STATION,"15 S WALL",POINT (-90.56269 41.51888),"Only ~4ft below H2O surface|Added this deploy record for RAFT format, Only ~4ft below H2O surface"
"2025-03-12",TRANSMITTER,USGS,UMESCUMR,"15 S WALL-VR2TX-480698-A69-1601-62698-2019-07-31T17",2019-07-31 17:05:00.000,2019-09-10 17:00:00.000,UTC,STATION:15 S WALL,41.51888,-90.56269,,,,Transceiver,VR2TX,NOT USED,A69-1601-62698,,,,,STATION,"15 S WALL",POINT (-90.56269 41.51888),|Added this deploy record for RAFT format
"2025-03-12",TRANSMITTER,USGS,UMESCUMR,"15 S WALL-VR2TX-480698-A69-1601-62698-2020-06-17T17",2020-06-17 17:05:00.000,2020-12-03 19:06:00.000,UTC,STATION:15 S WALL,41.51888,-90.56269,,,,Transceiver,VR2TX,NOT USED,A69-1601-62698,,,,,STATION,"15 S WALL",POINT (-90.56269 41.51888),|Added this deploy record for RAFT format
"2025-03-12",TRANSMITTER,USGS,UMESCUMR,"15 S WALL-VR2TX-480698-A69-1601-62698-2020-12-03T19",2020-12-03 19:11:00.000,2021-05-25 15:15:00.000,UTC,STATION:15 S WALL,41.51888,-90.56269,,,1.5,Transceiver,VR2TX,NOT USED,A69-1601-62698,,,,,STATION,"15 S WALL",POINT (-90.56269 41.51888),"Replaced rope with coated cable, sync transmitter off|Added this deploy record for RAFT format, Replaced rope with coated cable, sync transmitter off"
"2025-03-12",TRANSMITTER,USGS,UMESCUMR,"15 S WALL-VR2TX-480698-A69-1601-62698-2021-06-29T18",2021-06-29 18:53:00.000,2021-12-08 16:38:00.000,UTC,STATION:15 S WALL,41.51888,-90.56269,,,,Transceiver,VR2TX,NOT USED,A69-1601-62698,,,,,STATION,"15 S WALL",POINT (-90.56269 41.51888),|Added this deploy record for RAFT format
"2025-03-12",TRANSMITTER,USGS,UMESCUMR,"15 S WALL-VR2TX-480698-A69-1601-62698-2021-12-08T16",2021-12-08 16:43:00.000,2022-05-27 14:47:00.000,UTC,STATION:15 S WALL,41.51888,-90.56269,,,,Transceiver,VR2TX,NOT USED,A69-1601-62698,,,,,STATION,"15 S WALL",POINT (-90.56269 41.51888),"Battery 35%|Added this deploy record for RAFT format, Battery 35%"
"2025-03-12",TRANSMITTER,USGS,UMESCUMR,"15 S WALL-VR2TX-480698-A69-1601-62698-2022-08-10T16",2022-08-10 16:11:00.000,2022-11-22 14:30:00.000,UTC,STATION:15 S WALL,41.51888,-90.56269,,,,Transceiver,VR2TX,NOT USED,A69-1601-62698,,,,,STATION,"15 S WALL",POINT (-90.56269 41.51888),"Battery 80%|Added this deploy record for RAFT format, Battery 80%"
"2025-03-12",TRANSMITTER,USGS,UMESCUMR,"15 S WALL-VR2TX-480698-A69-1601-62698-2022-11-22T14",2022-11-22 14:35:00.000,2023-07-11 22:08:00.000,UTC,STATION:15 S WALL,41.51888,-90.56269,,,,Transceiver,VR2TX,NOT USED,A69-1601-62698,,,,,STATION,"15 S WALL",POINT (-90.56269 41.51888),"Battery replaced, updated firmware to 6.0.0|Added this deploy record for RAFT format, Battery replaced, updated firmware to 6.0.0"
"2025-03-12",TRANSMITTER,USGS,UMESCUMR,"15 S WALL-VR2TX-480698-A69-1601-62698-2023-07-11T22",2023-07-11 22:13:00.000,2023-11-01 23:03:00.000,UTC,STATION:15 S WALL,41.51888,-90.56269,,,,Transceiver,VR2TX,NOT USED,A69-1601-62698,,,,,STATION,"15 S WALL",POINT (-90.56269 41.51888),|Added this deploy record for RAFT format
"2025-03-12",TRANSMITTER,USGS,UMESCUMR,"15 S WALL END-VR2TX-480709-A69-1601-62709-2019-06-28T17",2019-06-28 17:05:00.000,2019-07-31 17:00:00.000,UTC,STATION:15 S WALL END,41.51974,-90.56106,,,,Transceiver,VR2TX,NOT USED,A69-1601-62709,,,,,STATION,"15 S WALL END",POINT (-90.56106 41.51974),|Added this deploy record for RAFT format
"2025-03-12",TRANSMITTER,USGS,UMESCUMR,"15 S WALL END-VR2TX-480709-A69-1601-62709-2019-07-31T17",2019-07-31 17:05:00.000,2019-09-10 17:00:00.000,UTC,STATION:15 S WALL END,41.51974,-90.56106,,,,Transceiver,VR2TX,NOT USED,A69-1601-62709,,,,,STATION,"15 S WALL END",POINT (-90.56106 41.51974),|Added this deploy record for RAFT format
"2025-03-12",TRANSMITTER,USGS,UMESCUMR,"1502-VR2TX-480681-A69-1601-62681-2020-12-03T18",2020-12-03 18:35:00.000,2021-05-25 13:22:00.000,UTC,STATION:1502,41.51748,-90.56706,,,1.8,Transceiver,VR2TX,NOT USED,A69-1601-62681,,,,,STATION,"1502",POINT (-90.56706 41.51748),"Moved receiver to L14|Added this deploy record for RAFT format, Moved receiver to L14"
"2025-03-12",TRANSMITTER,USGS,UMESCUMR,"15 S WALL-VR2TX-480698-A69-1601-62698-2019-09-10T17",2019-09-10 17:05:00.000,2019-12-03 18:00:00.000,UTC,STATION:15 S WALL,41.51888,-90.56269,,,,Transceiver,VR2TX,NOT USED,A69-1601-62698,,,,,STATION,"15 S WALL",POINT (-90.56269 41.51888),"Transmitter disabled|Added this deploy record for RAFT format, Transmitter disabled"
"2025-03-12",TRANSMITTER,USGS,UMESCUMR,"15 S WALL-VR2TX-480698-A69-1601-62698-2021-05-25T15",2021-05-25 15:20:00.000,2021-06-29 18:48:00.000,UTC,STATION:15 S WALL,41.51888,-90.56269,,,1.5,Transceiver,VR2TX,NOT USED,A69-1601-62698,,,,,STATION,"15 S WALL",POINT (-90.56269 41.51888),"Battery replaced, updated firmware to 5.1.8, sync was off|Added this deploy record for RAFT format, Battery replaced, updated firmware to 5.1.8, sync was off"
"2025-03-12",TRANSMITTER,USGS,UMESCUMR,"15 MID WALL-VR2TX-480702-A69-1601-62702-2020-12-18T19",2020-12-18 19:33:00.000,2021-05-25 14:33:00.000,UTC,STATION:15 MID WALL,41.51933,-90.56285,,,1.5,Transceiver,VR2TX,NOT USED,A69-1601-62702,,,,,STATION,"15 MID WALL",POINT (-90.56285 41.51933),"Replaced rope with coated cable, sync transmitter off|Added this deploy record for RAFT format, Replaced rope with coated cable, sync transmitter off"
"2025-03-12",TRANSMITTER,USGS,UMESCUMR,"15 MID WALL-VR2TX-480702-A69-1601-62702-2022-08-10T18",2022-08-10 18:07:00.000,2022-11-22 14:50:00.000,UTC,STATION:15 MID WALL,41.51933,-90.56285,,,,Transceiver,VR2TX,NOT USED,A69-1601-62702,,,,,STATION,"15 MID WALL",POINT (-90.56285 41.51933),"Battery 80%|Added this deploy record for RAFT format, Battery 80%"
"2025-03-12",TRANSMITTER,USGS,UMESCUMR,"15 S WALL END-VR2TX-480709-A69-1601-62709-2020-06-17T17",2020-06-17 17:00:00.000,2020-12-03 19:12:00.000,UTC,STATION:15 S WALL END,41.51974,-90.56106,,,,Transceiver,VR2TX,NOT USED,A69-1601-62709,,,,,STATION,"15 S WALL END",POINT (-90.56106 41.51974),"Redeployed after being pulled for over winter constuction on the wall, Tablet died during offload (1 partial vrl), needs to be offloaded again. Metal cable frayed where it's looped through rebar."
"2025-03-12",TRANSMITTER,USGS,UMESCUMR,"15 S WALL END-VR2TX-480709-A69-1601-62709-2020-12-03T19",2020-12-03 19:17:00.000,2020-12-18 18:00:00.000,UTC,STATION:15 S WALL END,41.51974,-90.56106,,,,Transceiver,VR2TX,NOT USED,A69-1601-62709,,,,,STATION,"15 S WALL END",POINT (-90.56106 41.51974),Replaced fraying cable and offloaded
"2025-03-12",TRANSMITTER,USGS,UMESCUMR,"15 S WALL END-VR2TX-480709-A69-1601-62709-2022-01-13T06",2022-01-13 06:04:00.000,2022-06-08 01:43:00.000,UTC,STATION:15 S WALL END,41.51974,-90.56106,,,,Transceiver,VR2TX,NOT USED,A69-1601-62709,,,,,STATION,"15 S WALL END",POINT (-90.56106 41.51974),"Recovered over winter from upstream approach, was stuck in bent ladder rungs. Battery was dead, added a Remove date (1/12/22) based on last detection."
"2025-03-12",TRANSMITTER,USGS,UMESCUMR,"1501-VR2TX-480680-A69-1601-62680-2019-04-02T17",2019-04-02 17:00:00.000,2019-06-28 17:00:00.000,UTC,STATION:1501,41.51701,-90.56797,,,,Transceiver,VR2TX,NOT USED,A69-1601-62680,,,,,STATION,"1501",POINT (-90.56797 41.51701),Transmitting low power 10min fixed
"2025-03-12",TRANSMITTER,USGS,UMESCUMR,"1502-VR2TX-480681-A69-1601-62681-2019-04-02T17",2019-04-02 17:00:00.000,2019-06-28 17:00:00.000,UTC,STATION:1502,41.51748,-90.56706,,,,Transceiver,VR2TX,NOT USED,A69-1601-62681,,,,,STATION,"1502",POINT (-90.56706 41.51748),Transmitting low power 10min fixed
"2025-03-12",TRANSMITTER,USGS,UMESCUMR,"1501-VR2TX-480680-A69-1601-62680-2020-06-17T17",2020-06-17 17:05:00.000,2020-12-03 18:35:00.000,UTC,STATION:1501,41.51701,-90.56797,,,,Transceiver,VR2TX,NOT USED,A69-1601-62680,,,,,STATION,"1501",POINT (-90.56797 41.51701),|Added this deploy record for RAFT format
"2025-03-12",TRANSMITTER,USGS,UMESCUMR,"1501-VR2TX-480680-A69-1601-62680-2021-05-25T13",2021-05-25 13:11:00.000,2021-06-29 18:36:00.000,UTC,STATION:1501,41.51701,-90.56797,,,,Transceiver,VR2TX,NOT USED,A69-1601-62680,,,,,STATION,"1501",POINT (-90.56797 41.51701),"Battery replaced|Added this deploy record for RAFT format, Battery replaced"
"2025-03-12",TRANSMITTER,USGS,UMESCUMR,"1501-VR2TX-480680-A69-1601-62680-2021-06-29T18",2021-06-29 18:41:00.000,2021-12-07 20:50:00.000,UTC,STATION:1501,41.51701,-90.56797,,,,Transceiver,VR2TX,NOT USED,A69-1601-62680,,,,,STATION,"1501",POINT (-90.56797 41.51701),"updated firmware to 5.1.8|Added this deploy record for RAFT format, updated firmware to 5.1.8"
"2025-03-12",TRANSMITTER,USGS,UMESCUMR,"1501-VR2TX-480680-A69-1601-62680-2021-12-07T20",2021-12-07 20:55:00.000,2022-05-27 13:46:00.000,UTC,STATION:1501,41.51701,-90.56797,,,2.0,Transceiver,VR2TX,NOT USED,A69-1601-62680,,,,,STATION,"1501",POINT (-90.56797 41.51701),"Battery 35%|Added this deploy record for RAFT format, Battery 35%"
"2025-03-12",TRANSMITTER,USGS,UMESCUMR,"1501-VR2TX-480680-A69-1601-62680-2022-08-10T17",2022-08-10 17:48:00.000,2022-11-22 15:40:00.000,UTC,STATION:1501,41.51701,-90.56797,,,,Transceiver,VR2TX,NOT USED,A69-1601-62680,,,,,STATION,"1501",POINT (-90.56797 41.51701),"Battery 80%|Added this deploy record for RAFT format, Battery 80%"
"2025-03-12",TRANSMITTER,USGS,UMESCUMR,"1501-VR2TX-480680-A69-1601-62680-2022-11-22T15",2022-11-22 15:45:00.000,2023-07-11 23:17:00.000,UTC,STATION:1501,41.51701,-90.56797,,,,Transceiver,VR2TX,NOT USED,A69-1601-62680,,,,,STATION,"1501",POINT (-90.56797 41.51701),"Battery replaced, updated firmware to 6.0.0|Added this deploy record for RAFT format, Battery replaced, updated firmware to 6.0.0"
"2025-03-12",TRANSMITTER,USGS,UMESCUMR,"1501-VR2TX-480680-A69-1601-62680-2023-07-11T23",2023-07-11 23:22:00.000,2023-11-01 23:11:00.000,UTC,STATION:1501,41.51701,-90.56797,,,,Transceiver,VR2TX,NOT USED,A69-1601-62680,,,,,STATION,"1501",POINT (-90.56797 41.51701),|Added this deploy record for RAFT format
"2025-03-12",TRANSMITTER,USGS,UMESCUMR,"1502-VR2TX-480681-A69-1601-62681-2019-07-31T17",2019-07-31 17:05:00.000,2019-09-10 17:00:00.000,UTC,STATION:1502,41.51748,-90.56706,,,,Transceiver,VR2TX,NOT USED,A69-1601-62681,,,,,STATION,"1502",POINT (-90.56706 41.51748),|Added this deploy record for RAFT format
"2025-03-12",TRANSMITTER,USGS,UMESCUMR,"1502-VR2TX-480681-A69-1601-62681-2019-12-03T18",2019-12-03 18:05:00.000,2020-06-17 17:00:00.000,UTC,STATION:1502,41.51748,-90.56706,,,,Transceiver,VR2TX,NOT USED,A69-1601-62681,,,,,STATION,"1502",POINT (-90.56706 41.51748),"10% battery left, put in new battery|Added this deploy record for RAFT format, 10% battery left, put in new battery"
"2025-03-12",TRANSMITTER,USGS,UMESCUMR,"1502-VR2TX-480681-A69-1601-62681-2020-06-17T17",2020-06-17 17:05:00.000,2020-12-03 18:30:00.000,UTC,STATION:1502,41.51748,-90.56706,,,,Transceiver,VR2TX,NOT USED,A69-1601-62681,,,,,STATION,"1502",POINT (-90.56706 41.51748),|Added this deploy record for RAFT format
"2025-03-12",TRANSMITTER,USGS,UMESCUMR,"1501-VR2TX-480680-A69-1601-62680-2019-06-28T17",2019-06-28 17:05:00.000,2019-07-31 17:00:00.000,UTC,STATION:1501,41.51701,-90.56797,,,,Transceiver,VR2TX,NOT USED,A69-1601-62680,,,,,STATION,"1501",POINT (-90.56797 41.51701),|Added this deploy record for RAFT format
"2025-03-12",TRANSMITTER,USGS,UMESCUMR,"1501-VR2TX-480680-A69-1601-62680-2019-07-31T17",2019-07-31 17:05:00.000,2019-09-10 17:00:00.000,UTC,STATION:1501,41.51701,-90.56797,,,,Transceiver,VR2TX,NOT USED,A69-1601-62680,,,,,STATION,"1501",POINT (-90.56797 41.51701),|Added this deploy record for RAFT format
"2025-03-12",TRANSMITTER,USGS,UMESCUMR,"1501-VR2TX-480680-A69-1601-62680-2020-12-03T18",2020-12-03 18:40:00.000,2021-05-25 13:06:00.000,UTC,STATION:1501,41.51701,-90.56797,,,1.5,Transceiver,VR2TX,NOT USED,A69-1601-62680,,,,,STATION,"1501",POINT (-90.56797 41.51701),"Replaced rope with coated cable|Added this deploy record for RAFT format, Replaced rope with coated cable"
"2025-03-12",TRANSMITTER,USGS,UMESCUMR,"1501-VR2TX-480680-A69-1601-62680-2022-05-27T13",2022-05-27 13:51:00.000,2022-08-10 17:43:00.000,UTC,STATION:1501,41.51701,-90.56797,,,,Transceiver,VR2TX,NOT USED,A69-1601-62680,,,,,STATION,"1501",POINT (-90.56797 41.51701),"New battery; firmware updated to 5.2.2|Added this deploy record for RAFT format, New battery; firmware updated to 5.2.2"
"2025-03-12",TRANSMITTER,USGS,UMESCUMR,"1502-VR2TX-480681-A69-1601-62681-2019-09-10T17",2019-09-10 17:05:00.000,2019-12-03 18:00:00.000,UTC,STATION:1502,41.51748,-90.56706,,,,Transceiver,VR2TX,NOT USED,A69-1601-62681,,,,,STATION,"1502",POINT (-90.56706 41.51748),|Added this deploy record for RAFT format
"2025-03-12",TRANSMITTER,USGS,UMESCUMR,"1506-VR2TX-480689-A69-1601-62689-2019-04-03T17",2019-04-03 17:00:00.000,2019-06-27 17:00:00.000,UTC,STATION:1506,41.51733,-90.56635,,,,Transceiver,VR2TX,NOT USED,A69-1601-62689,,,,,STATION,"1506",POINT (-90.56635 41.51733),"Transmitting low power 10min fixed. Sync tag mounted here (1601-65085), Sync tag mounted here (1601-65085)"
"2025-03-12",TRANSMITTER,USGS,UMESCUMR,"15 S WALL END-VR2TX-480709-A69-1601-62709-2021-05-25T15",2021-05-25 15:10:00.000,2022-01-13 05:59:00.000,UTC,STATION:15 S WALL END,41.51974,-90.56106,,,,Transceiver,VR2TX,NOT USED,A69-1601-62709,,,,,STATION,"15 S WALL END",POINT (-90.56106 41.51974),"Was recovered during winter 2022 construction from ladder well with bent rungs. Removal date is the date of the last detection before the battery died.|Added this deploy record for RAFT format, Was recovered during winter 2022 construction from ladder well with bent rungs. Removal date is the date of the last detection before the battery died."
"2025-03-12",TRANSMITTER,USGS,UMESCUMR,"1503-VR2TX-480682-A69-1601-62682-2019-04-02T17",2019-04-02 17:00:00.000,2019-06-28 17:00:00.000,UTC,STATION:1503,41.5182,-90.56568,,,,Transceiver,VR2TX,NOT USED,A69-1601-62682,,,,,STATION,"1503",POINT (-90.56568 41.5182),Transmitting low power 10min fixed
"2025-03-12",TRANSMITTER,USGS,UMESCUMR,"1503-VR2TX-480682-A69-1601-62682-2020-12-03T18",2020-12-03 18:22:00.000,2020-12-18 20:15:00.000,UTC,STATION:1503,41.5182,-90.56568,,,,Transceiver,VR2TX,NOT USED,A69-1601-62682,,,,,STATION,"1503",POINT (-90.56568 41.5182),Replaced battery
"2025-03-12",TRANSMITTER,USGS,UMESCUMR,"1503-VR2TX-487154-A69-1601-62045-2022-11-22T15",2022-11-22 15:30:00.000,2023-07-11 23:00:00.000,UTC,STATION:1503,41.5182,-90.56568,,1.0,1.0,Transceiver,VR2TX,NOT USED,A69-1601-62045,,,,,STATION,"1503",POINT (-90.56568 41.5182),"Replacement for 480682, firmware updated, Map to 115, Battery replaced, updated firmware to 6.0.0"
"2025-03-12",TRANSMITTER,USGS,UMESCUMR,"1504-VR2TX-480686-A69-1601-62686-2019-04-02T17",2019-04-02 17:00:00.000,2019-06-28 17:00:00.000,UTC,STATION:1504,41.51797,-90.56549,,,,Transceiver,VR2TX,NOT USED,A69-1601-62686,,,,,STATION,"1504",POINT (-90.56549 41.51797),Transmitting low power 10min fixed
"2025-03-12",TRANSMITTER,USGS,UMESCUMR,"1505-VR2TX-480687-A69-1601-62687-2019-04-03T17",2019-04-03 17:00:00.000,2019-06-27 17:00:00.000,UTC,STATION:1505,41.51742,-90.56643,,,,Transceiver,VR2TX,NOT USED,A69-1601-62687,,,,,STATION,"1505",POINT (-90.56643 41.51742),"Transmitting low power 10min fixed. Sync tag mounted here (1601-65089), Sync tag mounted here (1601-65089)"
"2025-03-12",TRANSMITTER,USGS,UMESCUMR,"1503-VR2TX-480682-A69-1601-62682-2019-12-03T18",2019-12-03 18:05:00.000,2020-06-17 17:00:00.000,UTC,STATION:1503,41.5182,-90.56568,,,,Transceiver,VR2TX,NOT USED,A69-1601-62682,,,,,STATION,"1503",POINT (-90.56568 41.5182),"New battery|Added this deploy record for RAFT format, New battery"
"2025-03-12",TRANSMITTER,USGS,UMESCUMR,"1503-VR2TX-480682-A69-1601-62682-2020-12-18T20",2020-12-18 20:20:00.000,2021-05-25 13:37:00.000,UTC,STATION:1503,41.5182,-90.56568,,,1.8,Transceiver,VR2TX,NOT USED,A69-1601-62682,,,,,STATION,"1503",POINT (-90.56568 41.5182),"Replaced rope with coated cable|Added this deploy record for RAFT format, Replaced rope with coated cable"
"2025-03-12",TRANSMITTER,USGS,UMESCUMR,"1503-VR2TX-480682-A69-1601-62682-2021-05-25T13",2021-05-25 13:42:00.000,2021-06-29 18:52:00.000,UTC,STATION:1503,41.5182,-90.56568,,,,Transceiver,VR2TX,NOT USED,A69-1601-62682,,,,,STATION,"1503",POINT (-90.56568 41.5182),"Battery replaced|Added this deploy record for RAFT format, Battery replaced"
"2025-03-12",TRANSMITTER,USGS,UMESCUMR,"1503-VR2TX-480682-A69-1601-62682-2021-06-29T18",2021-06-29 18:57:00.000,2021-12-07 21:30:00.000,UTC,STATION:1503,41.5182,-90.56568,,,,Transceiver,VR2TX,NOT USED,A69-1601-62682,,,,,STATION,"1503",POINT (-90.56568 41.5182),"updated firmware to 5.1.8|Added this deploy record for RAFT format, updated firmware to 5.1.8"
"2025-03-12",TRANSMITTER,USGS,UMESCUMR,"1503-VR2TX-480682-A69-1601-62682-2021-12-07T21",2021-12-07 21:35:00.000,2022-05-27 14:00:00.000,UTC,STATION:1503,41.5182,-90.56568,,,2.0,Transceiver,VR2TX,NOT USED,A69-1601-62682,,,,,STATION,"1503",POINT (-90.56568 41.5182),"Battery 35%|Added this deploy record for RAFT format, Battery 35%"
"2025-03-12",TRANSMITTER,USGS,UMESCUMR,"1503-VR2TX-487154-A69-1601-62045-2023-07-11T23",2023-07-11 23:05:00.000,2023-11-01 23:04:00.000,UTC,STATION:1503,41.5182,-90.56568,,1.0,1.0,Transceiver,VR2TX,NOT USED,A69-1601-62045,,,,,STATION,"1503",POINT (-90.56568 41.5182),|Added this deploy record for RAFT format
"2025-03-12",TRANSMITTER,USGS,UMESCUMR,"1504-VR2TX-480686-A69-1601-62686-2019-09-10T17",2019-09-10 17:05:00.000,2019-12-03 18:00:00.000,UTC,STATION:1504,41.51797,-90.56549,,,,Transceiver,VR2TX,NOT USED,A69-1601-62686,,,,,STATION,"1504",POINT (-90.56549 41.51797),|Added this deploy record for RAFT format
"2025-03-12",TRANSMITTER,USGS,UMESCUMR,"1504-VR2TX-480686-A69-1601-62686-2019-12-03T18",2019-12-03 18:05:00.000,2020-06-17 17:00:00.000,UTC,STATION:1504,41.51797,-90.56549,,,,Transceiver,VR2TX,NOT USED,A69-1601-62686,,,,,STATION,"1504",POINT (-90.56549 41.51797),"New battery|Added this deploy record for RAFT format, New battery"
"2025-03-12",TRANSMITTER,USGS,UMESCUMR,"1504-VR2TX-480686-A69-1601-62686-2020-06-17T17",2020-06-17 17:05:00.000,2020-12-03 18:11:00.000,UTC,STATION:1504,41.51797,-90.56549,,,,Transceiver,VR2TX,NOT USED,A69-1601-62686,,,,,STATION,"1504",POINT (-90.56549 41.51797),|Added this deploy record for RAFT format
"2025-03-12",TRANSMITTER,USGS,UMESCUMR,"1504-VR2TX-480686-A69-1601-62686-2020-12-03T18",2020-12-03 18:16:00.000,2021-05-25 13:57:00.000,UTC,STATION:1504,41.51797,-90.56549,,,1.8,Transceiver,VR2TX,NOT USED,A69-1601-62686,,,,,STATION,"1504",POINT (-90.56549 41.51797),"Moved receiver to L14|Added this deploy record for RAFT format, Moved receiver to L14"
"2025-03-12",TRANSMITTER,USGS,UMESCUMR,"1505-VR2TX-480687-A69-1601-62687-2019-07-31T17",2019-07-31 17:05:00.000,2019-09-10 17:00:00.000,UTC,STATION:1505,41.51742,-90.56643,,,,Transceiver,VR2TX,NOT USED,A69-1601-62687,,,,,STATION,"1505",POINT (-90.56643 41.51742),"Sync tag mounted here (1601-65089)|Added this deploy record for RAFT format, Sync tag mounted here (1601-65089)"
"2025-03-12",TRANSMITTER,USGS,UMESCUMR,"1503-VR2TX-480682-A69-1601-62682-2019-07-31T17",2019-07-31 17:05:00.000,2019-09-10 17:00:00.000,UTC,STATION:1503,41.5182,-90.56568,,,,Transceiver,VR2TX,NOT USED,A69-1601-62682,,,,,STATION,"1503",POINT (-90.56568 41.5182),|Added this deploy record for RAFT format
"2025-03-12",TRANSMITTER,USGS,UMESCUMR,"1503-VR2TX-480682-A69-1601-62682-2022-08-10T17",2022-08-10 17:30:00.000,2022-11-22 15:30:00.000,UTC,STATION:1503,41.5182,-90.56568,,,,Transceiver,VR2TX,NOT USED,A69-1601-62682,,,,,STATION,"1503",POINT (-90.56568 41.5182),"Bugging out during offload - Needs replacement|Added this deploy record for RAFT format, Bugging out during offload - Needs replacement"
"2025-03-12",TRANSMITTER,USGS,UMESCUMR,"1504-VR2TX-480686-A69-1601-62686-2019-06-28T17",2019-06-28 17:05:00.000,2019-07-31 17:00:00.000,UTC,STATION:1504,41.51797,-90.56549,,,,Transceiver,VR2TX,NOT USED,A69-1601-62686,,,,,STATION,"1504",POINT (-90.56549 41.51797),|Added this deploy record for RAFT format
"2025-03-12",TRANSMITTER,USGS,UMESCUMR,"1504-VR2TX-480686-A69-1601-62686-2019-07-31T17",2019-07-31 17:05:00.000,2019-09-10 17:00:00.000,UTC,STATION:1504,41.51797,-90.56549,,,,Transceiver,VR2TX,NOT USED,A69-1601-62686,,,,,STATION,"1504",POINT (-90.56549 41.51797),|Added this deploy record for RAFT format
"2025-03-12",TRANSMITTER,USGS,UMESCUMR,"1505-VR2TX-480687-A69-1601-62687-2019-06-27T17",2019-06-27 17:05:00.000,2019-07-31 17:00:00.000,UTC,STATION:1505,41.51742,-90.56643,,,,Transceiver,VR2TX,NOT USED,A69-1601-62687,,,,,STATION,"1505",POINT (-90.56643 41.51742),"Sync tag mounted here (1601-65089)|Added this deploy record for RAFT format, Sync tag mounted here (1601-65089)"
"2025-03-12",TRANSMITTER,USGS,UMESCUMR,"1505-VR2TX-480687-A69-1601-62687-2019-12-03T18",2019-12-03 18:05:00.000,2020-06-17 17:00:00.000,UTC,STATION:1505,41.51742,-90.56643,,,,Transceiver,VR2TX,NOT USED,A69-1601-62687,,,,,STATION,"1505",POINT (-90.56643 41.51742),"New battery. Sync tag mounted here (1601-65089)|Added this deploy record for RAFT format, New battery. Sync tag mounted here (1601-65089)"
"2025-03-12",TRANSMITTER,USGS,UMESCUMR,"1506-VR2TX-487155-A69-1601-62046-2023-07-11T23",2023-07-11 23:45:00.000,2023-11-01 22:54:00.000,UTC,STATION:1506,41.51733,-90.56635,,,,Transceiver,VR2TX,NOT USED,A69-1601-62046,,,,,STATION,"1506",POINT (-90.56635 41.51733),"Replacement for station 1506, new battery, firmware updated to 6.0.0, No station name on the receiver. Changed back to 1506"
"2025-03-12",TRANSMITTER,USGS,UMESCUMR,"1507-VR2TX-480690-A69-1601-62690-2019-04-02T17",2019-04-02 17:00:00.000,2019-06-28 17:00:00.000,UTC,STATION:1507,41.51783,-90.56539,,,,Transceiver,VR2TX,NOT USED,A69-1601-62690,,,,,STATION,"1507",POINT (-90.56539 41.51783),Transmitting low power 10min fixed
"2025-03-12",TRANSMITTER,USGS,UMESCUMR,"1505-VR2TX-480687-A69-1601-62687-2021-05-25T13",2021-05-25 13:54:00.000,2021-06-29 19:06:00.000,UTC,STATION:1505,41.51742,-90.56643,,,,Transceiver,VR2TX,NOT USED,A69-1601-62687,,,,,STATION,"1505",POINT (-90.56643 41.51742),"Battery replaced|Added this deploy record for RAFT format, Battery replaced"
"2025-03-12",TRANSMITTER,USGS,UMESCUMR,"1505-VR2TX-480687-A69-1601-62687-2021-06-29T19",2021-06-29 19:11:00.000,2021-12-07 21:19:00.000,UTC,STATION:1505,41.51742,-90.56643,,,,Transceiver,VR2TX,NOT USED,A69-1601-62687,,,,,STATION,"1505",POINT (-90.56643 41.51742),"updated firmware to 5.1.8|Added this deploy record for RAFT format, updated firmware to 5.1.8"
"2025-03-12",TRANSMITTER,USGS,UMESCUMR,"1505-VR2TX-480687-A69-1601-62687-2022-05-27T14",2022-05-27 14:40:00.000,2022-08-10 17:09:00.000,UTC,STATION:1505,41.51742,-90.56643,,,2.2,Transceiver,VR2TX,NOT USED,A69-1601-62687,,,,,STATION,"1505",POINT (-90.56643 41.51742),"New battery; firmware updated to 5.2.2|Added this deploy record for RAFT format, New battery; firmware updated to 5.2.2"
"2025-03-12",TRANSMITTER,USGS,UMESCUMR,"1505-VR2TX-480687-A69-1601-62687-2022-08-10T17",2022-08-10 17:14:00.000,2022-11-22 15:50:00.000,UTC,STATION:1505,41.51742,-90.56643,,,,Transceiver,VR2TX,NOT USED,A69-1601-62687,,,,,STATION,"1505",POINT (-90.56643 41.51742),"Battery 80%|Added this deploy record for RAFT format, Battery 80%"
"2025-03-12",TRANSMITTER,USGS,UMESCUMR,"1505-VR2TX-480687-A69-1601-62687-2023-07-11T22",2023-07-11 22:52:00.000,2023-11-01 22:57:00.000,UTC,STATION:1505,41.51742,-90.56643,,,,Transceiver,VR2TX,NOT USED,A69-1601-62687,,,,,STATION,"1505",POINT (-90.56643 41.51742),|Added this deploy record for RAFT format
"2025-03-12",TRANSMITTER,USGS,UMESCUMR,"1506-VR2TX-480689-A69-1601-62689-2019-06-27T17",2019-06-27 17:05:00.000,2019-07-31 17:00:00.000,UTC,STATION:1506,41.51733,-90.56635,,,,Transceiver,VR2TX,NOT USED,A69-1601-62689,,,,,STATION,"1506",POINT (-90.56635 41.51733),"Sync tag mounted here (1601-65085)|Added this deploy record for RAFT format, Sync tag mounted here (1601-65085)"
"2025-03-12",TRANSMITTER,USGS,UMESCUMR,"1506-VR2TX-480689-A69-1601-62689-2019-09-10T17",2019-09-10 17:05:00.000,2019-12-03 18:00:00.000,UTC,STATION:1506,41.51733,-90.56635,,,,Transceiver,VR2TX,NOT USED,A69-1601-62689,,,,,STATION,"1506",POINT (-90.56635 41.51733),"Sync tag mounted here (1601-65085)|Added this deploy record for RAFT format, Sync tag mounted here (1601-65085)"
"2025-03-12",TRANSMITTER,USGS,UMESCUMR,"1506-VR2TX-480689-A69-1601-62689-2019-12-03T18",2019-12-03 18:05:00.000,2020-06-17 17:00:00.000,UTC,STATION:1506,41.51733,-90.56635,,,,Transceiver,VR2TX,NOT USED,A69-1601-62689,,,,,STATION,"1506",POINT (-90.56635 41.51733),"New battery. Sync tag mounted here (1601-65085)|Added this deploy record for RAFT format, New battery. Sync tag mounted here (1601-65085)"
"2025-03-12",TRANSMITTER,USGS,UMESCUMR,"1506-VR2TX-480689-A69-1601-62689-2020-06-17T17",2020-06-17 17:05:00.000,2020-12-18 19:48:00.000,UTC,STATION:1506,41.51733,-90.56635,,,,Transceiver,VR2TX,NOT USED,A69-1601-62689,,,,,STATION,"1506",POINT (-90.56635 41.51733),|Added this deploy record for RAFT format
"2025-03-12",TRANSMITTER,USGS,UMESCUMR,"1506-VR2TX-480689-A69-1601-62689-2021-06-29T19",2021-06-29 19:17:00.000,2021-12-07 21:10:00.000,UTC,STATION:1506,41.51733,-90.56635,,,,Transceiver,VR2TX,NOT USED,A69-1601-62689,,,,,STATION,"1506",POINT (-90.56635 41.51733),"updated firmware to 5.1.8|Added this deploy record for RAFT format, updated firmware to 5.1.8"
"2025-03-12",TRANSMITTER,USGS,UMESCUMR,"1506-VR2TX-480689-A69-1601-62689-2021-12-07T21",2021-12-07 21:15:00.000,2022-05-27 14:20:00.000,UTC,STATION:1506,41.51733,-90.56635,,,2.0,Transceiver,VR2TX,NOT USED,A69-1601-62689,,,,,STATION,"1506",POINT (-90.56635 41.51733),"Battery 35%|Added this deploy record for RAFT format, Battery 35%"
"2025-03-12",TRANSMITTER,USGS,UMESCUMR,"1506-VR2TX-480689-A69-1601-62689-2022-05-27T14",2022-05-27 14:25:00.000,2022-08-10 16:55:00.000,UTC,STATION:1506,41.51733,-90.56635,,,2.2,Transceiver,VR2TX,NOT USED,A69-1601-62689,,,,,STATION,"1506",POINT (-90.56635 41.51733),"New battery; firmware updated to 5.2.2|Added this deploy record for RAFT format, New battery; firmware updated to 5.2.2"
"2025-03-12",TRANSMITTER,USGS,UMESCUMR,"1510-VR2TX-480693-A69-1601-62693-2019-06-28T17",2019-06-28 17:05:00.000,2019-07-31 17:00:00.000,UTC,STATION:1510,41.51678,-90.56672,,,,Transceiver,VR2TX,NOT USED,A69-1601-62693,,,,,STATION,"1510",POINT (-90.56672 41.51678),|Added this deploy record for RAFT format
"2025-03-12",TRANSMITTER,USGS,UMESCUMR,"1507-VR2TX-480690-A69-1601-62690-2019-06-28T17",2019-06-28 17:05:00.000,2019-07-31 17:00:00.000,UTC,STATION:1507,41.51783,-90.56539,,,,Transceiver,VR2TX,NOT USED,A69-1601-62690,,,,,STATION,"1507",POINT (-90.56539 41.51783),|Added this deploy record for RAFT format
"2025-03-12",TRANSMITTER,USGS,UMESCUMR,"1507-VR2TX-480690-A69-1601-62690-2019-07-31T17",2019-07-31 17:05:00.000,2019-09-10 17:00:00.000,UTC,STATION:1507,41.51783,-90.56539,,,,Transceiver,VR2TX,NOT USED,A69-1601-62690,,,,,STATION,"1507",POINT (-90.56539 41.51783),|Added this deploy record for RAFT format
"2025-03-12",TRANSMITTER,USGS,UMESCUMR,"1506-VR2TX-480689-A69-1601-62689-2019-07-31T17",2019-07-31 17:05:00.000,2019-09-10 17:00:00.000,UTC,STATION:1506,41.51733,-90.56635,,,,Transceiver,VR2TX,NOT USED,A69-1601-62689,,,,,STATION,"1506",POINT (-90.56635 41.51733),"Sync tag mounted here (1601-65085)|Added this deploy record for RAFT format, Sync tag mounted here (1601-65085)"
"2025-03-12",TRANSMITTER,USGS,UMESCUMR,"1506-VR2TX-480689-A69-1601-62689-2020-12-18T19",2020-12-18 19:53:00.000,2021-05-25 14:04:00.000,UTC,STATION:1506,41.51733,-90.56635,,,1.8,Transceiver,VR2TX,NOT USED,A69-1601-62689,,,,,STATION,"1506",POINT (-90.56635 41.51733),"Replaced rope with coated cable|Added this deploy record for RAFT format, Replaced rope with coated cable"
"2025-03-12",TRANSMITTER,USGS,UMESCUMR,"1506-VR2TX-480689-A69-1601-62689-2022-08-10T17",2022-08-10 17:00:00.000,2022-11-22 16:00:00.000,UTC,STATION:1506,41.51733,-90.56635,,,,Transceiver,VR2TX,NOT USED,A69-1601-62689,,,,,STATION,"1506",POINT (-90.56635 41.51733),"Battery 80%|Added this deploy record for RAFT format, Battery 80%"
"2025-03-12",TRANSMITTER,USGS,UMESCUMR,"1507-VR2TX-480690-A69-1601-62690-2020-12-03T17",2020-12-03 17:55:00.000,2020-12-18 20:02:00.000,UTC,STATION:1507,41.51783,-90.56539,,,,Transceiver,VR2TX,NOT USED,A69-1601-62690,,,,,STATION,"1507",POINT (-90.56539 41.51783),Replaced battery
"2025-03-12",TRANSMITTER,USGS,UMESCUMR,"1508-VR2TX-480691-A69-1601-62691-2019-04-02T17",2019-04-02 17:00:00.000,2019-06-28 17:00:00.000,UTC,STATION:1508,41.51767,-90.56515,,,,Transceiver,VR2TX,NOT USED,A69-1601-62691,,,,,STATION,"1508",POINT (-90.56515 41.51767),Transmitting low power 10min fixed
"2025-03-12",TRANSMITTER,USGS,UMESCUMR,"1508-VR2TX-480691-A69-1601-62691-2020-12-03T17",2020-12-03 17:41:00.000,2020-12-18 20:23:00.000,UTC,STATION:1508,41.51767,-90.56515,,,,Transceiver,VR2TX,NOT USED,A69-1601-62691,,,,,STATION,"1508",POINT (-90.56515 41.51767),Replaced battery
"2025-03-12",TRANSMITTER,USGS,UMESCUMR,"1508-VR2TX-487143-A69-1601-62034-2022-11-22T15",2022-11-22 15:15:00.000,2023-07-11 22:20:00.000,UTC,STATION:1508,41.51767,-90.56515,,1.0,1.0,Transceiver,VR2TX,NOT USED,A69-1601-62034,,,,,STATION,"1508",POINT (-90.56515 41.51767),"Replaced 480691, Battery replaced, updated firmware to 6.0.0"
"2025-03-12",TRANSMITTER,USGS,UMESCUMR,"1509-VR2TX-480692-A69-1601-62692-2019-04-02T17",2019-04-02 17:00:00.000,2019-06-28 17:00:00.000,UTC,STATION:1509,41.51723,-90.56591,,,,Transceiver,VR2TX,NOT USED,A69-1601-62692,,,,,STATION,"1509",POINT (-90.56591 41.51723),Transmitting low power 10min fixed
"2025-03-12",TRANSMITTER,USGS,UMESCUMR,"1510-VR2TX-480693-A69-1601-62693-2019-04-02T17",2019-04-02 17:00:00.000,2019-06-28 17:00:00.000,UTC,STATION:1510,41.51678,-90.56672,,,,Transceiver,VR2TX,NOT USED,A69-1601-62693,,,,,STATION,"1510",POINT (-90.56672 41.51678),Transmitting low power 10min fixed
"2025-03-12",TRANSMITTER,USGS,UMESCUMR,"1507-VR2TX-480690-A69-1601-62690-2020-12-18T20",2020-12-18 20:07:00.000,2021-05-25 13:54:00.000,UTC,STATION:1507,41.51783,-90.56539,,,1.8,Transceiver,VR2TX,NOT USED,A69-1601-62690,,,,,STATION,"1507",POINT (-90.56539 41.51783),"Moved receiver to L14|Added this deploy record for RAFT format, Moved receiver to L14"
"2025-03-12",TRANSMITTER,USGS,UMESCUMR,"1508-VR2TX-480691-A69-1601-62691-2019-06-28T17",2019-06-28 17:05:00.000,2019-07-31 17:00:00.000,UTC,STATION:1508,41.51767,-90.56515,,,,Transceiver,VR2TX,NOT USED,A69-1601-62691,,,,,STATION,"1508",POINT (-90.56515 41.51767),|Added this deploy record for RAFT format
"2025-03-12",TRANSMITTER,USGS,UMESCUMR,"1508-VR2TX-480691-A69-1601-62691-2019-07-31T17",2019-07-31 17:05:00.000,2019-09-10 17:00:00.000,UTC,STATION:1508,41.51767,-90.56515,,,,Transceiver,VR2TX,NOT USED,A69-1601-62691,,,,,STATION,"1508",POINT (-90.56515 41.51767),|Added this deploy record for RAFT format
"2025-03-12",TRANSMITTER,USGS,UMESCUMR,"1508-VR2TX-480691-A69-1601-62691-2019-12-03T18",2019-12-03 18:05:00.000,2020-06-17 17:00:00.000,UTC,STATION:1508,41.51767,-90.56515,,,,Transceiver,VR2TX,NOT USED,A69-1601-62691,,,,,STATION,"1508",POINT (-90.56515 41.51767),"New battery|Added this deploy record for RAFT format, New battery"
"2025-03-12",TRANSMITTER,USGS,UMESCUMR,"1508-VR2TX-480691-A69-1601-62691-2020-12-18T20",2020-12-18 20:28:00.000,2021-06-29 20:18:00.000,UTC,STATION:1508,41.51767,-90.56515,,,,Transceiver,VR2TX,NOT USED,A69-1601-62691,,,,,STATION,"1508",POINT (-90.56515 41.51767),"Recovered from bottom of ladder well! Battery replaced, updated firmware to 5.1.8|Added this deploy record for RAFT format, Recovered from bottom of ladder well! Battery replaced, updated firmware to 5.1.8"
"2025-03-12",TRANSMITTER,USGS,UMESCUMR,"1508-VR2TX-480691-A69-1601-62691-2021-06-29T20",2021-06-29 20:23:00.000,2021-12-07 21:38:00.000,UTC,STATION:1508,41.51767,-90.56515,,,,Transceiver,VR2TX,NOT USED,A69-1601-62691,,,,,STATION,"1508",POINT (-90.56515 41.51767),|Added this deploy record for RAFT format
"2025-03-12",TRANSMITTER,USGS,UMESCUMR,"1508-VR2TX-480691-A69-1601-62691-2021-12-07T21",2021-12-07 21:43:00.000,2022-05-27 14:05:00.000,UTC,STATION:1508,41.51767,-90.56515,,,,Transceiver,VR2TX,NOT USED,A69-1601-62691,,,,,STATION,"1508",POINT (-90.56515 41.51767),"Battery 35%, Sync tag ON|Added this deploy record for RAFT format, Battery 35%, Sync tag ON"
"2025-03-12",TRANSMITTER,USGS,UMESCUMR,"1508-VR2TX-480691-A69-1601-62691-2022-05-27T14",2022-05-27 14:10:00.000,2022-08-10 16:40:00.000,UTC,STATION:1508,41.51767,-90.56515,,,1.5,Transceiver,VR2TX,NOT USED,A69-1601-62691,,,,,STATION,"1508",POINT (-90.56515 41.51767),"New battery; firmware updated to 5.2.2|Added this deploy record for RAFT format, New battery; firmware updated to 5.2.2"
"2025-03-12",TRANSMITTER,USGS,UMESCUMR,"1509-VR2TX-480692-A69-1601-62692-2019-06-28T17",2019-06-28 17:05:00.000,2019-07-31 17:00:00.000,UTC,STATION:1509,41.51723,-90.56591,,,,Transceiver,VR2TX,NOT USED,A69-1601-62692,,,,,STATION,"1509",POINT (-90.56591 41.51723),|Added this deploy record for RAFT format
"2025-03-12",TRANSMITTER,USGS,UMESCUMR,"1509-VR2TX-480692-A69-1601-62692-2019-09-10T17",2019-09-10 17:05:00.000,2019-12-03 18:00:00.000,UTC,STATION:1509,41.51723,-90.56591,,,,Transceiver,VR2TX,NOT USED,A69-1601-62692,,,,,STATION,"1509",POINT (-90.56591 41.51723),|Added this deploy record for RAFT format
"2025-03-12",TRANSMITTER,USGS,UMESCUMR,"1509-VR2TX-480692-A69-1601-62692-2019-12-03T18",2019-12-03 18:05:00.000,2020-06-17 17:00:00.000,UTC,STATION:1509,41.51723,-90.56591,,,,Transceiver,VR2TX,NOT USED,A69-1601-62692,,,,,STATION,"1509",POINT (-90.56591 41.51723),"New battery|Added this deploy record for RAFT format, New battery"
"2025-03-12",TRANSMITTER,USGS,UMESCUMR,"1509-VR2TX-480692-A69-1601-62692-2020-06-17T17",2020-06-17 17:05:00.000,2020-12-03 17:30:00.000,UTC,STATION:1509,41.51723,-90.56591,,,,Transceiver,VR2TX,NOT USED,A69-1601-62692,,,,,STATION,"1509",POINT (-90.56591 41.51723),|Added this deploy record for RAFT format
"2025-03-12",TRANSMITTER,USGS,UMESCUMR,"1508-VR2TX-487143-A69-1601-62034-2023-07-11T22",2023-07-11 22:25:00.000,2023-11-01 22:30:00.000,UTC,STATION:1508,41.51767,-90.56515,,1.0,1.0,Transceiver,VR2TX,NOT USED,A69-1601-62034,,,,,STATION,"1508",POINT (-90.56515 41.51767),|Added this deploy record for RAFT format
"2025-03-12",TRANSMITTER,USGS,UMESCUMR,"1508-VR2TX-480691-A69-1601-62691-2019-09-10T17",2019-09-10 17:05:00.000,2019-12-03 18:00:00.000,UTC,STATION:1508,41.51767,-90.56515,,,,Transceiver,VR2TX,NOT USED,A69-1601-62691,,,,,STATION,"1508",POINT (-90.56515 41.51767),"Offloaded twice, 1st by Dan, 2nd time by Amanda to update firmware; so files have same name from each computer- resolved by changing one vrl file name|Added this deploy record for RAFT format, Offloaded twice, 1st by Dan, 2nd time by Amanda to update firmware; so files have same name from each computer- resolved by changing one vrl file name"
"2025-03-12",TRANSMITTER,USGS,UMESCUMR,"1508-VR2TX-480691-A69-1601-62691-2022-08-10T16",2022-08-10 16:45:00.000,2022-11-22 15:14:00.000,UTC,STATION:1508,41.51767,-90.56515,,1.0,1.0,Transceiver,VR2TX,NOT USED,A69-1601-62691,,,,,STATION,"1508",POINT (-90.56515 41.51767),"Dead battery, removed|Added this deploy record for RAFT format, Dead battery, removed"
"2025-03-12",TRANSMITTER,USGS,UMESCUMR,"1509-VR2TX-480692-A69-1601-62692-2020-12-03T17",2020-12-03 17:35:00.000,2021-05-25 16:08:00.000,UTC,STATION:1509,41.51723,-90.56591,,,2.1,Transceiver,VR2TX,NOT USED,A69-1601-62692,,,,,STATION,"1509",POINT (-90.56591 41.51723),"Moved receiver to L14|Added this deploy record for RAFT format, Moved receiver to L14"
"2025-03-12",TRANSMITTER,USGS,UMESCUMR,"1511-VR2TX-480694-A69-1601-62694-2019-04-02T17",2019-04-02 17:00:00.000,2019-06-28 17:00:00.000,UTC,STATION:1511,41.51636,-90.56751,,,,Transceiver,VR2TX,NOT USED,A69-1601-62694,,,,,STATION,"1511",POINT (-90.56751 41.51636),Transmitting low power 10min fixed
"2025-03-12",TRANSMITTER,USGS,UMESCUMR,"1511-VR2TX-482137-A69-1601-62137-2020-06-17T17",2020-06-17 17:00:00.000,2020-12-03 17:18:00.000,UTC,STATION:1511,41.51636,-90.56751,,,,Transceiver,VR2TX,NOT USED,A69-1601-62137,,,,,STATION,"1511",POINT (-90.56751 41.51636),"Deployed to replace 480694, which was removed for construction and is missing, but last heard in array on 12/11/2019."
"2025-03-12",TRANSMITTER,USGS,UMESCUMR,"1511-VR2TX-482137-A69-1601-62137-2021-05-25T16",2021-05-25 16:20:00.000,2021-06-12 17:00:00.000,UTC,STATION:1511,41.51592,-90.5683,,,,Transceiver,VR2TX,NOT USED,A69-1601-62137,,,,,STATION,"1511",POINT (-90.5683 41.51592),"Moved to furthest ladder well downstream, Added remove and deploy dates based on stage height of 5.9 ft when the receiver is out of the water"
"2025-03-12",TRANSMITTER,USGS,UMESCUMR,"1511-VR2TX-482137-A69-1601-62137-2021-06-28T17",2021-06-28 17:00:00.000,2021-06-29 19:32:00.000,UTC,STATION:1511,41.51592,-90.5683,,,,Transceiver,VR2TX,NOT USED,A69-1601-62137,,,,,STATION,"1511",POINT (-90.5683 41.51592),"Added remove and deploy dates based on stage height of 5.9 ft when the receiver is out of the water, Battery replaced, updated firmware to 5.1.8"
"2025-03-12",TRANSMITTER,USGS,UMESCUMR,"365B2-VR2TX-480710-A69-1601-62710-2018-07-12T17",2018-07-12 17:05:00.000,2018-08-02 17:00:00.000,UTC,STATION:365B2,40.40346,-91.36588,,4.3,3.7,Transceiver,VR2TX,NOT USED,A69-1601-62710,,,,,STATION,"365B2",POINT (-91.36588 40.40346),|Added this deploy record for RAFT format
"2025-03-12",TRANSMITTER,USGS,UMESCUMR,"1511-VR2TX-482137-A69-1601-62137-2021-07-31T17",2021-07-31 17:00:00.000,2021-08-04 17:00:00.000,UTC,STATION:1511,41.51592,-90.5683,,,,Transceiver,VR2TX,NOT USED,A69-1601-62137,,,,,STATION,"1511",POINT (-90.5683 41.51592),"Added remove and deploy dates based on stage height of 5.9 ft when the receiver is out of the water, Added remove and deploy dates based on stage height of 5.9 ft when the receiver is out of the water"
"2025-03-12",TRANSMITTER,USGS,UMESCUMR,"1511-VR2TX-482137-A69-1601-62137-2021-08-12T17",2021-08-12 17:00:00.000,2021-08-21 17:00:00.000,UTC,STATION:1511,41.51592,-90.5683,,,,Transceiver,VR2TX,NOT USED,A69-1601-62137,,,,,STATION,"1511",POINT (-90.5683 41.51592),"Added remove and deploy dates based on stage height of 5.9 ft when the receiver is out of the water, Added remove and deploy dates based on stage height of 5.9 ft when the receiver is out of the water"
"2025-03-12",TRANSMITTER,USGS,UMESCUMR,"1511-VR2TX-482137-A69-1601-62137-2021-08-30T17",2021-08-30 17:00:00.000,2021-09-10 17:00:00.000,UTC,STATION:1511,41.51592,-90.5683,,,,Transceiver,VR2TX,NOT USED,A69-1601-62137,,,,,STATION,"1511",POINT (-90.5683 41.51592),"Added remove and deploy dates based on stage height of 5.9 ft when the receiver is out of the water, Added remove and deploy dates based on stage height of 5.9 ft when the receiver is out of the water"
"2025-03-12",TRANSMITTER,USGS,UMESCUMR,"1510-VR2TX-480693-A69-1601-62693-2020-06-17T17",2020-06-17 17:05:00.000,2020-12-03 17:23:00.000,UTC,STATION:1510,41.51678,-90.56672,,,,Transceiver,VR2TX,NOT USED,A69-1601-62693,,,,,STATION,"1510",POINT (-90.56672 41.51678),|Added this deploy record for RAFT format
"2025-03-12",TRANSMITTER,USGS,UMESCUMR,"1510-VR2TX-480693-A69-1601-62693-2021-06-29T19",2021-06-29 19:49:00.000,2021-12-07 21:05:00.000,UTC,STATION:1510,41.51678,-90.56672,,,,Transceiver,VR2TX,NOT USED,A69-1601-62693,,,,,STATION,"1510",POINT (-90.56672 41.51678),|Added this deploy record for RAFT format
"2025-03-12",TRANSMITTER,USGS,UMESCUMR,"1510-VR2TX-480693-A69-1601-62693-2021-12-07T21",2021-12-07 21:10:00.000,2022-05-27 13:59:00.000,UTC,STATION:1510,41.51678,-90.56672,,,2.1,Transceiver,VR2TX,NOT USED,A69-1601-62693,,,,,STATION,"1510",POINT (-90.56672 41.51678),"Battery 35%, Sync tag ON|Added this deploy record for RAFT format, Battery 35%, Sync tag ON"
"2025-03-12",TRANSMITTER,USGS,UMESCUMR,"1510-VR2TX-480693-A69-1601-62693-2022-05-27T14",2022-05-27 14:04:00.000,2022-08-10 17:31:00.000,UTC,STATION:1510,41.51678,-90.56672,,,2.0,Transceiver,VR2TX,NOT USED,A69-1601-62693,,,,,STATION,"1510",POINT (-90.56672 41.51678),"New battery; firmware updated to 5.2.2|Added this deploy record for RAFT format, New battery; firmware updated to 5.2.2"
"2025-03-12",TRANSMITTER,USGS,UMESCUMR,"1510-VR2TX-480693-A69-1601-62693-2022-08-10T17",2022-08-10 17:36:00.000,2022-11-22 14:45:00.000,UTC,STATION:1510,41.51678,-90.56672,,1.0,1.0,Transceiver,VR2TX,NOT USED,A69-1601-62693,,,,,STATION,"1510",POINT (-90.56672 41.51678),"Battery 80%,|Added this deploy record for RAFT format, Battery 80%,"
"2025-03-12",TRANSMITTER,USGS,UMESCUMR,"1510-VR2TX-480693-A69-1601-62693-2023-07-11T22",2023-07-11 22:05:00.000,2023-11-01 22:46:00.000,UTC,STATION:1510,41.51678,-90.56672,,1.0,1.0,Transceiver,VR2TX,NOT USED,A69-1601-62693,,,,,STATION,"1510",POINT (-90.56672 41.51678),|Added this deploy record for RAFT format
"2025-03-12",TRANSMITTER,USGS,UMESCUMR,"1511-VR2TX-480694-A69-1601-62694-2019-07-31T17",2019-07-31 17:05:00.000,2019-09-10 17:00:00.000,UTC,STATION:1511,41.51636,-90.56751,,,,Transceiver,VR2TX,NOT USED,A69-1601-62694,,,,,STATION,"1511",POINT (-90.56751 41.51636),|Added this deploy record for RAFT format
"2025-03-12",TRANSMITTER,USGS,UMESCUMR,"1511-VR2TX-480694-A69-1601-62694-2019-09-10T17",2019-09-10 17:05:00.000,2019-12-03 18:00:00.000,UTC,STATION:1511,41.51636,-90.56751,,,,Transceiver,VR2TX,NOT USED,A69-1601-62694,,,,,STATION,"1511",POINT (-90.56751 41.51636),|Added this deploy record for RAFT format
"2025-03-12",TRANSMITTER,USGS,UMESCUMR,"1511-VR2TX-482137-A69-1601-62137-2020-12-03T17",2020-12-03 17:23:00.000,2021-05-25 15:45:00.000,UTC,STATION:1511,41.51636,-90.56751,,,1.0,Transceiver,VR2TX,NOT USED,A69-1601-62137,,,,,STATION,"1511",POINT (-90.56751 41.51636),"Moved to furthest ladder well downstream|Added this deploy record for RAFT format, Moved to furthest ladder well downstream"
"2025-03-12",TRANSMITTER,USGS,UMESCUMR,"365B1-VR2TX-480689-A69-1601-62689-2018-03-13T17",2018-03-13 17:05:00.000,2018-06-07 17:00:00.000,UTC,STATION:365B1,40.40271,-91.36325,,1.5,0.9,Transceiver,VR2TX,NOT USED,A69-1601-62689,,,,,STATION,"365B1",POINT (-91.36325 40.40271),|Added this deploy record for RAFT format
"2025-03-12",TRANSMITTER,USGS,UMESCUMR,"1510-VR2TX-480693-A69-1601-62693-2019-07-31T17",2019-07-31 17:05:00.000,2019-09-10 17:00:00.000,UTC,STATION:1510,41.51678,-90.56672,,,,Transceiver,VR2TX,NOT USED,A69-1601-62693,,,,,STATION,"1510",POINT (-90.56672 41.51678),|Added this deploy record for RAFT format
"2025-03-12",TRANSMITTER,USGS,UMESCUMR,"1510-VR2TX-480693-A69-1601-62693-2021-05-25T15",2021-05-25 15:43:00.000,2021-06-29 19:44:00.000,UTC,STATION:1510,41.51678,-90.56672,,,,Transceiver,VR2TX,NOT USED,A69-1601-62693,,,,,STATION,"1510",POINT (-90.56672 41.51678),"Battery replaced, updated firmware to 5.1.8|Added this deploy record for RAFT format, Battery replaced, updated firmware to 5.1.8"
"2025-03-12",TRANSMITTER,USGS,UMESCUMR,"1510-VR2TX-480693-A69-1601-62693-2022-11-22T14",2022-11-22 14:50:00.000,2023-07-11 22:00:00.000,UTC,STATION:1510,41.51678,-90.56672,,1.0,1.0,Transceiver,VR2TX,NOT USED,A69-1601-62693,,,,,STATION,"1510",POINT (-90.56672 41.51678),"Battery replaced, updated firmware to 6.0.0|Added this deploy record for RAFT format, Battery replaced, updated firmware to 6.0.0"
"2025-03-12",TRANSMITTER,USGS,UMESCUMR,"1511-VR2TX-482137-A69-1601-62137-2021-11-14T18",2021-11-14 18:00:00.000,2021-11-25 18:00:00.000,UTC,STATION:1511,41.51592,-90.5683,,,,Transceiver,VR2TX,NOT USED,A69-1601-62137,,,,,STATION,"1511",POINT (-90.5683 41.51592),"Added remove and deploy dates based on stage height of 5.9 ft when the receiver is out of the water, Receiver was out of the water by ~2ft, looked at detections file to see when it was out of water and adjust for a remove/deploy date. Determined that 11/26 is when it came out of the water (used last detection)"
"2025-03-12",TRANSMITTER,USGS,UMESCUMR,"1511-VR2TX-482137-A69-1601-62137-2021-11-25T18",2021-11-25 18:05:00.000,2021-12-07 20:48:00.000,UTC,STATION:1511,41.51592,-90.5683,,,,Transceiver,VR2TX,NOT USED,A69-1601-62137,,,,,STATION,"1511",POINT (-90.5683 41.51592),"Receiver was out of the water by ~2ft, can look at events file and see when it was out and adjust for a remove/deploy date. Determined that 11/25 is when it came out of the water"
"2025-03-12",TRANSMITTER,USGS,UMESCUMR,"1511-VR2TX-482137-A69-1601-62137-2021-12-08T17",2021-12-08 17:00:00.000,2022-05-27 13:49:00.000,UTC,STATION:1511,41.51636,-90.56751,,,2.1,Transceiver,VR2TX,NOT USED,A69-1601-62137,,,,,STATION,"1511",POINT (-90.56751 41.51636),"Receiver was out of the water by ~2ft, looked at detections file to see when it was out of water and adjust for a remove/deploy date. Determined that 11/26 is when it came out of the water (used last detection), Battery 35%, Sync tag ON"
"2025-03-12",TRANSMITTER,USGS,UMESCUMR,"1511-VR2TX-487152-A69-1601-62043-2023-07-11T21",2023-07-11 21:50:00.000,2023-11-01 22:39:00.000,UTC,STATION:1511,41.51636,-90.56751,,1.0,1.0,Transceiver,VR2TX,NOT USED,A69-1601-62043,,,,,STATION,"1511",POINT (-90.56751 41.51636),"Replacement for station 1511, new battery, firmware updated to 6.0.0, Changed the station name on the receiver from 15 S Wall End DS back to 1511"
"2025-03-12",TRANSMITTER,USGS,UMESCUMR,"365B2-VR2TX-480710-A69-1601-62710-2018-08-02T17",2018-08-02 17:05:00.000,2018-09-13 17:00:00.000,UTC,STATION:365B2,40.40346,-91.36588,,4.3,3.7,Transceiver,VR2TX,NOT USED,A69-1601-62710,,,,,STATION,"365B2",POINT (-91.36588 40.40346),|Added this deploy record for RAFT format
"2025-03-12",TRANSMITTER,USGS,UMESCUMR,"1513-VR2TX-480679-A69-1601-62679-2020-06-17T17",2020-06-17 17:00:00.000,2020-12-03 18:24:00.000,UTC,STATION:1513,41.51774,-90.56636,,,,Transceiver,VR2TX,NOT USED,A69-1601-62679,,,,,STATION,"1513",POINT (-90.56636 41.51774),Added to downstream aux approach in last open ladder well; transmitter enabled @ low power 10 min fixed
"2025-03-12",TRANSMITTER,USGS,UMESCUMR,"1514-VR2TX-481294-A69-1601-63294-2020-06-17T17",2020-06-17 17:00:00.000,2020-12-03 18:50:00.000,UTC,STATION:1514,41.51891,-90.56448,,,,Transceiver,VR2TX,NOT USED,A69-1601-63294,,,,,STATION,"1514",POINT (-90.56448 41.51891),Added to outside of river wall above dam; transmitter disabled
"2025-03-12",TRANSMITTER,USGS,UMESCUMR,"365B1-VR2TX-480689-A69-1601-62689-2017-05-03T17",2017-05-03 17:00:00.000,2017-05-23 17:00:00.000,UTC,STATION:365B1,40.40258,-91.36308,,1.5,0.9,Transceiver,VR2TX,NOT USED,A69-1601-62689,,,,,STATION,"365B1",POINT (-91.36308 40.40258),""
"2025-03-12",TRANSMITTER,USGS,UMESCUMR,"365B1-VR2TX-480689-A69-1601-62689-2017-06-14T17",2017-06-14 17:05:00.000,2017-06-28 17:00:00.000,UTC,STATION:365B1,40.40258,-91.36308,,1.8,1.2,Transceiver,VR2TX,NOT USED,A69-1601-62689,,,,,STATION,"365B1",POINT (-91.36308 40.40258),|Added this deploy record for RAFT format
"2025-03-12",TRANSMITTER,USGS,UMESCUMR,"365B1-VR2TX-480689-A69-1601-62689-2017-07-12T17",2017-07-12 17:05:00.000,2017-08-24 17:00:00.000,UTC,STATION:365B1,40.40251,-91.36304,,1.8,1.2,Transceiver,VR2TX,NOT USED,A69-1601-62689,,,,,STATION,"365B1",POINT (-91.36304 40.40251),|Added this deploy record for RAFT format
"2025-03-12",TRANSMITTER,USGS,UMESCUMR,"365B1-VR2TX-480689-A69-1601-62689-2017-08-24T17",2017-08-24 17:05:00.000,2017-11-14 18:00:00.000,UTC,STATION:365B1,40.40269,-91.36355,,2.1,1.5,Transceiver,VR2TX,NOT USED,A69-1601-62689,,,,,STATION,"365B1",POINT (-91.36355 40.40269),|Added this deploy record for RAFT format
"2025-03-12",TRANSMITTER,USGS,UMESCUMR,"365B1-VR2TX-480689-A69-1601-62689-2017-11-14T18",2017-11-14 18:05:00.000,2018-03-13 17:00:00.000,UTC,STATION:365B1,40.40269,-91.36355,,2.1,1.5,Transceiver,VR2TX,NOT USED,A69-1601-62689,,,,,STATION,"365B1",POINT (-91.36355 40.40269),|Added this deploy record for RAFT format
"2025-03-12",TRANSMITTER,USGS,UMESCUMR,"1513-VR2TX-480679-A69-1601-62679-2020-12-03T18",2020-12-03 18:29:00.000,2021-05-25 13:29:00.000,UTC,STATION:1513,41.51774,-90.56636,,,1.8,Transceiver,VR2TX,NOT USED,A69-1601-62679,,,,,STATION,"1513",POINT (-90.56636 41.51774),"Moved receiver to L14|Added this deploy record for RAFT format, Moved receiver to L14"
"2025-03-12",TRANSMITTER,USGS,UMESCUMR,"365B1-VR2TX-480689-A69-1601-62689-2017-06-28T17",2017-06-28 17:05:00.000,2017-07-12 17:00:00.000,UTC,STATION:365B1,40.40258,-91.36308,,1.8,1.2,Transceiver,VR2TX,NOT USED,A69-1601-62689,,,,,STATION,"365B1",POINT (-91.36308 40.40258),|Added this deploy record for RAFT format
"2025-03-12",TRANSMITTER,USGS,UMESCUMR,"1514-VR2TX-481294-A69-1601-63294-2021-06-29T19",2021-06-29 19:45:00.000,2022-05-27 14:47:00.000,UTC,STATION:1514,41.51891,-90.56448,,,0.8,Transceiver,VR2TX,NOT USED,A69-1601-63294,,,,,STATION,"1514",POINT (-90.56448 41.51891),"Battery 35%, Sync disabled; Last study start 6/29/21; Firmware was 5.1.4, not updated to 5.1.8 last Dec. Was also not offloaded last Dec. So updated firmware to 5.2.2. No other receivers got 5.2.2 update.|Added this deploy record for RAFT format, Battery 35%, Sync disabled; Last study start 6/29/21; Firmware was 5.1.4, not updated to 5.1.8 last Dec. Was also not offloaded last Dec. So updated firmware to 5.2.2. No other receivers got 5.2.2 update."
"2025-03-12",TRANSMITTER,USGS,UMESCUMR,"1511-VR2TX-482137-A69-1601-62137-2022-05-27T13",2022-05-27 13:54:00.000,2022-08-10 17:46:00.000,UTC,STATION:1511,41.51636,-90.56751,,,2.2,Transceiver,VR2TX,NOT USED,A69-1601-62137,,,,,STATION,"1511",POINT (-90.56751 41.51636),"New battery; firmware updated to 5.2.2; Needs new hose clamps and cable attached to 1st rung so rope can be removed or all new cable so receiver extends all the way to bottom|Added this deploy record for RAFT format, New battery; firmware updated to 5.2.2; Needs new hose clamps and cable attached to 1st rung so rope can be removed or all new cable so receiver extends all the way to bottom"
"2025-03-12",TRANSMITTER,USGS,UMESCUMR,"365B2-VR2TX-480710-A69-1601-62710-2017-05-03T17",2017-05-03 17:00:00.000,2017-05-23 17:00:00.000,UTC,STATION:365B2,40.40372,-91.36593,,4.3,3.7,Transceiver,VR2TX,NOT USED,A69-1601-62710,,,,,STATION,"365B2",POINT (-91.36593 40.40372),""
"2025-03-12",TRANSMITTER,USGS,UMESCUMR,"402B-VR2TX-480692-A69-1601-62692-2017-03-07T18",2017-03-07 18:00:00.000,2017-05-02 17:00:00.000,UTC,STATION:402B,40.78946,-91.07836,,,,Transceiver,VR2TX,NOT USED,A69-1601-62692,,,,,STATION,"402B",POINT (-91.07836 40.78946),""
"2025-03-12",TRANSMITTER,USGS,UMESCUMR,"365B1-VR2TX-480689-A69-1601-62689-2018-08-02T17",2018-08-02 17:05:00.000,2018-09-13 17:00:00.000,UTC,STATION:365B1,40.40268,-91.36329,,1.5,0.9,Transceiver,VR2TX,NOT USED,A69-1601-62689,,,,,STATION,"365B1",POINT (-91.36329 40.40268),|Added this deploy record for RAFT format
"2025-03-12",TRANSMITTER,USGS,UMESCUMR,"365B1-VR2TX-480689-A69-1601-62689-2018-09-13T17",2018-09-13 17:05:00.000,2018-09-25 17:00:00.000,UTC,STATION:365B1,40.40268,-91.36329,,1.5,0.9,Transceiver,VR2TX,NOT USED,A69-1601-62689,,,,,STATION,"365B1",POINT (-91.36329 40.40268),|Added this deploy record for RAFT format
"2025-03-12",TRANSMITTER,USGS,UMESCUMR,"365B1-VR2TX-480689-A69-1601-62689-2018-09-25T17",2018-09-25 17:05:00.000,2018-10-04 17:00:00.000,UTC,STATION:365B1,40.40268,-91.36329,,1.5,0.9,Transceiver,VR2TX,NOT USED,A69-1601-62689,,,,,STATION,"365B1",POINT (-91.36329 40.40268),|Added this deploy record for RAFT format
"2025-03-12",TRANSMITTER,USGS,UMESCUMR,"365B2-VR2TX-480710-A69-1601-62710-2017-05-23T17",2017-05-23 17:05:00.000,2017-06-14 17:00:00.000,UTC,STATION:365B2,40.40372,-91.36593,,4.3,3.7,Transceiver,VR2TX,NOT USED,A69-1601-62710,,,,,STATION,"365B2",POINT (-91.36593 40.40372),|Added this deploy record for RAFT format
"2025-03-12",TRANSMITTER,USGS,UMESCUMR,"365B2-VR2TX-480710-A69-1601-62710-2017-06-28T17",2017-06-28 17:05:00.000,2017-07-12 17:00:00.000,UTC,STATION:365B2,40.40372,-91.36593,,4.3,3.7,Transceiver,VR2TX,NOT USED,A69-1601-62710,,,,,STATION,"365B2",POINT (-91.36593 40.40372),|Added this deploy record for RAFT format
"2025-03-12",TRANSMITTER,USGS,UMESCUMR,"402B-VR2TX-480692-A69-1601-62692-2017-05-02T17",2017-05-02 17:05:00.000,2017-05-23 17:00:00.000,UTC,STATION:402B,40.78946,-91.07836,,,,Transceiver,VR2TX,NOT USED,A69-1601-62692,,,,,STATION,"402B",POINT (-91.07836 40.78946),|Added this deploy record for RAFT format
"2025-03-12",TRANSMITTER,USGS,UMESCUMR,"365B2-VR2TX-480710-A69-1601-62710-2017-07-12T17",2017-07-12 17:05:00.000,2017-08-02 17:00:00.000,UTC,STATION:365B2,40.40372,-91.36593,,,,Transceiver,VR2TX,NOT USED,A69-1601-62710,,,,,STATION,"365B2",POINT (-91.36593 40.40372),|Added this deploy record for RAFT format
"2025-03-12",TRANSMITTER,USGS,UMESCUMR,"365B2-VR2TX-480710-A69-1601-62710-2017-08-02T17",2017-08-02 17:05:00.000,2017-11-14 18:00:00.000,UTC,STATION:365B2,40.40351,-91.36594,,4.3,3.7,Transceiver,VR2TX,NOT USED,A69-1601-62710,,,,,STATION,"365B2",POINT (-91.36594 40.40351),|Added this deploy record for RAFT format
"2025-03-12",TRANSMITTER,USGS,UMESCUMR,"365B2-VR2TX-480710-A69-1601-62710-2018-03-13T17",2018-03-13 17:05:00.000,2018-06-07 17:00:00.000,UTC,STATION:365B2,40.40332,-91.36576,,4.3,3.7,Transceiver,VR2TX,NOT USED,A69-1601-62710,,,,,STATION,"365B2",POINT (-91.36576 40.40332),|Added this deploy record for RAFT format
"2025-03-12",TRANSMITTER,USGS,UMESCUMR,"365B2-VR2TX-480710-A69-1601-62710-2018-06-07T17",2018-06-07 17:05:00.000,2018-07-12 17:00:00.000,UTC,STATION:365B2,40.40346,-91.36588,,4.3,3.7,Transceiver,VR2TX,NOT USED,A69-1601-62710,,,,,STATION,"365B2",POINT (-91.36588 40.40346),|Added this deploy record for RAFT format
"2025-03-12",TRANSMITTER,USGS,UMESCUMR,"365B2-VR2TX-480710-A69-1601-62710-2018-09-13T17",2018-09-13 17:05:00.000,2018-11-14 18:00:00.000,UTC,STATION:365B2,40.40346,-91.36588,,4.3,3.7,Transceiver,VR2TX,NOT USED,A69-1601-62710,,,,,STATION,"365B2",POINT (-91.36588 40.40346),|Added this deploy record for RAFT format
"2025-03-12",TRANSMITTER,USGS,UMESCUMR,"365B1-VR2TX-480689-A69-1601-62689-2018-07-12T17",2018-07-12 17:05:00.000,2018-08-02 17:00:00.000,UTC,STATION:365B1,40.40268,-91.36329,,1.5,0.9,Transceiver,VR2TX,NOT USED,A69-1601-62689,,,,,STATION,"365B1",POINT (-91.36329 40.40268),|Added this deploy record for RAFT format
"2025-03-12",TRANSMITTER,USGS,UMESCUMR,"365B2-VR2TX-480710-A69-1601-62710-2017-06-14T17",2017-06-14 17:05:00.000,2017-06-28 17:00:00.000,UTC,STATION:365B2,40.40372,-91.36593,,4.3,3.7,Transceiver,VR2TX,NOT USED,A69-1601-62710,,,,,STATION,"365B2",POINT (-91.36593 40.40372),|Added this deploy record for RAFT format
"2025-03-12",TRANSMITTER,USGS,UMESCUMR,"365B2-VR2TX-480710-A69-1601-62710-2017-11-14T18",2017-11-14 18:05:00.000,2018-03-13 17:00:00.000,UTC,STATION:365B2,40.40351,-91.36594,,4.3,3.7,Transceiver,VR2TX,NOT USED,A69-1601-62710,,,,,STATION,"365B2",POINT (-91.36594 40.40351),|Added this deploy record for RAFT format
"2025-03-12",TRANSMITTER,USGS,UMESCUMR,"402B2-VR2TX-480680-A69-1601-62680-2017-03-07T18",2017-03-07 18:00:00.000,2017-05-23 17:00:00.000,UTC,STATION:402B2,40.79247,-91.0803,,,,Transceiver,VR2TX,NOT USED,A69-1601-62680,,,,,STATION,"402B2",POINT (-91.0803 40.79247),""
"2025-03-12",TRANSMITTER,USGS,UMESCUMR,"402B2-VR2TX-480680-A69-1601-62680-2018-04-19T17",2018-04-19 17:00:00.000,2018-06-15 17:00:00.000,UTC,STATION:402B2,40.79258,-91.08042,,,,Transceiver,VR2TX,NOT USED,A69-1601-62680,,,,,STATION,"402B2",POINT (-91.08042 40.79258),""
"2025-03-12",TRANSMITTER,USGS,UMESCUMR,"402B3-VR2TX-480682-A69-1601-62682-2017-03-07T18",2017-03-07 18:00:00.000,2017-05-23 17:00:00.000,UTC,STATION:402B3,40.77629,-91.07277,,,,Transceiver,VR2TX,NOT USED,A69-1601-62682,,,,,STATION,"402B3",POINT (-91.07277 40.77629),""
"2025-03-12",TRANSMITTER,USGS,UMESCUMR,"402B3-VR2TX-480682-A69-1601-62682-2018-06-15T17",2018-06-15 17:00:00.000,2018-08-09 17:00:00.000,UTC,STATION:402B3,40.77629,-91.07277,,,,Transceiver,VR2TX,NOT USED,A69-1601-62682,,,,,STATION,"402B3",POINT (-91.07277 40.77629),Found ~229m downstream of original location. Deployed back at proper location and buoyed
"2025-03-12",TRANSMITTER,USGS,UMESCUMR,"411B-VR2TX-480694-A69-1601-62694-2017-05-08T17",2017-05-08 17:00:00.000,2017-05-24 17:00:00.000,UTC,STATION:411B,40.88734,-91.02709,,,,Transceiver,VR2TX,NOT USED,A69-1601-62694,,,,,STATION,"411B",POINT (-91.02709 40.88734),""
"2025-03-12",TRANSMITTER,USGS,UMESCUMR,"402B-VR2TX-480692-A69-1601-62692-2018-09-25T17",2018-09-25 17:05:00.000,2018-10-03 17:00:00.000,UTC,STATION:402B,40.78931,-91.07848,,,,Transceiver,VR2TX,NOT USED,A69-1601-62692,,,,,STATION,"402B",POINT (-91.07848 40.78931),|Added this deploy record for RAFT format
"2025-03-12",TRANSMITTER,USGS,UMESCUMR,"402B-VR2TX-480692-A69-1601-62692-2018-10-03T17",2018-10-03 17:05:00.000,2018-11-14 18:00:00.000,UTC,STATION:402B,40.78931,-91.07848,,,,Transceiver,VR2TX,NOT USED,A69-1601-62692,,,,,STATION,"402B",POINT (-91.07848 40.78931),|Added this deploy record for RAFT format
"2025-03-12",TRANSMITTER,USGS,UMESCUMR,"402B3-VR2TX-480682-A69-1601-62682-2017-06-14T17",2017-06-14 17:05:00.000,2017-06-27 17:00:00.000,UTC,STATION:402B3,40.77629,-91.07277,,,,Transceiver,VR2TX,NOT USED,A69-1601-62682,,,,,STATION,"402B3",POINT (-91.07277 40.77629),|Added this deploy record for RAFT format
"2025-03-12",TRANSMITTER,USGS,UMESCUMR,"402B3-VR2TX-480682-A69-1601-62682-2017-06-27T17",2017-06-27 17:05:00.000,2017-07-11 17:00:00.000,UTC,STATION:402B3,40.77629,-91.07277,,,,Transceiver,VR2TX,NOT USED,A69-1601-62682,,,,,STATION,"402B3",POINT (-91.07277 40.77629),|Added this deploy record for RAFT format
"2025-03-12",TRANSMITTER,USGS,UMESCUMR,"402B3-VR2TX-480682-A69-1601-62682-2017-07-11T17",2017-07-11 17:05:00.000,2017-08-01 17:00:00.000,UTC,STATION:402B3,40.77629,-91.07277,,,,Transceiver,VR2TX,NOT USED,A69-1601-62682,,,,,STATION,"402B3",POINT (-91.07277 40.77629),|Added this deploy record for RAFT format
"2025-03-12",TRANSMITTER,USGS,UMESCUMR,"402B3-VR2TX-480682-A69-1601-62682-2017-08-24T17",2017-08-24 17:05:00.000,2017-10-24 17:00:00.000,UTC,STATION:402B3,40.77629,-91.07277,,,,Transceiver,VR2TX,NOT USED,A69-1601-62682,,,,,STATION,"402B3",POINT (-91.07277 40.77629),|Added this deploy record for RAFT format
"2025-03-12",TRANSMITTER,USGS,UMESCUMR,"402B3-VR2TX-480682-A69-1601-62682-2017-10-24T17",2017-10-24 17:05:00.000,2017-11-13 18:00:00.000,UTC,STATION:402B3,40.77629,-91.07277,,1.9,1.3,Transceiver,VR2TX,NOT USED,A69-1601-62682,,,,,STATION,"402B3",POINT (-91.07277 40.77629),|Added this deploy record for RAFT format
"2025-03-12",TRANSMITTER,USGS,UMESCUMR,"402B3-VR2TX-480682-A69-1601-62682-2018-08-09T17",2018-08-09 17:05:00.000,2018-11-14 18:00:00.000,UTC,STATION:402B3,40.77629,-91.07277,,,,Transceiver,VR2TX,NOT USED,A69-1601-62682,,,,,STATION,"402B3",POINT (-91.07277 40.77629),|Added this deploy record for RAFT format
"2025-03-12",TRANSMITTER,USGS,UMESCUMR,"402B2-VR2TX-480680-A69-1601-62680-2017-05-23T17",2017-05-23 17:05:00.000,2017-06-14 17:00:00.000,UTC,STATION:402B2,40.79247,-91.0803,,,,Transceiver,VR2TX,NOT USED,A69-1601-62680,,,,,STATION,"402B2",POINT (-91.0803 40.79247),|Added this deploy record for RAFT format
"2025-03-12",TRANSMITTER,USGS,UMESCUMR,"402B2-VR2TX-480680-A69-1601-62680-2017-08-01T17",2017-08-01 17:05:00.000,2017-11-13 18:00:00.000,UTC,STATION:402B2,40.79233,-91.08023,,2.4,1.8,Transceiver,VR2TX,NOT USED,A69-1601-62680,,,,,STATION,"402B2",POINT (-91.08023 40.79233),|Added this deploy record for RAFT format
"2025-03-12",TRANSMITTER,USGS,UMESCUMR,"402B2-VR2TX-480680-A69-1601-62680-2017-11-13T18",2017-11-13 18:05:00.000,2017-11-14 18:00:00.000,UTC,STATION:402B2,40.79233,-91.08023,,,,Transceiver,VR2TX,NOT USED,A69-1601-62680,,,,,STATION,"402B2",POINT (-91.08023 40.79233),"Comm fish crew found on shore 3/16/18, but no idea how long it was out of water. Could have sat on shore all winter, NO detections between last 11/13/17 offload and finding it on 3/16/18.|Added this deploy record for RAFT format, Comm fish crew found on shore 3/16/18, but no idea how long it was out of water. Could have sat on shore all winter, NO detections between last 11/13/17 offload and finding it on 3/16/18."
"2025-03-12",TRANSMITTER,USGS,UMESCUMR,"402B3-VR2TX-480682-A69-1601-62682-2017-05-23T17",2017-05-23 17:05:00.000,2017-06-14 17:00:00.000,UTC,STATION:402B3,40.77629,-91.07277,,,,Transceiver,VR2TX,NOT USED,A69-1601-62682,,,,,STATION,"402B3",POINT (-91.07277 40.77629),|Added this deploy record for RAFT format
"2025-03-12",TRANSMITTER,USGS,UMESCUMR,"402B3-VR2TX-480682-A69-1601-62682-2017-08-01T17",2017-08-01 17:05:00.000,2017-08-24 17:00:00.000,UTC,STATION:402B3,40.77629,-91.07277,,1.8,1.2,Transceiver,VR2TX,NOT USED,A69-1601-62682,,,,,STATION,"402B3",POINT (-91.07277 40.77629),|Added this deploy record for RAFT format
"2025-03-12",TRANSMITTER,USGS,UMESCUMR,"402B3-VR2TX-480682-A69-1601-62682-2017-11-13T18",2017-11-13 18:05:00.000,2018-06-15 17:00:00.000,UTC,STATION:402B3,40.77437,-91.07178,,1.9,1.3,Transceiver,VR2TX,NOT USED,A69-1601-62682,,,,,STATION,"402B3",POINT (-91.07178 40.77437),"Found ~229m downstream of original location. Removed and deployed back at proper location|Added this deploy record for RAFT format, Found ~229m downstream of original location. Removed and deployed back at proper location"
"2025-03-12",TRANSMITTER,USGS,UMESCUMR,"402B-VR2TX-480692-A69-1601-62692-2018-07-31T17",2018-07-31 17:05:00.000,2018-09-12 17:00:00.000,UTC,STATION:402B,40.78931,-91.07848,,,,Transceiver,VR2TX,NOT USED,A69-1601-62692,,,,,STATION,"402B",POINT (-91.07848 40.78931),|Added this deploy record for RAFT format
"2025-03-12",TRANSMITTER,USGS,UMESCUMR,"433B-VR2TX-480691-A69-1601-62691-2018-04-19T17",2018-04-19 17:00:00.000,2018-06-08 17:00:00.000,UTC,STATION:433B,41.17669,-91.00699,,1.2,0.6,Transceiver,VR2TX,NOT USED,A69-1601-62691,,,,,STATION,"433B",POINT (-91.00699 41.17669),"Buoyed, Buoyed"
"2025-03-12",TRANSMITTER,USGS,UMESCUMR,"411B-VR2TX-480694-A69-1601-62694-2017-05-24T17",2017-05-24 17:05:00.000,2017-06-13 17:00:00.000,UTC,STATION:411B,40.88734,-91.02709,,,,Transceiver,VR2TX,NOT USED,A69-1601-62694,,,,,STATION,"411B",POINT (-91.02709 40.88734),|Added this deploy record for RAFT format
"2025-03-12",TRANSMITTER,USGS,UMESCUMR,"411B-VR2TX-480694-A69-1601-62694-2017-06-13T17",2017-06-13 17:05:00.000,2017-06-27 17:00:00.000,UTC,STATION:411B,40.88734,-91.02709,,,,Transceiver,VR2TX,NOT USED,A69-1601-62694,,,,,STATION,"411B",POINT (-91.02709 40.88734),|Added this deploy record for RAFT format
"2025-03-12",TRANSMITTER,USGS,UMESCUMR,"411B-VR2TX-480694-A69-1601-62694-2017-06-27T17",2017-06-27 17:05:00.000,2017-07-11 17:00:00.000,UTC,STATION:411B,40.88734,-91.02709,,,,Transceiver,VR2TX,NOT USED,A69-1601-62694,,,,,STATION,"411B",POINT (-91.02709 40.88734),|Added this deploy record for RAFT format
"2025-03-12",TRANSMITTER,USGS,UMESCUMR,"411B-VR2TX-480694-A69-1601-62694-2017-07-11T17",2017-07-11 17:05:00.000,2017-08-01 17:00:00.000,UTC,STATION:411B,40.88734,-91.02709,,,,Transceiver,VR2TX,NOT USED,A69-1601-62694,,,,,STATION,"411B",POINT (-91.02709 40.88734),|Added this deploy record for RAFT format
"2025-03-12",TRANSMITTER,USGS,UMESCUMR,"411B-VR2TX-480694-A69-1601-62694-2017-08-01T17",2017-08-01 17:05:00.000,2017-08-22 17:00:00.000,UTC,STATION:411B,40.88734,-91.02709,,4.0,3.4,Transceiver,VR2TX,NOT USED,A69-1601-62694,,,,,STATION,"411B",POINT (-91.02709 40.88734),|Added this deploy record for RAFT format
"2025-03-12",TRANSMITTER,USGS,UMESCUMR,"411B-VR2TX-480694-A69-1601-62694-2017-08-22T17",2017-08-22 17:05:00.000,2017-09-12 17:00:00.000,UTC,STATION:411B,40.88734,-91.02709,,,,Transceiver,VR2TX,NOT USED,A69-1601-62694,,,,,STATION,"411B",POINT (-91.02709 40.88734),|Added this deploy record for RAFT format
"2025-03-12",TRANSMITTER,USGS,UMESCUMR,"411B-VR2TX-480694-A69-1601-62694-2017-09-12T17",2017-09-12 17:05:00.000,2017-11-15 18:00:00.000,UTC,STATION:411B,40.88714,-91.02711,,,,Transceiver,VR2TX,NOT USED,A69-1601-62694,,,,,STATION,"411B",POINT (-91.02711 40.88714),|Added this deploy record for RAFT format
"2025-03-12",TRANSMITTER,USGS,UMESCUMR,"411B-VR2TX-480694-A69-1601-62694-2018-06-13T17",2018-06-13 17:05:00.000,2018-07-31 17:00:00.000,UTC,STATION:411B,40.88714,-91.02711,,,,Transceiver,VR2TX,NOT USED,A69-1601-62694,,,,,STATION,"411B",POINT (-91.02711 40.88714),|Added this deploy record for RAFT format
"2025-03-12",TRANSMITTER,USGS,UMESCUMR,"411B-VR2TX-480694-A69-1601-62694-2018-07-31T17",2018-07-31 17:05:00.000,2018-09-12 17:00:00.000,UTC,STATION:411B,40.88716,-91.02722,,,,Transceiver,VR2TX,NOT USED,A69-1601-62694,,,,,STATION,"411B",POINT (-91.02722 40.88716),|Added this deploy record for RAFT format
"2025-03-12",TRANSMITTER,USGS,UMESCUMR,"411B-VR2TX-480694-A69-1601-62694-2018-09-12T17",2018-09-12 17:05:00.000,2018-11-28 18:00:00.000,UTC,STATION:411B,40.88716,-91.02722,,,,Transceiver,VR2TX,NOT USED,A69-1601-62694,,,,,STATION,"411B",POINT (-91.02722 40.88716),|Added this deploy record for RAFT format
"2025-03-12",TRANSMITTER,USGS,UMESCUMR,"411B2-VR2TX-480711-A69-1601-62711-2017-09-12T17",2017-09-12 17:05:00.000,2017-11-15 18:00:00.000,UTC,STATION:411B2,40.88894,-91.02505,,,,Transceiver,VR2TX,NOT USED,A69-1601-62711,,,,,STATION,"411B2",POINT (-91.02505 40.88894),|Added this deploy record for RAFT format
"2025-03-12",TRANSMITTER,USGS,UMESCUMR,"411B2-VR2TX-480711-A69-1601-62711-2018-03-15T17",2018-03-15 17:05:00.000,2018-04-17 17:00:00.000,UTC,STATION:411B2,40.88876,-91.02497,,2.9,2.3,Transceiver,VR2TX,NOT USED,A69-1601-62711,,,,,STATION,"411B2",POINT (-91.02497 40.88876),|Added this deploy record for RAFT format
"2025-03-12",TRANSMITTER,USGS,UMESCUMR,"411B2-VR2TX-480711-A69-1601-62711-2018-04-17T17",2018-04-17 17:05:00.000,2018-06-12 17:00:00.000,UTC,STATION:411B2,40.88876,-91.02497,,,,Transceiver,VR2TX,NOT USED,A69-1601-62711,,,,,STATION,"411B2",POINT (-91.02497 40.88876),|Added this deploy record for RAFT format
"2025-03-12",TRANSMITTER,USGS,UMESCUMR,"411B2-VR2TX-480711-A69-1601-62711-2018-07-31T17",2018-07-31 17:05:00.000,2018-09-12 17:00:00.000,UTC,STATION:411B2,40.88888,-91.02497,,,,Transceiver,VR2TX,NOT USED,A69-1601-62711,,,,,STATION,"411B2",POINT (-91.02497 40.88888),|Added this deploy record for RAFT format
"2025-03-12",TRANSMITTER,USGS,UMESCUMR,"433B-VR2TX-480691-A69-1601-62691-2017-06-29T17",2017-06-29 17:05:00.000,2017-08-23 17:00:00.000,UTC,STATION:433B,41.17653,-91.00685,,0.9,0.3,Transceiver,VR2TX,NOT USED,A69-1601-62691,,,,,STATION,"433B",POINT (-91.00685 41.17653),|Added this deploy record for RAFT format
"2025-03-12",TRANSMITTER,USGS,UMESCUMR,"433B-VR2TX-480691-A69-1601-62691-2017-08-23T17",2017-08-23 17:05:00.000,2017-09-14 17:00:00.000,UTC,STATION:433B,41.17653,-91.00685,,,,Transceiver,VR2TX,NOT USED,A69-1601-62691,,,,,STATION,"433B",POINT (-91.00685 41.17653),|Added this deploy record for RAFT format
"2025-03-12",TRANSMITTER,USGS,UMESCUMR,"433B-VR2TX-480691-A69-1601-62691-2017-09-14T17",2017-09-14 17:05:00.000,2017-10-05 17:00:00.000,UTC,STATION:433B,41.17653,-91.00685,,,,Transceiver,VR2TX,NOT USED,A69-1601-62691,,,,,STATION,"433B",POINT (-91.00685 41.17653),|Added this deploy record for RAFT format
"2025-03-12",TRANSMITTER,USGS,UMESCUMR,"433B-VR2TX-480691-A69-1601-62691-2017-10-05T17",2017-10-05 17:05:00.000,2017-11-16 18:00:00.000,UTC,STATION:433B,41.17653,-91.00685,,0.9,0.3,Transceiver,VR2TX,NOT USED,A69-1601-62691,,,,,STATION,"433B",POINT (-91.00685 41.17653),|Added this deploy record for RAFT format
"2025-03-12",TRANSMITTER,USGS,UMESCUMR,"433B-VR2TX-480691-A69-1601-62691-2018-06-08T17",2018-06-08 17:05:00.000,2018-06-13 17:00:00.000,UTC,STATION:433B,41.17669,-91.00699,,,,Transceiver,VR2TX,NOT USED,A69-1601-62691,,,,,STATION,"433B",POINT (-91.00699 41.17669),"Buoyed|Added this deploy record for RAFT format, Buoyed"
"2025-03-12",TRANSMITTER,USGS,UMESCUMR,"411B-VR2TX-480694-A69-1601-62694-2018-03-15T17",2018-03-15 17:05:00.000,2018-06-13 17:00:00.000,UTC,STATION:411B,40.88714,-91.02711,,,,Transceiver,VR2TX,NOT USED,A69-1601-62694,,,,,STATION,"411B",POINT (-91.02711 40.88714),|Added this deploy record for RAFT format
"2025-03-12",TRANSMITTER,USGS,UMESCUMR,"411B2-VR2TX-480711-A69-1601-62711-2017-11-15T18",2017-11-15 18:05:00.000,2018-03-15 17:00:00.000,UTC,STATION:411B2,40.88894,-91.02505,,3.7,3.0,Transceiver,VR2TX,NOT USED,A69-1601-62711,,,,,STATION,"411B2",POINT (-91.02505 40.88894),|Added this deploy record for RAFT format
"2025-03-12",TRANSMITTER,USGS,UMESCUMR,"433B1-VR2TX-480701-A69-1601-62701-2017-03-07T18",2017-03-07 18:00:00.000,2017-06-15 17:00:00.000,UTC,STATION:433B1,41.16979,-91.00715,,3.7,3.1,Transceiver,VR2TX,NOT USED,A69-1601-62701,,,,,STATION,"433B1",POINT (-91.00715 41.16979),""
"2025-03-12",TRANSMITTER,USGS,UMESCUMR,"433B1-VR2TX-480707-A69-1601-62707-2018-04-19T17",2018-04-19 17:00:00.000,2018-06-08 17:00:00.000,UTC,STATION:433B1,41.18186,-91.00631,,1.2,0.6,Transceiver,VR2TX,NOT USED,A69-1601-62707,,,,,STATION,"433B1",POINT (-91.00631 41.18186),"Buoyed, Buoyed"
"2025-03-12",TRANSMITTER,USGS,UMESCUMR,"433B2-VR2TX-480687-A69-1601-62687-2018-04-19T17",2018-04-19 17:00:00.000,2018-06-28 17:00:00.000,UTC,STATION:433B2,41.20373,-91.01257,,,,Transceiver,VR2TX,NOT USED,A69-1601-62687,,,,,STATION,"433B2",POINT (-91.01257 41.20373),"Buoyed, Buoyed"
"2025-03-12",TRANSMITTER,USGS,UMESCUMR,"433B2-VR2TX-480702-A69-1601-62702-2017-03-07T18",2017-03-07 18:00:00.000,2017-05-25 17:00:00.000,UTC,STATION:433B2,41.17018,-91.00392,,3.7,3.1,Transceiver,VR2TX,NOT USED,A69-1601-62702,,,,,STATION,"433B2",POINT (-91.00392 41.17018),"At entrance of BB, At entrance of BB"
"2025-03-12",TRANSMITTER,USGS,UMESCUMR,"433B3-VR2TX-480702-A69-1601-62702-2017-11-16T15",2017-11-16 15:00:00.000,2018-05-10 17:00:00.000,UTC,STATION:433B3,41.18626,-91.01975,,,,Transceiver,VR2TX,NOT USED,A69-1601-62702,,,,,STATION,"433B3",POINT (-91.01975 41.18626),""
"2025-03-12",TRANSMITTER,USGS,UMESCUMR,"433B4-VR2TX-480705-A69-1601-62705-2017-03-07T18",2017-03-07 18:00:00.000,2017-05-04 17:00:00.000,UTC,STATION:433B4,41.1964,-91.00999,,4.9,4.3,Transceiver,VR2TX,NOT USED,A69-1601-62705,,,,,STATION,"433B4",POINT (-91.00999 41.1964),""
"2025-03-12",TRANSMITTER,USGS,UMESCUMR,"433B-VR2TX-480691-A69-1601-62691-2018-08-01T17",2018-08-01 17:05:00.000,2018-11-27 18:00:00.000,UTC,STATION:433B,41.17669,-91.00699,,,,Transceiver,VR2TX,NOT USED,A69-1601-62691,,,,,STATION,"433B",POINT (-91.00699 41.17669),"Buoyed|Added this deploy record for RAFT format, Buoyed"
"2025-03-12",TRANSMITTER,USGS,UMESCUMR,"433B1-VR2TX-480701-A69-1601-62701-2017-06-15T17",2017-06-15 17:05:00.000,2017-06-29 17:00:00.000,UTC,STATION:433B1,41.17073,-91.00776,,1.2,0.6,Transceiver,VR2TX,NOT USED,A69-1601-62701,,,,,STATION,"433B1",POINT (-91.00776 41.17073),"Buoyed|Added this deploy record for RAFT format, Buoyed"
"2025-03-12",TRANSMITTER,USGS,UMESCUMR,"433B2-VR2TX-480702-A69-1601-62702-2017-05-25T17",2017-05-25 17:05:00.000,2017-06-15 17:00:00.000,UTC,STATION:433B2,41.17018,-91.00392,,3.7,3.1,Transceiver,VR2TX,NOT USED,A69-1601-62702,,,,,STATION,"433B2",POINT (-91.00392 41.17018),"At entrance of BB|Added this deploy record for RAFT format, At entrance of BB"
"2025-03-12",TRANSMITTER,USGS,UMESCUMR,"433B2-VR2TX-480702-A69-1601-62702-2017-06-15T17",2017-06-15 17:05:00.000,2017-06-29 17:00:00.000,UTC,STATION:433B2,41.17082,-91.00395,,2.3,1.7,Transceiver,VR2TX,NOT USED,A69-1601-62702,,,,,STATION,"433B2",POINT (-91.00395 41.17082),"At entrance of BB|Added this deploy record for RAFT format, At entrance of BB"
"2025-03-12",TRANSMITTER,USGS,UMESCUMR,"433B2-VR2TX-480702-A69-1601-62702-2017-08-23T17",2017-08-23 17:05:00.000,2017-09-14 17:00:00.000,UTC,STATION:433B2,41.17049,-91.00407,,0.9,0.3,Transceiver,VR2TX,NOT USED,A69-1601-62702,,,,,STATION,"433B2",POINT (-91.00407 41.17049),"At entrance of BB|Added this deploy record for RAFT format, At entrance of BB"
"2025-03-12",TRANSMITTER,USGS,UMESCUMR,"433B2-VR2TX-480702-A69-1601-62702-2017-10-05T17",2017-10-05 17:05:00.000,2017-11-16 14:00:00.000,UTC,STATION:433B2,41.16892,-91.00389,,,,Transceiver,VR2TX,NOT USED,A69-1601-62702,,,,,STATION,"433B2",POINT (-91.00389 41.16892),"At entrance of BB|Added this deploy record for RAFT format, At entrance of BB"
"2025-03-12",TRANSMITTER,USGS,UMESCUMR,"433B3-VR2TX-480702-A69-1601-62702-2018-05-10T17",2018-05-10 17:05:00.000,2018-06-13 17:00:00.000,UTC,STATION:433B3,41.18626,-91.01975,,,,Transceiver,VR2TX,NOT USED,A69-1601-62702,,,,,STATION,"433B3",POINT (-91.01975 41.18626),|Added this deploy record for RAFT format
"2025-03-12",TRANSMITTER,USGS,UMESCUMR,"433B3-VR2TX-480702-A69-1601-62702-2018-06-13T17",2018-06-13 17:05:00.000,2018-06-28 17:00:00.000,UTC,STATION:433B3,41.18626,-91.01975,,,,Transceiver,VR2TX,NOT USED,A69-1601-62702,,,,,STATION,"433B3",POINT (-91.01975 41.18626),|Added this deploy record for RAFT format
"2025-03-12",TRANSMITTER,USGS,UMESCUMR,"433B3-VR2TX-480702-A69-1601-62702-2018-06-28T17",2018-06-28 17:05:00.000,2018-07-10 17:00:00.000,UTC,STATION:433B3,41.18626,-91.01975,,,,Transceiver,VR2TX,NOT USED,A69-1601-62702,,,,,STATION,"433B3",POINT (-91.01975 41.18626),|Added this deploy record for RAFT format
"2025-03-12",TRANSMITTER,USGS,UMESCUMR,"433B3-VR2TX-480702-A69-1601-62702-2018-07-10T17",2018-07-10 17:05:00.000,2018-11-27 18:00:00.000,UTC,STATION:433B3,41.18626,-91.01975,,,,Transceiver,VR2TX,NOT USED,A69-1601-62702,,,,,STATION,"433B3",POINT (-91.01975 41.18626),|Added this deploy record for RAFT format
"2025-03-12",TRANSMITTER,USGS,UMESCUMR,"433B1-VR2TX-480707-A69-1601-62707-2018-06-13T17",2018-06-13 17:05:00.000,2018-06-28 17:00:00.000,UTC,STATION:433B1,41.18186,-91.00631,,,,Transceiver,VR2TX,NOT USED,A69-1601-62707,,,,,STATION,"433B1",POINT (-91.00631 41.18186),"Buoyed|Added this deploy record for RAFT format, Buoyed"
"2025-03-12",TRANSMITTER,USGS,UMESCUMR,"433B1-VR2TX-480707-A69-1601-62707-2018-06-28T17",2018-06-28 17:05:00.000,2018-08-01 17:00:00.000,UTC,STATION:433B1,41.18186,-91.00631,,,,Transceiver,VR2TX,NOT USED,A69-1601-62707,,,,,STATION,"433B1",POINT (-91.00631 41.18186),"Buoyed|Added this deploy record for RAFT format, Buoyed"
"2025-03-12",TRANSMITTER,USGS,UMESCUMR,"433B1-VR2TX-480707-A69-1601-62707-2018-08-01T17",2018-08-01 17:05:00.000,2018-11-27 18:00:00.000,UTC,STATION:433B1,41.18186,-91.00631,,,,Transceiver,VR2TX,NOT USED,A69-1601-62707,,,,,STATION,"433B1",POINT (-91.00631 41.18186),"Buoyed|Added this deploy record for RAFT format, Buoyed"
"2025-03-12",TRANSMITTER,USGS,UMESCUMR,"433B2-VR2TX-480687-A69-1601-62687-2018-06-28T17",2018-06-28 17:05:00.000,2018-07-10 17:00:00.000,UTC,STATION:433B2,41.20373,-91.01257,,,,Transceiver,VR2TX,NOT USED,A69-1601-62687,,,,,STATION,"433B2",POINT (-91.01257 41.20373),"Buoyed|Added this deploy record for RAFT format, Buoyed"
"2025-03-12",TRANSMITTER,USGS,UMESCUMR,"433B2-VR2TX-480687-A69-1601-62687-2018-07-10T17",2018-07-10 17:05:00.000,2018-09-11 17:00:00.000,UTC,STATION:433B2,41.20373,-91.01257,,,,Transceiver,VR2TX,NOT USED,A69-1601-62687,,,,,STATION,"433B2",POINT (-91.01257 41.20373),"Buoyed|Added this deploy record for RAFT format, Buoyed"
"2025-03-12",TRANSMITTER,USGS,UMESCUMR,"433B2-VR2TX-480702-A69-1601-62702-2017-09-14T17",2017-09-14 17:05:00.000,2017-10-05 17:00:00.000,UTC,STATION:433B2,41.16892,-91.00389,,1.2,0.6,Transceiver,VR2TX,NOT USED,A69-1601-62702,,,,,STATION,"433B2",POINT (-91.00389 41.16892),"At entrance of BB|Added this deploy record for RAFT format, At entrance of BB"
"2025-03-12",TRANSMITTER,USGS,UMESCUMR,"433B1-VR2TX-480707-A69-1601-62707-2018-06-08T17",2018-06-08 17:05:00.000,2018-06-13 17:00:00.000,UTC,STATION:433B1,41.18186,-91.00631,,,,Transceiver,VR2TX,NOT USED,A69-1601-62707,,,,,STATION,"433B1",POINT (-91.00631 41.18186),"Buoyed|Added this deploy record for RAFT format, Buoyed"
"2025-03-12",TRANSMITTER,USGS,UMESCUMR,"433B5-VR2TX-480688-A69-1601-62688-2017-03-07T18",2017-03-07 18:00:00.000,2017-05-04 17:00:00.000,UTC,STATION:433B5,41.19102,-91.00665,,4.0,3.4,Transceiver,VR2TX,NOT USED,A69-1601-62688,,,,,STATION,"433B5",POINT (-91.00665 41.19102),""
"2025-03-12",TRANSMITTER,USGS,UMESCUMR,"433B6-VR2TX-480712-A69-1601-62712-2017-03-07T18",2017-03-07 18:00:00.000,2017-04-06 17:00:00.000,UTC,STATION:433B6,41.20396,-91.01256,,4.3,3.7,Transceiver,VR2TX,NOT USED,A69-1601-62712,,,,,STATION,"433B6",POINT (-91.01256 41.20396),""
"2025-03-12",TRANSMITTER,USGS,UMESCUMR,"433B6-VR2TX-480712-A69-1601-62712-2017-06-29T17",2017-06-29 17:00:00.000,2017-08-23 17:00:00.000,UTC,STATION:433B6,41.20375,-91.01261,,1.5,0.9,Transceiver,VR2TX,NOT USED,A69-1601-62712,,,,,STATION,"433B6",POINT (-91.01261 41.20375),Re-deployed 6/29/17 after snag and removal by fisherman recorded on 6/18/17
"2025-03-12",TRANSMITTER,USGS,UMESCUMR,"433B5-VR2TX-480688-A69-1601-62688-2017-06-29T17",2017-06-29 17:05:00.000,2017-07-11 17:00:00.000,UTC,STATION:433B5,41.19105,-91.00674,,,,Transceiver,VR2TX,NOT USED,A69-1601-62688,,,,,STATION,"433B5",POINT (-91.00674 41.19105),|Added this deploy record for RAFT format
"2025-03-12",TRANSMITTER,USGS,UMESCUMR,"433B4-VR2TX-480705-A69-1601-62705-2017-05-16T17",2017-05-16 17:05:00.000,2017-06-15 17:00:00.000,UTC,STATION:433B4,41.19637,-91.00988,,,,Transceiver,VR2TX,NOT USED,A69-1601-62705,,,,,STATION,"433B4",POINT (-91.00988 41.19637),|Added this deploy record for RAFT format
"2025-03-12",TRANSMITTER,USGS,UMESCUMR,"433B4-VR2TX-480705-A69-1601-62705-2017-06-15T17",2017-06-15 17:05:00.000,2017-06-29 17:00:00.000,UTC,STATION:433B4,41.1965,-91.00985,,3.4,2.8,Transceiver,VR2TX,NOT USED,A69-1601-62705,,,,,STATION,"433B4",POINT (-91.00985 41.1965),|Added this deploy record for RAFT format
"2025-03-12",TRANSMITTER,USGS,UMESCUMR,"433B4-VR2TX-480705-A69-1601-62705-2017-06-29T17",2017-06-29 17:05:00.000,2017-08-03 17:00:00.000,UTC,STATION:433B4,41.1965,-91.00985,,,,Transceiver,VR2TX,NOT USED,A69-1601-62705,,,,,STATION,"433B4",POINT (-91.00985 41.1965),|Added this deploy record for RAFT format
"2025-03-12",TRANSMITTER,USGS,UMESCUMR,"433B4-VR2TX-480705-A69-1601-62705-2017-08-03T17",2017-08-03 17:05:00.000,2017-08-23 17:00:00.000,UTC,STATION:433B4,41.19622,-91.01,,2.4,1.8,Transceiver,VR2TX,NOT USED,A69-1601-62705,,,,,STATION,"433B4",POINT (-91.01 41.19622),|Added this deploy record for RAFT format
"2025-03-12",TRANSMITTER,USGS,UMESCUMR,"433B4-VR2TX-480705-A69-1601-62705-2017-08-23T17",2017-08-23 17:05:00.000,2017-09-14 17:00:00.000,UTC,STATION:433B4,41.19622,-91.01,,,,Transceiver,VR2TX,NOT USED,A69-1601-62705,,,,,STATION,"433B4",POINT (-91.01 41.19622),|Added this deploy record for RAFT format
"2025-03-12",TRANSMITTER,USGS,UMESCUMR,"433B4-VR2TX-480705-A69-1601-62705-2017-11-16T18",2017-11-16 18:05:00.000,2018-03-15 17:00:00.000,UTC,STATION:433B4,41.19646,-91.00994,,,,Transceiver,VR2TX,NOT USED,A69-1601-62705,,,,,STATION,"433B4",POINT (-91.00994 41.19646),|Added this deploy record for RAFT format
"2025-03-12",TRANSMITTER,USGS,UMESCUMR,"433B4-VR2TX-480705-A69-1601-62705-2018-03-15T17",2018-03-15 17:05:00.000,2018-04-19 17:00:00.000,UTC,STATION:433B4,41.19643,-91.00996,,,,Transceiver,VR2TX,NOT USED,A69-1601-62705,,,,,STATION,"433B4",POINT (-91.00996 41.19643),|Added this deploy record for RAFT format
"2025-03-12",TRANSMITTER,USGS,UMESCUMR,"433B4-VR2TX-480705-A69-1601-62705-2018-04-19T17",2018-04-19 17:05:00.000,2018-05-10 17:00:00.000,UTC,STATION:433B4,41.19643,-91.00996,,,,Transceiver,VR2TX,NOT USED,A69-1601-62705,,,,,STATION,"433B4",POINT (-91.00996 41.19643),|Added this deploy record for RAFT format
"2025-03-12",TRANSMITTER,USGS,UMESCUMR,"433B4-VR2TX-480705-A69-1601-62705-2018-05-10T17",2018-05-10 17:05:00.000,2018-06-08 17:00:00.000,UTC,STATION:433B4,41.19643,-91.00996,,,,Transceiver,VR2TX,NOT USED,A69-1601-62705,,,,,STATION,"433B4",POINT (-91.00996 41.19643),|Added this deploy record for RAFT format
"2025-03-12",TRANSMITTER,USGS,UMESCUMR,"433B4-VR2TX-480705-A69-1601-62705-2018-06-08T17",2018-06-08 17:05:00.000,2018-06-13 17:00:00.000,UTC,STATION:433B4,41.19643,-91.00996,,,,Transceiver,VR2TX,NOT USED,A69-1601-62705,,,,,STATION,"433B4",POINT (-91.00996 41.19643),|Added this deploy record for RAFT format
"2025-03-12",TRANSMITTER,USGS,UMESCUMR,"433B4-VR2TX-480705-A69-1601-62705-2018-06-13T17",2018-06-13 17:05:00.000,2018-06-28 17:00:00.000,UTC,STATION:433B4,41.19643,-91.00996,,,,Transceiver,VR2TX,NOT USED,A69-1601-62705,,,,,STATION,"433B4",POINT (-91.00996 41.19643),|Added this deploy record for RAFT format
"2025-03-12",TRANSMITTER,USGS,UMESCUMR,"433B4-VR2TX-480705-A69-1601-62705-2018-06-28T17",2018-06-28 17:05:00.000,2018-10-02 17:00:00.000,UTC,STATION:433B4,41.19651,-91.00991,,,,Transceiver,VR2TX,NOT USED,A69-1601-62705,,,,,STATION,"433B4",POINT (-91.00991 41.19651),|Added this deploy record for RAFT format
"2025-03-12",TRANSMITTER,USGS,UMESCUMR,"433B6-VR2TX-480712-A69-1601-62712-2017-05-04T17",2017-05-04 17:05:00.000,2017-05-25 17:00:00.000,UTC,STATION:433B6,41.20396,-91.01256,,4.3,3.7,Transceiver,VR2TX,NOT USED,A69-1601-62712,,,,,STATION,"433B6",POINT (-91.01256 41.20396),|Added this deploy record for RAFT format
"2025-03-12",TRANSMITTER,USGS,UMESCUMR,"433B6-VR2TX-480712-A69-1601-62712-2017-08-23T17",2017-08-23 17:05:00.000,2017-09-14 17:00:00.000,UTC,STATION:433B6,41.20375,-91.01261,,1.5,0.9,Transceiver,VR2TX,NOT USED,A69-1601-62712,,,,,STATION,"433B6",POINT (-91.01261 41.20375),|Added this deploy record for RAFT format
"2025-03-12",TRANSMITTER,USGS,UMESCUMR,"437B-VR2TX-480697-A69-1601-62697-2018-03-14T17",2018-03-14 17:05:00.000,2018-04-10 17:00:00.000,UTC,STATION:437B,41.19051,-91.06475,,,,Transceiver,VR2TX,NOT USED,A69-1601-62697,,,,,STATION,"437B",POINT (-91.06475 41.19051),|Added this deploy record for RAFT format
"2025-03-12",TRANSMITTER,USGS,UMESCUMR,"433B5-VR2TX-480688-A69-1601-62688-2017-05-04T17",2017-05-04 17:05:00.000,2017-05-25 17:00:00.000,UTC,STATION:433B5,41.19105,-91.00674,,4.0,3.4,Transceiver,VR2TX,NOT USED,A69-1601-62688,,,,,STATION,"433B5",POINT (-91.00674 41.19105),|Added this deploy record for RAFT format
"2025-03-12",TRANSMITTER,USGS,UMESCUMR,"433B5-VR2TX-480688-A69-1601-62688-2017-07-11T17",2017-07-11 17:05:00.000,2017-08-03 17:00:00.000,UTC,STATION:433B5,41.19105,-91.00674,,1.2,0.6,Transceiver,VR2TX,NOT USED,A69-1601-62688,,,,,STATION,"433B5",POINT (-91.00674 41.19105),|Added this deploy record for RAFT format
"2025-03-12",TRANSMITTER,USGS,UMESCUMR,"433B6-VR2TX-480712-A69-1601-62712-2017-04-06T17",2017-04-06 17:05:00.000,2017-05-04 17:00:00.000,UTC,STATION:433B6,41.20396,-91.01256,,4.3,3.7,Transceiver,VR2TX,NOT USED,A69-1601-62712,,,,,STATION,"433B6",POINT (-91.01256 41.20396),|Added this deploy record for RAFT format
"2025-03-12",TRANSMITTER,USGS,UMESCUMR,"433B6-VR2TX-480712-A69-1601-62712-2017-09-19T17",2017-09-19 17:00:00.000,2017-10-05 17:00:00.000,UTC,STATION:433B6,41.20375,-91.01261,,,,Transceiver,VR2TX,NOT USED,A69-1601-62712,,,,,STATION,"433B6",POINT (-91.01261 41.20375),"No record of redeployment, field datasheets only say snagged again on 9/16/17. However, the receiver was not offloaded on 9/16, but was offloaded 9/19/17, so best guess is it was offloaded before it was redeployed on 9/19/17 (there is no written record it was checked on 9/19, but offload records indicate otherwise)."
"2025-03-12",TRANSMITTER,USGS,UMESCUMR,"433B7-VR2TX-480707-A69-1601-62707-2017-03-07T18",2017-03-07 18:00:00.000,2017-06-15 17:00:00.000,UTC,STATION:433B7,41.18183,-91.0063,,3.4,2.8,Transceiver,VR2TX,NOT USED,A69-1601-62707,,,,,STATION,"433B7",POINT (-91.0063 41.18183),""
"2025-03-12",TRANSMITTER,USGS,UMESCUMR,"433B8-VR2TX-480687-A69-1601-62687-2017-03-07T18",2017-03-07 18:00:00.000,2017-06-15 17:00:00.000,UTC,STATION:433B8,41.18791,-91.01115,,3.0,2.4,Transceiver,VR2TX,NOT USED,A69-1601-62687,,,,,STATION,"433B8",POINT (-91.01115 41.18791),""
"2025-03-12",TRANSMITTER,USGS,UMESCUMR,"433B8-VR2TX-480687-A69-1601-62687-2017-06-29T14",2017-06-29 14:00:00.000,2017-07-11 17:00:00.000,UTC,STATION:433B8,41.18309,-91.01541,,,,Transceiver,VR2TX,NOT USED,A69-1601-62687,,,,,STATION,"433B8",POINT (-91.01541 41.18309),New location for station 433B8
"2025-03-12",TRANSMITTER,USGS,UMESCUMR,"433B9-VR2TX-480711-A69-1601-62711-2017-03-07T18",2017-03-07 18:00:00.000,2017-06-15 17:00:00.000,UTC,STATION:433B9,41.17668,-91.00704,,1.7,1.1,Transceiver,VR2TX,NOT USED,A69-1601-62711,,,,,STATION,"433B9",POINT (-91.00704 41.17668),"Moved about 600 m to different location, but kept same station name"
"2025-03-12",TRANSMITTER,USGS,UMESCUMR,"433B9-VR2TX-480711-A69-1601-62711-2017-06-15T17",2017-06-15 17:00:00.000,2017-06-29 17:00:00.000,UTC,STATION:433B9,41.17929,-91.01331,,,,Transceiver,VR2TX,NOT USED,A69-1601-62711,,,,,STATION,"433B9",POINT (-91.01331 41.17929),"Moved about 600 m to different location, but kept same station name, Too shallow"
"2025-03-12",TRANSMITTER,USGS,UMESCUMR,"437B-VR2TX-480697-A69-1601-62697-2017-05-10T17",2017-05-10 17:00:00.000,2017-05-31 17:00:00.000,UTC,STATION:437B,41.19021,-91.06502,,,,Transceiver,VR2TX,NOT USED,A69-1601-62697,,,,,STATION,"437B",POINT (-91.06502 41.19021),""
"2025-03-12",TRANSMITTER,USGS,UMESCUMR,"433B6-VR2TX-480712-A69-1601-62712-2017-10-05T17",2017-10-05 17:05:00.000,2017-11-16 18:00:00.000,UTC,STATION:433B6,41.20375,-91.01261,,1.5,0.9,Transceiver,VR2TX,NOT USED,A69-1601-62712,,,,,STATION,"433B6",POINT (-91.01261 41.20375),|Added this deploy record for RAFT format
"2025-03-12",TRANSMITTER,USGS,UMESCUMR,"433B8-VR2TX-480687-A69-1601-62687-2017-07-11T17",2017-07-11 17:05:00.000,2017-08-03 17:00:00.000,UTC,STATION:433B8,41.18309,-91.01541,,,,Transceiver,VR2TX,NOT USED,A69-1601-62687,,,,,STATION,"433B8",POINT (-91.01541 41.18309),|Added this deploy record for RAFT format
"2025-03-12",TRANSMITTER,USGS,UMESCUMR,"433B8-VR2TX-480687-A69-1601-62687-2017-08-03T17",2017-08-03 17:05:00.000,2017-09-14 17:00:00.000,UTC,STATION:433B8,41.18309,-91.01541,,0.9,0.3,Transceiver,VR2TX,NOT USED,A69-1601-62687,,,,,STATION,"433B8",POINT (-91.01541 41.18309),|Added this deploy record for RAFT format
"2025-03-12",TRANSMITTER,USGS,UMESCUMR,"437B-VR2TX-480697-A69-1601-62697-2017-05-31T17",2017-05-31 17:05:00.000,2017-06-13 17:00:00.000,UTC,STATION:437B,41.19021,-91.06502,,,,Transceiver,VR2TX,NOT USED,A69-1601-62697,,,,,STATION,"437B",POINT (-91.06502 41.19021),|Added this deploy record for RAFT format
"2025-03-12",TRANSMITTER,USGS,UMESCUMR,"437B-VR2TX-480697-A69-1601-62697-2017-06-13T17",2017-06-13 17:05:00.000,2017-06-27 17:00:00.000,UTC,STATION:437B,41.19034,-91.06491,,,,Transceiver,VR2TX,NOT USED,A69-1601-62697,,,,,STATION,"437B",POINT (-91.06491 41.19034),|Added this deploy record for RAFT format
"2025-03-12",TRANSMITTER,USGS,UMESCUMR,"437B-VR2TX-480697-A69-1601-62697-2017-06-27T17",2017-06-27 17:05:00.000,2017-08-01 17:00:00.000,UTC,STATION:437B,41.19034,-91.06491,,,,Transceiver,VR2TX,NOT USED,A69-1601-62697,,,,,STATION,"437B",POINT (-91.06491 41.19034),|Added this deploy record for RAFT format
"2025-03-12",TRANSMITTER,USGS,UMESCUMR,"437B-VR2TX-480697-A69-1601-62697-2017-08-22T17",2017-08-22 17:05:00.000,2017-09-13 17:00:00.000,UTC,STATION:437B,41.1904,-91.06475,,,,Transceiver,VR2TX,NOT USED,A69-1601-62697,,,,,STATION,"437B",POINT (-91.06475 41.1904),|Added this deploy record for RAFT format
"2025-03-12",TRANSMITTER,USGS,UMESCUMR,"437B-VR2TX-480697-A69-1601-62697-2017-09-13T17",2017-09-13 17:05:00.000,2017-10-03 17:00:00.000,UTC,STATION:437B,41.1904,-91.06475,,,,Transceiver,VR2TX,NOT USED,A69-1601-62697,,,,,STATION,"437B",POINT (-91.06475 41.1904),|Added this deploy record for RAFT format
"2025-03-12",TRANSMITTER,USGS,UMESCUMR,"437B-VR2TX-480697-A69-1601-62697-2017-10-26T17",2017-10-26 17:05:00.000,2017-11-14 18:00:00.000,UTC,STATION:437B,41.19051,-91.06475,,,,Transceiver,VR2TX,NOT USED,A69-1601-62697,,,,,STATION,"437B",POINT (-91.06475 41.19051),|Added this deploy record for RAFT format
"2025-03-12",TRANSMITTER,USGS,UMESCUMR,"437B-VR2TX-480697-A69-1601-62697-2017-11-14T18",2017-11-14 18:05:00.000,2018-03-14 17:00:00.000,UTC,STATION:437B,41.19051,-91.06475,,,,Transceiver,VR2TX,NOT USED,A69-1601-62697,,,,,STATION,"437B",POINT (-91.06475 41.19051),|Added this deploy record for RAFT format
"2025-03-12",TRANSMITTER,USGS,UMESCUMR,"433B7-VR2TX-480707-A69-1601-62707-2017-06-15T17",2017-06-15 17:05:00.000,2017-06-29 17:00:00.000,UTC,STATION:433B7,41.18183,-91.0063,,2.4,1.8,Transceiver,VR2TX,NOT USED,A69-1601-62707,,,,,STATION,"433B7",POINT (-91.0063 41.18183),|Added this deploy record for RAFT format
"2025-03-12",TRANSMITTER,USGS,UMESCUMR,"433B7-VR2TX-480707-A69-1601-62707-2017-06-29T17",2017-06-29 17:05:00.000,2017-08-23 17:00:00.000,UTC,STATION:433B7,41.18183,-91.0064,,1.2,0.6,Transceiver,VR2TX,NOT USED,A69-1601-62707,,,,,STATION,"433B7",POINT (-91.0064 41.18183),|Added this deploy record for RAFT format
"2025-03-12",TRANSMITTER,USGS,UMESCUMR,"433B7-VR2TX-480707-A69-1601-62707-2017-10-05T17",2017-10-05 17:05:00.000,2017-11-16 18:00:00.000,UTC,STATION:433B7,41.18154,-91.00639,,0.9,0.3,Transceiver,VR2TX,NOT USED,A69-1601-62707,,,,,STATION,"433B7",POINT (-91.00639 41.18154),|Added this deploy record for RAFT format
"2025-03-12",TRANSMITTER,USGS,UMESCUMR,"433B8-VR2TX-480687-A69-1601-62687-2017-06-15T17",2017-06-15 17:05:00.000,2017-06-29 13:00:00.000,UTC,STATION:433B8,41.18791,-91.01115,,,,Transceiver,VR2TX,NOT USED,A69-1601-62687,,,,,STATION,"433B8",POINT (-91.01115 41.18791),"Too shallow, moved to next bay near Bell Pocket, same station name|Added this deploy record for RAFT format, Too shallow, moved to next bay near Bell Pocket, same station name"
"2025-03-12",TRANSMITTER,USGS,UMESCUMR,"433B8-VR2TX-480687-A69-1601-62687-2017-09-14T17",2017-09-14 17:05:00.000,2017-11-16 18:00:00.000,UTC,STATION:433B8,41.18309,-91.01541,,0.9,0.3,Transceiver,VR2TX,NOT USED,A69-1601-62687,,,,,STATION,"433B8",POINT (-91.01541 41.18309),|Added this deploy record for RAFT format
"2025-03-12",TRANSMITTER,USGS,UMESCUMR,"437B-VR2TX-480697-A69-1601-62697-2017-10-03T17",2017-10-03 17:05:00.000,2017-10-26 17:00:00.000,UTC,STATION:437B,41.1904,-91.06475,,,,Transceiver,VR2TX,NOT USED,A69-1601-62697,,,,,STATION,"437B",POINT (-91.06475 41.1904),|Added this deploy record for RAFT format
"2025-03-12",TRANSMITTER,USGS,UMESCUMR,"439B-VR2TX-480715-A69-1601-62715-2017-03-08T18",2017-03-08 18:00:00.000,2017-05-31 17:00:00.000,UTC,STATION:439B,41.21625,-91.0764,,,,Transceiver,VR2TX,NOT USED,A69-1601-62715,,,,,STATION,"439B",POINT (-91.0764 41.21625),""
"2025-03-12",TRANSMITTER,USGS,UMESCUMR,"440B3-VR2TX-480714-A69-1601-62714-2017-03-08T18",2017-03-08 18:00:00.000,2017-05-31 17:00:00.000,UTC,STATION:440B3,41.22162,-91.08378,,,,Transceiver,VR2TX,NOT USED,A69-1601-62714,,,,,STATION,"440B3",POINT (-91.08378 41.22162),""
"2025-03-12",TRANSMITTER,USGS,UMESCUMR,"437B-VR2TX-480697-A69-1601-62697-2018-06-06T17",2018-06-06 17:05:00.000,2018-06-26 17:00:00.000,UTC,STATION:437B,41.19051,-91.06475,,,,Transceiver,VR2TX,NOT USED,A69-1601-62697,,,,,STATION,"437B",POINT (-91.06475 41.19051),|Added this deploy record for RAFT format
"2025-03-12",TRANSMITTER,USGS,UMESCUMR,"437B-VR2TX-480697-A69-1601-62697-2018-07-12T17",2018-07-12 17:05:00.000,2018-08-01 17:00:00.000,UTC,STATION:437B,41.19048,-91.0648,,,,Transceiver,VR2TX,NOT USED,A69-1601-62697,,,,,STATION,"437B",POINT (-91.0648 41.19048),|Added this deploy record for RAFT format
"2025-03-12",TRANSMITTER,USGS,UMESCUMR,"437B-VR2TX-480697-A69-1601-62697-2018-08-01T17",2018-08-01 17:05:00.000,2018-11-27 18:00:00.000,UTC,STATION:437B,41.19048,-91.0648,,,,Transceiver,VR2TX,NOT USED,A69-1601-62697,,,,,STATION,"437B",POINT (-91.0648 41.19048),|Added this deploy record for RAFT format
"2025-03-12",TRANSMITTER,USGS,UMESCUMR,"439B-VR2TX-480715-A69-1601-62715-2017-06-13T17",2017-06-13 17:05:00.000,2017-06-27 17:00:00.000,UTC,STATION:439B,41.21625,-91.0764,,2.4,1.8,Transceiver,VR2TX,NOT USED,A69-1601-62715,,,,,STATION,"439B",POINT (-91.0764 41.21625),|Added this deploy record for RAFT format
"2025-03-12",TRANSMITTER,USGS,UMESCUMR,"439B-VR2TX-480715-A69-1601-62715-2017-06-27T17",2017-06-27 17:05:00.000,2017-07-12 17:00:00.000,UTC,STATION:439B,41.21625,-91.0764,,,,Transceiver,VR2TX,NOT USED,A69-1601-62715,,,,,STATION,"439B",POINT (-91.0764 41.21625),|Added this deploy record for RAFT format
"2025-03-12",TRANSMITTER,USGS,UMESCUMR,"439B-VR2TX-480715-A69-1601-62715-2017-08-01T17",2017-08-01 17:05:00.000,2017-08-22 17:00:00.000,UTC,STATION:439B,41.21625,-91.0764,,2.4,1.8,Transceiver,VR2TX,NOT USED,A69-1601-62715,,,,,STATION,"439B",POINT (-91.0764 41.21625),|Added this deploy record for RAFT format
"2025-03-12",TRANSMITTER,USGS,UMESCUMR,"440B3-VR2TX-480714-A69-1601-62714-2017-05-31T17",2017-05-31 17:05:00.000,2017-06-14 17:00:00.000,UTC,STATION:440B3,41.22162,-91.08378,,,,Transceiver,VR2TX,NOT USED,A69-1601-62714,,,,,STATION,"440B3",POINT (-91.08378 41.22162),|Added this deploy record for RAFT format
"2025-03-12",TRANSMITTER,USGS,UMESCUMR,"440B3-VR2TX-480714-A69-1601-62714-2017-06-14T17",2017-06-14 17:05:00.000,2017-06-27 17:00:00.000,UTC,STATION:440B3,41.22162,-91.08378,,,,Transceiver,VR2TX,NOT USED,A69-1601-62714,,,,,STATION,"440B3",POINT (-91.08378 41.22162),|Added this deploy record for RAFT format
"2025-03-12",TRANSMITTER,USGS,UMESCUMR,"440B3-VR2TX-480714-A69-1601-62714-2017-08-03T17",2017-08-03 17:05:00.000,2017-10-05 17:00:00.000,UTC,STATION:440B3,41.22141,-91.08367,,,,Transceiver,VR2TX,NOT USED,A69-1601-62714,,,,,STATION,"440B3",POINT (-91.08367 41.22141),|Added this deploy record for RAFT format
"2025-03-12",TRANSMITTER,USGS,UMESCUMR,"440B3-VR2TX-480714-A69-1601-62714-2017-10-25T17",2017-10-25 17:05:00.000,2017-11-14 18:00:00.000,UTC,STATION:440B3,41.22143,-91.08366,,4.9,4.3,Transceiver,VR2TX,NOT USED,A69-1601-62714,,,,,STATION,"440B3",POINT (-91.08366 41.22143),|Added this deploy record for RAFT format
"2025-03-12",TRANSMITTER,USGS,UMESCUMR,"440B3-VR2TX-480714-A69-1601-62714-2017-11-14T18",2017-11-14 18:05:00.000,2018-03-14 17:00:00.000,UTC,STATION:440B3,41.22143,-91.08366,,,,Transceiver,VR2TX,NOT USED,A69-1601-62714,,,,,STATION,"440B3",POINT (-91.08366 41.22143),|Added this deploy record for RAFT format
"2025-03-12",TRANSMITTER,USGS,UMESCUMR,"440B3-VR2TX-480714-A69-1601-62714-2018-03-14T17",2018-03-14 17:05:00.000,2018-04-11 17:00:00.000,UTC,STATION:440B3,41.22143,-91.08366,,,,Transceiver,VR2TX,NOT USED,A69-1601-62714,,,,,STATION,"440B3",POINT (-91.08366 41.22143),|Added this deploy record for RAFT format
"2025-03-12",TRANSMITTER,USGS,UMESCUMR,"439B-VR2TX-480715-A69-1601-62715-2017-08-22T17",2017-08-22 17:05:00.000,2017-10-03 17:00:00.000,UTC,STATION:439B,41.21625,-91.0764,,,,Transceiver,VR2TX,NOT USED,A69-1601-62715,,,,,STATION,"439B",POINT (-91.0764 41.21625),|Added this deploy record for RAFT format
"2025-03-12",TRANSMITTER,USGS,UMESCUMR,"439B-VR2TX-480715-A69-1601-62715-2017-10-03T17",2017-10-03 17:05:00.000,2017-10-25 17:00:00.000,UTC,STATION:439B,41.21625,-91.0764,,,,Transceiver,VR2TX,NOT USED,A69-1601-62715,,,,,STATION,"439B",POINT (-91.0764 41.21625),|Added this deploy record for RAFT format
"2025-03-12",TRANSMITTER,USGS,UMESCUMR,"439B-VR2TX-480715-A69-1601-62715-2017-11-14T18",2017-11-14 18:05:00.000,2018-03-14 17:00:00.000,UTC,STATION:439B,41.21628,-91.07643,,,,Transceiver,VR2TX,NOT USED,A69-1601-62715,,,,,STATION,"439B",POINT (-91.07643 41.21628),|Added this deploy record for RAFT format
"2025-03-12",TRANSMITTER,USGS,UMESCUMR,"439B-VR2TX-480715-A69-1601-62715-2018-03-14T17",2018-03-14 17:05:00.000,2018-04-11 17:00:00.000,UTC,STATION:439B,41.21628,-91.07643,,,,Transceiver,VR2TX,NOT USED,A69-1601-62715,,,,,STATION,"439B",POINT (-91.07643 41.21628),|Added this deploy record for RAFT format
"2025-03-12",TRANSMITTER,USGS,UMESCUMR,"439B-VR2TX-480715-A69-1601-62715-2018-06-06T17",2018-06-06 17:05:00.000,2018-06-27 17:00:00.000,UTC,STATION:439B,41.21625,-91.07639,,,,Transceiver,VR2TX,NOT USED,A69-1601-62715,,,,,STATION,"439B",POINT (-91.07639 41.21625),|Added this deploy record for RAFT format
"2025-03-12",TRANSMITTER,USGS,UMESCUMR,"439B-VR2TX-480715-A69-1601-62715-2018-06-27T17",2018-06-27 17:05:00.000,2018-07-11 17:00:00.000,UTC,STATION:439B,41.21625,-91.07639,,,,Transceiver,VR2TX,NOT USED,A69-1601-62715,,,,,STATION,"439B",POINT (-91.07639 41.21625),|Added this deploy record for RAFT format
"2025-03-12",TRANSMITTER,USGS,UMESCUMR,"439B-VR2TX-480715-A69-1601-62715-2018-07-11T17",2018-07-11 17:05:00.000,2018-07-31 17:00:00.000,UTC,STATION:439B,41.21625,-91.07639,,,,Transceiver,VR2TX,NOT USED,A69-1601-62715,,,,,STATION,"439B",POINT (-91.07639 41.21625),|Added this deploy record for RAFT format
"2025-03-12",TRANSMITTER,USGS,UMESCUMR,"439B-VR2TX-480715-A69-1601-62715-2018-07-31T17",2018-07-31 17:05:00.000,2018-11-27 18:00:00.000,UTC,STATION:439B,41.21625,-91.07639,,,,Transceiver,VR2TX,NOT USED,A69-1601-62715,,,,,STATION,"439B",POINT (-91.07639 41.21625),|Added this deploy record for RAFT format
"2025-03-12",TRANSMITTER,USGS,UMESCUMR,"440B3-VR2TX-480714-A69-1601-62714-2017-06-27T17",2017-06-27 17:05:00.000,2017-08-03 17:00:00.000,UTC,STATION:440B3,41.22162,-91.08378,,,,Transceiver,VR2TX,NOT USED,A69-1601-62714,,,,,STATION,"440B3",POINT (-91.08378 41.22162),|Added this deploy record for RAFT format
"2025-03-12",TRANSMITTER,USGS,UMESCUMR,"439B-VR2TX-480715-A69-1601-62715-2017-07-12T17",2017-07-12 17:05:00.000,2017-08-01 17:00:00.000,UTC,STATION:439B,41.21625,-91.0764,,,,Transceiver,VR2TX,NOT USED,A69-1601-62715,,,,,STATION,"439B",POINT (-91.0764 41.21625),|Added this deploy record for RAFT format
"2025-03-12",TRANSMITTER,USGS,UMESCUMR,"439B-VR2TX-480715-A69-1601-62715-2018-04-11T17",2018-04-11 17:05:00.000,2018-06-06 17:00:00.000,UTC,STATION:439B,41.21628,-91.07643,,,,Transceiver,VR2TX,NOT USED,A69-1601-62715,,,,,STATION,"439B",POINT (-91.07643 41.21628),|Added this deploy record for RAFT format
"2025-03-12",TRANSMITTER,USGS,UMESCUMR,"443B1-VR2TX-480681-A69-1601-62681-2017-03-08T18",2017-03-08 18:00:00.000,2017-06-01 17:00:00.000,UTC,STATION:443B1,41.26588,-91.11345,,,,Transceiver,VR2TX,NOT USED,A69-1601-62681,,,,,STATION,"443B1",POINT (-91.11345 41.26588),""
"2025-03-12",TRANSMITTER,USGS,UMESCUMR,"443B2-VR2TX-480677-A69-1601-62677-2017-05-11T17",2017-05-11 17:00:00.000,2017-06-01 17:00:00.000,UTC,STATION:443B2,41.26786,-91.11336,,,,Transceiver,VR2TX,NOT USED,A69-1601-62677,,,,,STATION,"443B2",POINT (-91.11336 41.26786),"Cable to Tree- coordinates: 41.26781; -91.11372, Cable to Tree- coordinates: 41.26781; -91.11372"
"2025-03-12",TRANSMITTER,USGS,UMESCUMR,"443B1-VR2TX-480681-A69-1601-62681-2017-08-02T17",2017-08-02 17:05:00.000,2017-10-04 17:00:00.000,UTC,STATION:443B1,41.26572,-91.11347,,4.6,4.0,Transceiver,VR2TX,NOT USED,A69-1601-62681,,,,,STATION,"443B1",POINT (-91.11347 41.26572),|Added this deploy record for RAFT format
"2025-03-12",TRANSMITTER,USGS,UMESCUMR,"443B1-VR2TX-480681-A69-1601-62681-2017-10-04T17",2017-10-04 17:05:00.000,2017-10-25 17:00:00.000,UTC,STATION:443B1,41.26572,-91.11347,,,,Transceiver,VR2TX,NOT USED,A69-1601-62681,,,,,STATION,"443B1",POINT (-91.11347 41.26572),|Added this deploy record for RAFT format
"2025-03-12",TRANSMITTER,USGS,UMESCUMR,"443B1-VR2TX-480681-A69-1601-62681-2017-10-25T17",2017-10-25 17:05:00.000,2017-11-14 18:00:00.000,UTC,STATION:443B1,41.26577,-91.1135,,,,Transceiver,VR2TX,NOT USED,A69-1601-62681,,,,,STATION,"443B1",POINT (-91.1135 41.26577),|Added this deploy record for RAFT format
"2025-03-12",TRANSMITTER,USGS,UMESCUMR,"443B1-VR2TX-480681-A69-1601-62681-2018-03-14T17",2018-03-14 17:05:00.000,2018-04-10 17:00:00.000,UTC,STATION:443B1,41.26559,-91.11345,,,,Transceiver,VR2TX,NOT USED,A69-1601-62681,,,,,STATION,"443B1",POINT (-91.11345 41.26559),|Added this deploy record for RAFT format
"2025-03-12",TRANSMITTER,USGS,UMESCUMR,"443B1-VR2TX-480681-A69-1601-62681-2018-04-10T17",2018-04-10 17:05:00.000,2018-06-07 17:00:00.000,UTC,STATION:443B1,41.26559,-91.11345,,,,Transceiver,VR2TX,NOT USED,A69-1601-62681,,,,,STATION,"443B1",POINT (-91.11345 41.26559),|Added this deploy record for RAFT format
"2025-03-12",TRANSMITTER,USGS,UMESCUMR,"440B3-VR2TX-480714-A69-1601-62714-2018-06-06T17",2018-06-06 17:05:00.000,2018-06-27 17:00:00.000,UTC,STATION:440B3,41.22116,-91.0835,,,,Transceiver,VR2TX,NOT USED,A69-1601-62714,,,,,STATION,"440B3",POINT (-91.0835 41.22116),|Added this deploy record for RAFT format
"2025-03-12",TRANSMITTER,USGS,UMESCUMR,"440B3-VR2TX-480714-A69-1601-62714-2018-06-27T17",2018-06-27 17:05:00.000,2018-07-11 17:00:00.000,UTC,STATION:440B3,41.22116,-91.0835,,,,Transceiver,VR2TX,NOT USED,A69-1601-62714,,,,,STATION,"440B3",POINT (-91.0835 41.22116),|Added this deploy record for RAFT format
"2025-03-12",TRANSMITTER,USGS,UMESCUMR,"440B3-VR2TX-480714-A69-1601-62714-2018-07-11T17",2018-07-11 17:05:00.000,2018-07-31 17:00:00.000,UTC,STATION:440B3,41.22116,-91.0835,,,,Transceiver,VR2TX,NOT USED,A69-1601-62714,,,,,STATION,"440B3",POINT (-91.0835 41.22116),|Added this deploy record for RAFT format
"2025-03-12",TRANSMITTER,USGS,UMESCUMR,"440B3-VR2TX-480714-A69-1601-62714-2018-07-31T17",2018-07-31 17:05:00.000,2018-09-12 17:00:00.000,UTC,STATION:440B3,41.22116,-91.0835,,,,Transceiver,VR2TX,NOT USED,A69-1601-62714,,,,,STATION,"440B3",POINT (-91.0835 41.22116),|Added this deploy record for RAFT format
"2025-03-12",TRANSMITTER,USGS,UMESCUMR,"440B3-VR2TX-480714-A69-1601-62714-2018-09-12T17",2018-09-12 17:05:00.000,2018-10-03 17:00:00.000,UTC,STATION:440B3,41.221,-91.08338,,,,Transceiver,VR2TX,NOT USED,A69-1601-62714,,,,,STATION,"440B3",POINT (-91.08338 41.221),|Added this deploy record for RAFT format
"2025-03-12",TRANSMITTER,USGS,UMESCUMR,"443B2-VR2TX-480677-A69-1601-62677-2017-08-24T17",2017-08-24 17:05:00.000,2017-10-04 17:00:00.000,UTC,STATION:443B2,41.26784,-91.11329,,,,Transceiver,VR2TX,NOT USED,A69-1601-62677,,,,,STATION,"443B2",POINT (-91.11329 41.26784),"Cable to Tree- coordinates: 41.26781; -91.11376|Added this deploy record for RAFT format, Cable to Tree- coordinates: 41.26781; -91.11376"
"2025-03-12",TRANSMITTER,USGS,UMESCUMR,"443B2-VR2TX-480677-A69-1601-62677-2017-10-04T17",2017-10-04 17:05:00.000,2017-10-25 17:00:00.000,UTC,STATION:443B2,41.26784,-91.11329,,,,Transceiver,VR2TX,NOT USED,A69-1601-62677,,,,,STATION,"443B2",POINT (-91.11329 41.26784),"Cable to Tree- coordinates: 41.26781; -91.11376|Added this deploy record for RAFT format, Cable to Tree- coordinates: 41.26781; -91.11376"
"2025-03-12",TRANSMITTER,USGS,UMESCUMR,"443B1-VR2TX-480681-A69-1601-62681-2018-06-27T17",2018-06-27 17:05:00.000,2018-07-10 17:00:00.000,UTC,STATION:443B1,41.26559,-91.11345,,,,Transceiver,VR2TX,NOT USED,A69-1601-62681,,,,,STATION,"443B1",POINT (-91.11345 41.26559),|Added this deploy record for RAFT format
"2025-03-12",TRANSMITTER,USGS,UMESCUMR,"443B1-VR2TX-480681-A69-1601-62681-2018-07-10T17",2018-07-10 17:05:00.000,2018-08-02 17:00:00.000,UTC,STATION:443B1,41.26555,-91.11349,,,,Transceiver,VR2TX,NOT USED,A69-1601-62681,,,,,STATION,"443B1",POINT (-91.11349 41.26555),|Added this deploy record for RAFT format
"2025-03-12",TRANSMITTER,USGS,UMESCUMR,"443B1-VR2TX-480681-A69-1601-62681-2018-08-02T17",2018-08-02 17:05:00.000,2018-10-02 17:00:00.000,UTC,STATION:443B1,41.26555,-91.11349,,,,Transceiver,VR2TX,NOT USED,A69-1601-62681,,,,,STATION,"443B1",POINT (-91.11349 41.26555),|Added this deploy record for RAFT format
"2025-03-12",TRANSMITTER,USGS,UMESCUMR,"443B2-VR2TX-480677-A69-1601-62677-2017-06-01T17",2017-06-01 17:05:00.000,2017-06-15 17:00:00.000,UTC,STATION:443B2,41.26786,-91.11336,,,,Transceiver,VR2TX,NOT USED,A69-1601-62677,,,,,STATION,"443B2",POINT (-91.11336 41.26786),"Cable to Tree- coordinates: 41.26781; -91.11373|Added this deploy record for RAFT format, Cable to Tree- coordinates: 41.26781; -91.11373"
"2025-03-12",TRANSMITTER,USGS,UMESCUMR,"443B2-VR2TX-480677-A69-1601-62677-2017-06-15T17",2017-06-15 17:05:00.000,2017-08-02 17:00:00.000,UTC,STATION:443B2,41.26786,-91.11336,,2.7,2.1,Transceiver,VR2TX,NOT USED,A69-1601-62677,,,,,STATION,"443B2",POINT (-91.11336 41.26786),"Cable to Tree- coordinates: 41.26781; -91.11374|Added this deploy record for RAFT format, Cable to Tree- coordinates: 41.26781; -91.11374"
"2025-03-12",TRANSMITTER,USGS,UMESCUMR,"443B1-VR2TX-480681-A69-1601-62681-2017-06-01T17",2017-06-01 17:05:00.000,2017-06-15 17:00:00.000,UTC,STATION:443B1,41.26588,-91.11345,,,,Transceiver,VR2TX,NOT USED,A69-1601-62681,,,,,STATION,"443B1",POINT (-91.11345 41.26588),|Added this deploy record for RAFT format
"2025-03-12",TRANSMITTER,USGS,UMESCUMR,"443B1-VR2TX-480681-A69-1601-62681-2017-11-14T18",2017-11-14 18:05:00.000,2018-03-14 17:00:00.000,UTC,STATION:443B1,41.26577,-91.1135,,,,Transceiver,VR2TX,NOT USED,A69-1601-62681,,,,,STATION,"443B1",POINT (-91.1135 41.26577),|Added this deploy record for RAFT format
"2025-03-12",TRANSMITTER,USGS,UMESCUMR,"440B3-VR2TX-480714-A69-1601-62714-2018-04-11T17",2018-04-11 17:05:00.000,2018-06-06 17:00:00.000,UTC,STATION:440B3,41.22137,-91.08366,,4.6,4.0,Transceiver,VR2TX,NOT USED,A69-1601-62714,,,,,STATION,"440B3",POINT (-91.08366 41.22137),|Added this deploy record for RAFT format
"2025-03-12",TRANSMITTER,USGS,UMESCUMR,"440B3-VR2TX-480714-A69-1601-62714-2018-10-03T17",2018-10-03 17:05:00.000,2018-11-27 18:00:00.000,UTC,STATION:440B3,41.221,-91.08338,,,,Transceiver,VR2TX,NOT USED,A69-1601-62714,,,,,STATION,"440B3",POINT (-91.08338 41.221),|Added this deploy record for RAFT format
"2025-03-12",TRANSMITTER,USGS,UMESCUMR,"443B3-VR2TX-480716-A69-1601-62716-2017-05-11T17",2017-05-11 17:00:00.000,2017-06-01 17:00:00.000,UTC,STATION:443B3,41.27755,-91.11381,,,,Transceiver,VR2TX,NOT USED,A69-1601-62716,,,,,STATION,"443B3",POINT (-91.11381 41.27755),"Cable to Tree- coordinates: 41.27747; -91.11405, Cable to Tree- coordinates: 41.27747; -91.11405"
"2025-03-12",TRANSMITTER,USGS,UMESCUMR,"443B5-VR2TX-480690-A69-1601-62690-2017-03-08T18",2017-03-08 18:00:00.000,2017-05-11 17:00:00.000,UTC,STATION:443B5,41.2847,-91.11201,,,,Transceiver,VR2TX,NOT USED,A69-1601-62690,,,,,STATION,"443B5",POINT (-91.11201 41.2847),""
"2025-03-12",TRANSMITTER,USGS,UMESCUMR,"443B2-VR2TX-480677-A69-1601-62677-2018-03-14T17",2018-03-14 17:05:00.000,2018-04-10 17:00:00.000,UTC,STATION:443B2,41.26787,-91.11338,,,,Transceiver,VR2TX,NOT USED,A69-1601-62677,,,,,STATION,"443B2",POINT (-91.11338 41.26787),|Added this deploy record for RAFT format
"2025-03-12",TRANSMITTER,USGS,UMESCUMR,"443B2-VR2TX-480677-A69-1601-62677-2018-04-10T17",2018-04-10 17:05:00.000,2018-05-10 17:00:00.000,UTC,STATION:443B2,41.26787,-91.11338,,,,Transceiver,VR2TX,NOT USED,A69-1601-62677,,,,,STATION,"443B2",POINT (-91.11338 41.26787),|Added this deploy record for RAFT format
"2025-03-12",TRANSMITTER,USGS,UMESCUMR,"443B2-VR2TX-480677-A69-1601-62677-2018-05-10T17",2018-05-10 17:05:00.000,2018-06-07 17:00:00.000,UTC,STATION:443B2,41.26787,-91.11338,,,,Transceiver,VR2TX,NOT USED,A69-1601-62677,,,,,STATION,"443B2",POINT (-91.11338 41.26787),|Added this deploy record for RAFT format
"2025-03-12",TRANSMITTER,USGS,UMESCUMR,"443B2-VR2TX-480677-A69-1601-62677-2018-06-07T17",2018-06-07 17:05:00.000,2018-06-27 17:00:00.000,UTC,STATION:443B2,41.26787,-91.11338,,,,Transceiver,VR2TX,NOT USED,A69-1601-62677,,,,,STATION,"443B2",POINT (-91.11338 41.26787),|Added this deploy record for RAFT format
"2025-03-12",TRANSMITTER,USGS,UMESCUMR,"443B2-VR2TX-480677-A69-1601-62677-2018-07-10T17",2018-07-10 17:05:00.000,2018-08-02 17:00:00.000,UTC,STATION:443B2,41.26787,-91.11338,,,,Transceiver,VR2TX,NOT USED,A69-1601-62677,,,,,STATION,"443B2",POINT (-91.11338 41.26787),|Added this deploy record for RAFT format
"2025-03-12",TRANSMITTER,USGS,UMESCUMR,"443B2-VR2TX-480677-A69-1601-62677-2018-08-02T17",2018-08-02 17:05:00.000,2018-09-11 17:00:00.000,UTC,STATION:443B2,41.26787,-91.11338,,,,Transceiver,VR2TX,NOT USED,A69-1601-62677,,,,,STATION,"443B2",POINT (-91.11338 41.26787),|Added this deploy record for RAFT format
"2025-03-12",TRANSMITTER,USGS,UMESCUMR,"443B2-VR2TX-480677-A69-1601-62677-2018-10-02T17",2018-10-02 17:05:00.000,2018-11-27 18:00:00.000,UTC,STATION:443B2,41.26787,-91.11338,,,,Transceiver,VR2TX,NOT USED,A69-1601-62677,,,,,STATION,"443B2",POINT (-91.11338 41.26787),|Added this deploy record for RAFT format
"2025-03-12",TRANSMITTER,USGS,UMESCUMR,"443B3-VR2TX-480716-A69-1601-62716-2017-06-15T17",2017-06-15 17:05:00.000,2017-08-24 17:00:00.000,UTC,STATION:443B3,41.27755,-91.11381,,2.1,1.5,Transceiver,VR2TX,NOT USED,A69-1601-62716,,,,,STATION,"443B3",POINT (-91.11381 41.27755),"Cable to Tree- coordinates: 41.27747; -91.11407|Added this deploy record for RAFT format, Cable to Tree- coordinates: 41.27747; -91.11407"
"2025-03-12",TRANSMITTER,USGS,UMESCUMR,"443B3-VR2TX-480716-A69-1601-62716-2017-10-25T17",2017-10-25 17:05:00.000,2017-11-14 18:00:00.000,UTC,STATION:443B3,41.2775,-91.11375,,4.9,4.3,Transceiver,VR2TX,NOT USED,A69-1601-62716,,,,,STATION,"443B3",POINT (-91.11375 41.2775),"Cable to Tree- coordinates: 41.27747; -91.11407|Added this deploy record for RAFT format, Cable to Tree- coordinates: 41.27747; -91.11407"
"2025-03-12",TRANSMITTER,USGS,UMESCUMR,"443B3-VR2TX-480716-A69-1601-62716-2017-11-14T18",2017-11-14 18:05:00.000,2018-04-12 17:00:00.000,UTC,STATION:443B3,41.2775,-91.11375,,,,Transceiver,VR2TX,NOT USED,A69-1601-62716,,,,,STATION,"443B3",POINT (-91.11375 41.2775),|Added this deploy record for RAFT format
"2025-03-12",TRANSMITTER,USGS,UMESCUMR,"443B3-VR2TX-480716-A69-1601-62716-2018-04-12T17",2018-04-12 17:05:00.000,2018-05-10 17:00:00.000,UTC,STATION:443B3,41.2775,-91.11375,,,,Transceiver,VR2TX,NOT USED,A69-1601-62716,,,,,STATION,"443B3",POINT (-91.11375 41.2775),|Added this deploy record for RAFT format
"2025-03-12",TRANSMITTER,USGS,UMESCUMR,"443B3-VR2TX-480716-A69-1601-62716-2018-05-10T17",2018-05-10 17:05:00.000,2018-06-07 17:00:00.000,UTC,STATION:443B3,41.2775,-91.11375,,,,Transceiver,VR2TX,NOT USED,A69-1601-62716,,,,,STATION,"443B3",POINT (-91.11375 41.2775),|Added this deploy record for RAFT format
"2025-03-12",TRANSMITTER,USGS,UMESCUMR,"443B3-VR2TX-480716-A69-1601-62716-2018-06-07T17",2018-06-07 17:05:00.000,2018-06-27 17:00:00.000,UTC,STATION:443B3,41.27747,-91.11403,,,,Transceiver,VR2TX,NOT USED,A69-1601-62716,,,,,STATION,"443B3",POINT (-91.11403 41.27747),|Added this deploy record for RAFT format
"2025-03-12",TRANSMITTER,USGS,UMESCUMR,"443B3-VR2TX-480716-A69-1601-62716-2018-06-27T17",2018-06-27 17:05:00.000,2018-07-10 17:00:00.000,UTC,STATION:443B3,41.27747,-91.11403,,,,Transceiver,VR2TX,NOT USED,A69-1601-62716,,,,,STATION,"443B3",POINT (-91.11403 41.27747),|Added this deploy record for RAFT format
"2025-03-12",TRANSMITTER,USGS,UMESCUMR,"443B3-VR2TX-480716-A69-1601-62716-2018-07-10T17",2018-07-10 17:05:00.000,2018-08-02 17:00:00.000,UTC,STATION:443B3,41.27747,-91.11403,,,,Transceiver,VR2TX,NOT USED,A69-1601-62716,,,,,STATION,"443B3",POINT (-91.11403 41.27747),|Added this deploy record for RAFT format
"2025-03-12",TRANSMITTER,USGS,UMESCUMR,"443B5-VR2TX-480690-A69-1601-62690-2017-06-01T17",2017-06-01 17:05:00.000,2017-06-15 17:00:00.000,UTC,STATION:443B5,41.28468,-91.11194,,,,Transceiver,VR2TX,NOT USED,A69-1601-62690,,,,,STATION,"443B5",POINT (-91.11194 41.28468),|Added this deploy record for RAFT format
"2025-03-12",TRANSMITTER,USGS,UMESCUMR,"443B5-VR2TX-480690-A69-1601-62690-2017-06-15T17",2017-06-15 17:05:00.000,2017-08-24 17:00:00.000,UTC,STATION:443B5,41.28468,-91.11194,,6.1,5.5,Transceiver,VR2TX,NOT USED,A69-1601-62690,,,,,STATION,"443B5",POINT (-91.11194 41.28468),|Added this deploy record for RAFT format
"2025-03-12",TRANSMITTER,USGS,UMESCUMR,"443B3-VR2TX-480716-A69-1601-62716-2018-08-02T17",2018-08-02 17:05:00.000,2018-10-02 17:00:00.000,UTC,STATION:443B3,41.27743,-91.11379,,4.3,3.7,Transceiver,VR2TX,NOT USED,A69-1601-62716,,,,,STATION,"443B3",POINT (-91.11379 41.27743),|Added this deploy record for RAFT format
"2025-03-12",TRANSMITTER,USGS,UMESCUMR,"443B3-VR2TX-480716-A69-1601-62716-2018-10-02T17",2018-10-02 17:05:00.000,2018-11-27 18:00:00.000,UTC,STATION:443B3,41.27743,-91.11379,,,,Transceiver,VR2TX,NOT USED,A69-1601-62716,,,,,STATION,"443B3",POINT (-91.11379 41.27743),|Added this deploy record for RAFT format
"2025-03-12",TRANSMITTER,USGS,UMESCUMR,"443B2-VR2TX-480677-A69-1601-62677-2018-09-11T17",2018-09-11 17:05:00.000,2018-10-02 17:00:00.000,UTC,STATION:443B2,41.26787,-91.11338,,,,Transceiver,VR2TX,NOT USED,A69-1601-62677,,,,,STATION,"443B2",POINT (-91.11338 41.26787),|Added this deploy record for RAFT format
"2025-03-12",TRANSMITTER,USGS,UMESCUMR,"443B3-VR2TX-480716-A69-1601-62716-2017-08-24T17",2017-08-24 17:05:00.000,2017-10-04 17:00:00.000,UTC,STATION:443B3,41.27747,-91.11369,,5.2,4.6,Transceiver,VR2TX,NOT USED,A69-1601-62716,,,,,STATION,"443B3",POINT (-91.11369 41.27747),"Cable to Tree- coordinates: 41.27747; -91.11408. Anchor was cut, moved deeper in dredge hole|Added this deploy record for RAFT format, Cable to Tree- coordinates: 41.27747; -91.11408. Anchor was cut, moved deeper in dredge hole"
"2025-03-12",TRANSMITTER,USGS,UMESCUMR,"443B6-VR2TX-480675-A69-1601-62675-2017-03-08T18",2017-03-08 18:00:00.000,2017-05-11 17:00:00.000,UTC,STATION:443B6,41.28838,-91.10895,,,,Transceiver,VR2TX,NOT USED,A69-1601-62675,,,,,STATION,"443B6",POINT (-91.10895 41.28838),""
"2025-03-12",TRANSMITTER,USGS,UMESCUMR,"443MCB-VR2TX-480674-A69-1601-62674-2017-05-11T17",2017-05-11 17:00:00.000,2017-06-01 17:00:00.000,UTC,STATION:443MCB,41.2582,-91.11225,,,,Transceiver,VR2TX,NOT USED,A69-1601-62674,,,,,STATION,"443MCB",POINT (-91.11225 41.2582),""
"2025-03-12",TRANSMITTER,USGS,UMESCUMR,"443MCB-VR2TX-480674-A69-1601-62674-2017-06-28T17",2017-06-28 17:05:00.000,2017-08-02 17:00:00.000,UTC,STATION:443MCB,41.25819,-91.11206,,2.1,1.5,Transceiver,VR2TX,NOT USED,A69-1601-62674,,,,,STATION,"443MCB",POINT (-91.11206 41.25819),|Added this deploy record for RAFT format
"2025-03-12",TRANSMITTER,USGS,UMESCUMR,"443MCB-VR2TX-480674-A69-1601-62674-2017-08-02T17",2017-08-02 17:05:00.000,2017-10-04 17:00:00.000,UTC,STATION:443MCB,41.25819,-91.11206,,,,Transceiver,VR2TX,NOT USED,A69-1601-62674,,,,,STATION,"443MCB",POINT (-91.11206 41.25819),|Added this deploy record for RAFT format
"2025-03-12",TRANSMITTER,USGS,UMESCUMR,"443B6-VR2TX-480675-A69-1601-62675-2017-05-11T17",2017-05-11 17:05:00.000,2017-06-01 17:00:00.000,UTC,STATION:443B6,41.28836,-91.10872,,,,Transceiver,VR2TX,NOT USED,A69-1601-62675,,,,,STATION,"443B6",POINT (-91.10872 41.28836),|Added this deploy record for RAFT format
"2025-03-12",TRANSMITTER,USGS,UMESCUMR,"443B6-VR2TX-480675-A69-1601-62675-2017-06-01T17",2017-06-01 17:05:00.000,2017-06-15 17:00:00.000,UTC,STATION:443B6,41.28844,-91.10865,,,,Transceiver,VR2TX,NOT USED,A69-1601-62675,,,,,STATION,"443B6",POINT (-91.10865 41.28844),|Added this deploy record for RAFT format
"2025-03-12",TRANSMITTER,USGS,UMESCUMR,"443B6-VR2TX-480675-A69-1601-62675-2017-06-15T17",2017-06-15 17:05:00.000,2017-06-28 17:00:00.000,UTC,STATION:443B6,41.28836,-91.10872,,,,Transceiver,VR2TX,NOT USED,A69-1601-62675,,,,,STATION,"443B6",POINT (-91.10872 41.28836),|Added this deploy record for RAFT format
"2025-03-12",TRANSMITTER,USGS,UMESCUMR,"443B6-VR2TX-480675-A69-1601-62675-2017-06-28T17",2017-06-28 17:05:00.000,2017-10-04 17:00:00.000,UTC,STATION:443B6,41.28859,-91.10857,,7.0,6.4,Transceiver,VR2TX,NOT USED,A69-1601-62675,,,,,STATION,"443B6",POINT (-91.10857 41.28859),|Added this deploy record for RAFT format
"2025-03-12",TRANSMITTER,USGS,UMESCUMR,"443B6-VR2TX-480675-A69-1601-62675-2017-10-25T17",2017-10-25 17:05:00.000,2017-11-14 18:00:00.000,UTC,STATION:443B6,41.28859,-91.10845,,,,Transceiver,VR2TX,NOT USED,A69-1601-62675,,,,,STATION,"443B6",POINT (-91.10845 41.28859),|Added this deploy record for RAFT format
"2025-03-12",TRANSMITTER,USGS,UMESCUMR,"443B6-VR2TX-480675-A69-1601-62675-2017-11-14T18",2017-11-14 18:05:00.000,2018-03-14 17:00:00.000,UTC,STATION:443B6,41.28859,-91.10845,,,,Transceiver,VR2TX,NOT USED,A69-1601-62675,,,,,STATION,"443B6",POINT (-91.10845 41.28859),|Added this deploy record for RAFT format
"2025-03-12",TRANSMITTER,USGS,UMESCUMR,"443B6-VR2TX-480675-A69-1601-62675-2018-04-12T17",2018-04-12 17:05:00.000,2018-06-07 17:00:00.000,UTC,STATION:443B6,41.28859,-91.10845,,,,Transceiver,VR2TX,NOT USED,A69-1601-62675,,,,,STATION,"443B6",POINT (-91.10845 41.28859),|Added this deploy record for RAFT format
"2025-03-12",TRANSMITTER,USGS,UMESCUMR,"443B6-VR2TX-480675-A69-1601-62675-2018-06-07T17",2018-06-07 17:05:00.000,2018-08-01 17:00:00.000,UTC,STATION:443B6,41.28859,-91.10845,,,,Transceiver,VR2TX,NOT USED,A69-1601-62675,,,,,STATION,"443B6",POINT (-91.10845 41.28859),|Added this deploy record for RAFT format
"2025-03-12",TRANSMITTER,USGS,UMESCUMR,"443B6-VR2TX-480675-A69-1601-62675-2018-09-11T17",2018-09-11 17:05:00.000,2018-11-27 18:00:00.000,UTC,STATION:443B6,41.28859,-91.10845,,,,Transceiver,VR2TX,NOT USED,A69-1601-62675,,,,,STATION,"443B6",POINT (-91.10845 41.28859),|Added this deploy record for RAFT format
"2025-03-12",TRANSMITTER,USGS,UMESCUMR,"443B5-VR2TX-480690-A69-1601-62690-2017-08-24T17",2017-08-24 17:05:00.000,2017-10-04 17:00:00.000,UTC,STATION:443B5,41.28451,-91.1117,,5.2,4.6,Transceiver,VR2TX,NOT USED,A69-1601-62690,,,,,STATION,"443B5",POINT (-91.1117 41.28451),|Added this deploy record for RAFT format
"2025-03-12",TRANSMITTER,USGS,UMESCUMR,"443B5-VR2TX-480690-A69-1601-62690-2017-10-25T17",2017-10-25 17:05:00.000,2017-11-14 18:00:00.000,UTC,STATION:443B5,41.28457,-91.11178,,,,Transceiver,VR2TX,NOT USED,A69-1601-62690,,,,,STATION,"443B5",POINT (-91.11178 41.28457),|Added this deploy record for RAFT format
"2025-03-12",TRANSMITTER,USGS,UMESCUMR,"443B5-VR2TX-480690-A69-1601-62690-2018-03-14T17",2018-03-14 17:05:00.000,2018-04-10 17:00:00.000,UTC,STATION:443B5,41.28455,-91.11164,,,,Transceiver,VR2TX,NOT USED,A69-1601-62690,,,,,STATION,"443B5",POINT (-91.11164 41.28455),|Added this deploy record for RAFT format
"2025-03-12",TRANSMITTER,USGS,UMESCUMR,"443B5-VR2TX-480690-A69-1601-62690-2018-04-10T17",2018-04-10 17:05:00.000,2018-06-07 17:00:00.000,UTC,STATION:443B5,41.28455,-91.11164,,,,Transceiver,VR2TX,NOT USED,A69-1601-62690,,,,,STATION,"443B5",POINT (-91.11164 41.28455),|Added this deploy record for RAFT format
"2025-03-12",TRANSMITTER,USGS,UMESCUMR,"443B5-VR2TX-480690-A69-1601-62690-2018-06-07T17",2018-06-07 17:05:00.000,2018-07-10 17:00:00.000,UTC,STATION:443B5,41.28463,-91.11182,,,,Transceiver,VR2TX,NOT USED,A69-1601-62690,,,,,STATION,"443B5",POINT (-91.11182 41.28463),|Added this deploy record for RAFT format
"2025-03-12",TRANSMITTER,USGS,UMESCUMR,"443B5-VR2TX-480690-A69-1601-62690-2018-08-02T17",2018-08-02 17:05:00.000,2018-10-02 17:00:00.000,UTC,STATION:443B5,41.28463,-91.11182,,,,Transceiver,VR2TX,NOT USED,A69-1601-62690,,,,,STATION,"443B5",POINT (-91.11182 41.28463),|Added this deploy record for RAFT format
"2025-03-12",TRANSMITTER,USGS,UMESCUMR,"443B5-VR2TX-480690-A69-1601-62690-2018-10-02T17",2018-10-02 17:05:00.000,2018-11-27 18:00:00.000,UTC,STATION:443B5,41.28463,-91.11182,,,,Transceiver,VR2TX,NOT USED,A69-1601-62690,,,,,STATION,"443B5",POINT (-91.11182 41.28463),|Added this deploy record for RAFT format
"2025-03-12",TRANSMITTER,USGS,UMESCUMR,"443MCB-VR2TX-480674-A69-1601-62674-2017-06-01T17",2017-06-01 17:05:00.000,2017-06-15 17:00:00.000,UTC,STATION:443MCB,41.2582,-91.11225,,,,Transceiver,VR2TX,NOT USED,A69-1601-62674,,,,,STATION,"443MCB",POINT (-91.11225 41.2582),|Added this deploy record for RAFT format
"2025-03-12",TRANSMITTER,USGS,UMESCUMR,"443B6-VR2TX-480675-A69-1601-62675-2017-10-04T17",2017-10-04 17:05:00.000,2017-10-25 17:00:00.000,UTC,STATION:443B6,41.28853,-91.10832,,,,Transceiver,VR2TX,NOT USED,A69-1601-62675,,,,,STATION,"443B6",POINT (-91.10832 41.28853),|Added this deploy record for RAFT format
"2025-03-12",TRANSMITTER,USGS,UMESCUMR,"443B6-VR2TX-480675-A69-1601-62675-2018-08-01T17",2018-08-01 17:05:00.000,2018-09-11 17:00:00.000,UTC,STATION:443B6,41.28859,-91.10845,,,,Transceiver,VR2TX,NOT USED,A69-1601-62675,,,,,STATION,"443B6",POINT (-91.10845 41.28859),|Added this deploy record for RAFT format
"2025-03-12",TRANSMITTER,USGS,UMESCUMR,"443B5-VR2TX-480690-A69-1601-62690-2017-10-04T17",2017-10-04 17:05:00.000,2017-10-25 17:00:00.000,UTC,STATION:443B5,41.28451,-91.1117,,,,Transceiver,VR2TX,NOT USED,A69-1601-62690,,,,,STATION,"443B5",POINT (-91.1117 41.28451),|Added this deploy record for RAFT format
"2025-03-12",TRANSMITTER,USGS,UMESCUMR,"443B5-VR2TX-480690-A69-1601-62690-2018-07-10T17",2018-07-10 17:05:00.000,2018-08-02 17:00:00.000,UTC,STATION:443B5,41.28463,-91.11182,,,,Transceiver,VR2TX,NOT USED,A69-1601-62690,,,,,STATION,"443B5",POINT (-91.11182 41.28463),|Added this deploy record for RAFT format
"2025-03-12",TRANSMITTER,USGS,UMESCUMR,"483L-VR2TX-480697-A69-1601-62697-2019-04-02T17",2019-04-02 17:00:00.000,2019-06-28 17:00:00.000,UTC,STATION:483L,41.51823,-90.56397,,,,Transceiver,VR2TX,NOT USED,A69-1601-62697,,,,,STATION,"483L",POINT (-90.56397 41.51823),Transmitting low power 10min fixed
"2025-03-12",TRANSMITTER,USGS,UMESCUMR,"483L-VR2TX-480697-A69-1601-62697-2020-12-17T17",2020-12-17 17:38:00.000,2021-07-09 18:37:00.000,UTC,STATION:483L,41.51823,-90.56397,,,,Transceiver,VR2TX,NOT USED,A69-1601-62697,,,,,STATION,"483L",POINT (-90.56397 41.51823),"Recovered from bottom of ladder well and offloaded at a later date than the other receivers. However, battery was dead, so entry for removal date is date of last detection."
"2025-03-12",TRANSMITTER,USGS,UMESCUMR,"483L-VR2TX-482138-A69-1601-62138-2020-06-17T17",2020-06-17 17:00:00.000,2020-12-18 19:37:00.000,UTC,STATION:483L,41.51823,-90.56397,,,,Transceiver,VR2TX,NOT USED,A69-1601-62138,,,,,STATION,"483L",POINT (-90.56397 41.51823),"Deployed to replace 480697, which rope was cut and at bottom of ladder well, Replaced fraying cable"
"2025-03-12",TRANSMITTER,USGS,UMESCUMR,"483L2-VR2TX-480705-A69-1601-62705-2019-04-02T17",2019-04-02 17:00:00.000,2019-06-28 17:00:00.000,UTC,STATION:483L2,41.51893,-90.56335,,,,Transceiver,VR2TX,NOT USED,A69-1601-62705,,,,,STATION,"483L2",POINT (-90.56335 41.51893),Transmitting low power 10min fixed
"2025-03-12",TRANSMITTER,USGS,UMESCUMR,"443MCB-VR2TX-480674-A69-1601-62674-2018-04-10T17",2018-04-10 17:05:00.000,2018-05-10 17:00:00.000,UTC,STATION:443MCB,41.25818,-91.11206,,,,Transceiver,VR2TX,NOT USED,A69-1601-62674,,,,,STATION,"443MCB",POINT (-91.11206 41.25818),|Added this deploy record for RAFT format
"2025-03-12",TRANSMITTER,USGS,UMESCUMR,"443MCB-VR2TX-480674-A69-1601-62674-2018-05-10T17",2018-05-10 17:05:00.000,2018-06-07 17:00:00.000,UTC,STATION:443MCB,41.25818,-91.11206,,,,Transceiver,VR2TX,NOT USED,A69-1601-62674,,,,,STATION,"443MCB",POINT (-91.11206 41.25818),|Added this deploy record for RAFT format
"2025-03-12",TRANSMITTER,USGS,UMESCUMR,"483L-VR2TX-480697-A69-1601-62697-2019-06-28T17",2019-06-28 17:05:00.000,2019-07-31 17:00:00.000,UTC,STATION:483L,41.51823,-90.56397,,,,Transceiver,VR2TX,NOT USED,A69-1601-62697,,,,,STATION,"483L",POINT (-90.56397 41.51823),|Added this deploy record for RAFT format
"2025-03-12",TRANSMITTER,USGS,UMESCUMR,"483L-VR2TX-480697-A69-1601-62697-2019-07-31T17",2019-07-31 17:05:00.000,2019-09-10 17:00:00.000,UTC,STATION:483L,41.51823,-90.56397,,,,Transceiver,VR2TX,NOT USED,A69-1601-62697,,,,,STATION,"483L",POINT (-90.56397 41.51823),|Added this deploy record for RAFT format
"2025-03-12",TRANSMITTER,USGS,UMESCUMR,"483L-VR2TX-480697-A69-1601-62697-2019-09-10T17",2019-09-10 17:05:00.000,2019-12-03 18:00:00.000,UTC,STATION:483L,41.51823,-90.56397,,,,Transceiver,VR2TX,NOT USED,A69-1601-62697,,,,,STATION,"483L",POINT (-90.56397 41.51823),"Transmitter disabled|Added this deploy record for RAFT format, Transmitter disabled"
"2025-03-12",TRANSMITTER,USGS,UMESCUMR,"483L2-VR2TX-480705-A69-1601-62705-2019-06-28T17",2019-06-28 17:05:00.000,2019-07-31 17:00:00.000,UTC,STATION:483L2,41.51893,-90.56335,,,,Transceiver,VR2TX,NOT USED,A69-1601-62705,,,,,STATION,"483L2",POINT (-90.56335 41.51893),|Added this deploy record for RAFT format
"2025-03-12",TRANSMITTER,USGS,UMESCUMR,"483L2-VR2TX-480705-A69-1601-62705-2019-07-31T17",2019-07-31 17:05:00.000,2019-09-10 17:00:00.000,UTC,STATION:483L2,41.51893,-90.56335,,,,Transceiver,VR2TX,NOT USED,A69-1601-62705,,,,,STATION,"483L2",POINT (-90.56335 41.51893),|Added this deploy record for RAFT format
"2025-03-12",TRANSMITTER,USGS,UMESCUMR,"483L-VR2TX-482138-A69-1601-62138-2020-12-18T19",2020-12-18 19:42:00.000,2021-05-25 14:55:00.000,UTC,STATION:483L,41.51823,-90.56397,,,,Transceiver,VR2TX,NOT USED,A69-1601-62138,,,,,STATION,"483L",POINT (-90.56397 41.51823),"Replaced un-coated cable with coated cable|Added this deploy record for RAFT format, Replaced un-coated cable with coated cable"
"2025-03-12",TRANSMITTER,USGS,UMESCUMR,"483L-VR2TX-482138-A69-1601-62138-2021-06-29T20",2021-06-29 20:43:00.000,2021-12-08 16:30:00.000,UTC,STATION:483L,41.51823,-90.56397,,,,Transceiver,VR2TX,NOT USED,A69-1601-62138,,,,,STATION,"483L",POINT (-90.56397 41.51823),|Added this deploy record for RAFT format
"2025-03-12",TRANSMITTER,USGS,UMESCUMR,"483L-VR2TX-482138-A69-1601-62138-2021-12-08T16",2021-12-08 16:35:00.000,2022-05-27 14:09:00.000,UTC,STATION:483L,41.51823,-90.56397,,,,Transceiver,VR2TX,NOT USED,A69-1601-62138,,,,,STATION,"483L",POINT (-90.56397 41.51823),"Battery 35%, Sync tag ON|Added this deploy record for RAFT format, Battery 35%, Sync tag ON"
"2025-03-12",TRANSMITTER,USGS,UMESCUMR,"483L-VR2TX-482138-A69-1601-62138-2022-08-10T16",2022-08-10 16:29:00.000,2022-11-22 16:10:00.000,UTC,STATION:483L,41.51823,-90.56397,,,,Transceiver,VR2TX,NOT USED,A69-1601-62138,,,,,STATION,"483L",POINT (-90.56397 41.51823),"Battery 80%|Added this deploy record for RAFT format, Battery 80%"
"2025-03-12",TRANSMITTER,USGS,UMESCUMR,"483L-VR2TX-482138-A69-1601-62138-2022-11-22T16",2022-11-22 16:15:00.000,2023-07-11 21:50:00.000,UTC,STATION:483L,41.51823,-90.56397,,,,Transceiver,VR2TX,NOT USED,A69-1601-62138,,,,,STATION,"483L",POINT (-90.56397 41.51823),"Battery replaced, updated firmware to 6.0.0|Added this deploy record for RAFT format, Battery replaced, updated firmware to 6.0.0"
"2025-03-12",TRANSMITTER,USGS,UMESCUMR,"483L-VR2TX-482138-A69-1601-62138-2023-07-11T21",2023-07-11 21:55:00.000,2023-11-01 22:38:00.000,UTC,STATION:483L,41.51823,-90.56397,,,,Transceiver,VR2TX,NOT USED,A69-1601-62138,,,,,STATION,"483L",POINT (-90.56397 41.51823),|Added this deploy record for RAFT format
"2025-03-12",TRANSMITTER,USGS,UMESCUMR,L19 L3-VR2TX-480699-A69-1601-62699-2020-06-04T17,2020-06-04 17:05:00.000,2020-12-01 17:05:00.000,UTC,STATION:L19 L3,40.39395,-91.37555,,,,Transceiver,VR2TX,NOT USED,A69-1601-62699,,,,,STATION,L19 L3,POINT (-91.37555 40.39395),|Added this deploy record for RAFT format
"2025-03-12",TRANSMITTER,USGS,UMESCUMR,"443MCB-VR2TX-480674-A69-1601-62674-2017-11-14T18",2017-11-14 18:05:00.000,2018-03-14 17:00:00.000,UTC,STATION:443MCB,41.25818,-91.11206,,,,Transceiver,VR2TX,NOT USED,A69-1601-62674,,,,,STATION,"443MCB",POINT (-91.11206 41.25818),|Added this deploy record for RAFT format
"2025-03-12",TRANSMITTER,USGS,UMESCUMR,"443MCB-VR2TX-480674-A69-1601-62674-2018-06-07T17",2018-06-07 17:05:00.000,2018-08-01 17:00:00.000,UTC,STATION:443MCB,41.25812,-91.11211,,,,Transceiver,VR2TX,NOT USED,A69-1601-62674,,,,,STATION,"443MCB",POINT (-91.11211 41.25812),|Added this deploy record for RAFT format
"2025-03-12",TRANSMITTER,USGS,UMESCUMR,"483L2-VR2TX-480705-A69-1601-62705-2019-12-03T18",2019-12-03 18:05:00.000,2020-11-17 10:30:00.000,UTC,STATION:483L2,41.51893,-90.56335,,,,Transceiver,VR2TX,NOT USED,A69-1601-62705,,,,,STATION,"483L2",POINT (-90.56335 41.51893),"Recovered from bottom of ladder well 6/29/21! Battery was dead, so technical ""Removal"" date should be the date of its last detection.|Added this deploy record for RAFT format, Recovered from bottom of ladder well 6/29/21! Battery was dead, so technical ""Removal"" date should be the date of its last detection."
"2025-03-12",TRANSMITTER,USGS,UMESCUMR,"483L-VR2TX-482138-A69-1601-62138-2021-05-25T15",2021-05-25 15:00:00.000,2021-06-29 20:38:00.000,UTC,STATION:483L,41.51823,-90.56397,,,,Transceiver,VR2TX,NOT USED,A69-1601-62138,,,,,STATION,"483L",POINT (-90.56397 41.51823),"Battery replaced, updated firmware to 5.1.8. Sync was on|Added this deploy record for RAFT format, Battery replaced, updated firmware to 5.1.8. Sync was on"
"2025-03-12",TRANSMITTER,USGS,UMESCUMR,"483L2-VR2TX-480705-A69-1601-62705-2021-06-29T21",2021-06-29 21:57:00.000,2021-12-08 14:56:00.000,UTC,STATION:483L2,41.51893,-90.56335,,,,Transceiver,VR2TX,NOT USED,A69-1601-62705,,,,,STATION,"483L2",POINT (-90.56335 41.51893),"Recovered from bottom of ladder well! Battery dead, so replaced, then re-deployed (other receiver at bottom of well (482135) was not recovered). Sync transmitter turned ON, updated firmware to 5.1.8."
"2025-03-12",TRANSMITTER,USGS,UMESCUMR,"483L2-VR2TX-482135-A69-1601-62135-2020-06-17T17",2020-06-17 17:00:00.000,2020-12-03 19:01:00.000,UTC,STATION:483L2,41.51893,-90.56335,,,,Transceiver,VR2TX,NOT USED,A69-1601-62135,,,,,STATION,"483L2",POINT (-90.56335 41.51893),"Deployed to replace 480705, which rope was cut and at bottom of ladder well"
"2025-03-12",TRANSMITTER,USGS,UMESCUMR,"483L2-VR2TX-489762-A69-1601-62635-2023-07-11T22",2023-07-11 22:40:00.000,2023-11-01 23:18:00.000,UTC,STATION:483L2,41.51893,-90.56335,,,,Transceiver,VR2TX,NOT USED,A69-1601-62635,,,,,STATION,"483L2",POINT (-90.56335 41.51893),"Replacement for station 483L2, new battery, firmware updated to 6.0.0"
"2025-03-12",TRANSMITTER,USGS,UMESCUMR,L19 L1-VR2TX-480673-A69-1601-62673-2019-04-03T17,2019-04-03 17:00:00.000,2019-06-25 17:00:00.000,UTC,STATION:L19 L1,40.39439,-91.37567,,,,Transceiver,VR2TX,NOT USED,A69-1601-62673,,,,,STATION,L19 L1,POINT (-91.37567 40.39439),Transmitting low power 10min fixed
"2025-03-12",TRANSMITTER,USGS,UMESCUMR,L19 L1-VR2TX-480676-A69-1601-62676-2021-10-04T21,2021-10-04 21:18:00.000,2021-11-23 23:15:00.000,UTC,STATION:L19 L1,40.39581,-91.37501,,,,Transceiver,VR2TX,NOT USED,A69-1601-62676,,,,,STATION,L19 L1,POINT (-91.37501 40.39581),"New Station L1, firmware updated to 5.1.8, transmitter OFF"
"2025-03-12",TRANSMITTER,USGS,UMESCUMR,L19 L1-VR2TX-480704-A69-1601-62704-2020-06-04T17,2020-06-04 17:00:00.000,2020-12-01 16:48:00.000,UTC,STATION:L19 L1,40.39439,-91.37567,,,,Transceiver,VR2TX,NOT USED,A69-1601-62704,,,,,STATION,L19 L1,POINT (-91.37567 40.39439),"Deployed with cable to replace 480673, which had rope cut and presumed at bottom of ladder well."
"2025-03-12",TRANSMITTER,USGS,UMESCUMR,"483L2-VR2TX-480705-A69-1601-62705-2022-08-10T16",2022-08-10 16:19:00.000,2022-11-22 14:40:00.000,UTC,STATION:483L2,41.51893,-90.56335,,,,Transceiver,VR2TX,NOT USED,A69-1601-62705,,,,,STATION,"483L2",POINT (-90.56335 41.51893),"Battery 80%|Added this deploy record for RAFT format, Battery 80%"
"2025-03-12",TRANSMITTER,USGS,UMESCUMR,"483L2-VR2TX-480705-A69-1601-62705-2022-11-22T14",2022-11-22 14:45:00.000,2023-07-11 22:18:00.000,UTC,STATION:483L2,41.51893,-90.56335,,,,Transceiver,VR2TX,NOT USED,A69-1601-62705,,,,,STATION,"483L2",POINT (-90.56335 41.51893),"Firmware failed and messed up receiver, removed and replaced|Added this deploy record for RAFT format, Firmware failed and messed up receiver, removed and replaced"
"2025-03-12",TRANSMITTER,USGS,UMESCUMR,L19 L1-VR2TX-480673-A69-1601-62673-2019-09-09T17,2019-09-09 17:05:00.000,2019-12-05 18:00:00.000,UTC,STATION:L19 L1,40.39439,-91.37567,,,,Transceiver,VR2TX,NOT USED,A69-1601-62673,,,,,STATION,L19 L1,POINT (-91.37567 40.39439),"Transmitter disabled|Added this deploy record for RAFT format, Transmitter disabled"
"2025-03-12",TRANSMITTER,USGS,UMESCUMR,L19 L1-VR2TX-480676-A69-1601-62676-2021-11-23T23,2021-11-23 23:20:00.000,2022-03-25 20:03:00.000,UTC,STATION:L19 L1,40.39581,-91.37501,,,,Transceiver,VR2TX,NOT USED,A69-1601-62676,,,,,STATION,L19 L1,POINT (-91.37501 40.39581),"65% Battery|Added this deploy record for RAFT format, 65% Battery"
"2025-03-12",TRANSMITTER,USGS,UMESCUMR,L19 L1-VR2TX-480676-A69-1601-62676-2022-05-25T20,2022-05-25 20:23:00.000,2022-10-11 23:16:00.000,UTC,STATION:L19 L1,40.39581,-91.37501,,,,Transceiver,VR2TX,NOT USED,A69-1601-62676,,,,,STATION,L19 L1,POINT (-91.37501 40.39581),"New battery|Added this deploy record for RAFT format, New battery"
"2025-03-12",TRANSMITTER,USGS,UMESCUMR,L19 L1-VR2TX-480676-A69-1601-62676-2022-10-11T23,2022-10-11 23:21:00.000,2023-03-21 22:05:00.000,UTC,STATION:L19 L1,40.39581,-91.37501,,,,Transceiver,VR2TX,NOT USED,A69-1601-62676,,,,,STATION,L19 L1,POINT (-91.37501 40.39581),"Battery 70%|Added this deploy record for RAFT format, Battery 70%"
"2025-03-12",TRANSMITTER,USGS,UMESCUMR,L19 L1-VR2TX-480676-A69-1601-62676-2023-03-21T22,2023-03-21 22:10:00.000,2023-08-16 14:33:00.000,UTC,STATION:L19 L1,40.39581,-91.37501,,,,Transceiver,VR2TX,NOT USED,A69-1601-62676,,,,,STATION,L19 L1,POINT (-91.37501 40.39581),"Battery 40%|Added this deploy record for RAFT format, Battery 40%"
"2025-03-12",TRANSMITTER,USGS,UMESCUMR,L19 L1-VR2TX-480676-A69-1601-62676-2023-08-16T14,2023-08-16 14:38:00.000,2023-11-13 22:45:00.000,UTC,STATION:L19 L1,40.39581,-91.37501,,,,Transceiver,VR2TX,NOT USED,A69-1601-62676,,,,,STATION,L19 L1,POINT (-91.37501 40.39581),"New Battery|Added this deploy record for RAFT format, New Battery"
"2025-03-12",TRANSMITTER,USGS,UMESCUMR,L19 L1-VR2TX-480673-A69-1601-62673-2019-06-25T17,2019-06-25 17:05:00.000,2019-07-30 17:00:00.000,UTC,STATION:L19 L1,40.39439,-91.37567,,,,Transceiver,VR2TX,NOT USED,A69-1601-62673,,,,,STATION,L19 L1,POINT (-91.37567 40.39439),|Added this deploy record for RAFT format
"2025-03-12",TRANSMITTER,USGS,UMESCUMR,L19 L1-VR2TX-480673-A69-1601-62673-2019-07-30T17,2019-07-30 17:05:00.000,2019-09-09 17:00:00.000,UTC,STATION:L19 L1,40.39439,-91.37567,,,,Transceiver,VR2TX,NOT USED,A69-1601-62673,,,,,STATION,L19 L1,POINT (-91.37567 40.39439),|Added this deploy record for RAFT format
"2025-03-12",TRANSMITTER,USGS,UMESCUMR,L19 ST01-VR2TX-480685-A69-1601-62685-2017-03-15T17,2017-03-15 17:00:00.000,2017-11-09 18:00:00.000,UTC,STATION:L19 ST01,40.39242,-91.37622,,,,Transceiver,VR2TX,NOT USED,A69-1601-62685,,,,,STATION,L19 ST01,POINT (-91.37622 40.39242),""
"2025-03-12",TRANSMITTER,USGS,UMESCUMR,L19 L1-VR2TX-480704-A69-1601-62704-2020-12-01T16,2020-12-01 16:53:00.000,2021-02-25 19:34:00.000,UTC,STATION:L19 L1,40.39439,-91.37567,,,,Transceiver,VR2TX,NOT USED,A69-1601-62704,,,,,STATION,L19 L1,POINT (-91.37567 40.39439),"Removed for L19 HTI diver installation, redeployed same day. Data was not offloaded, therefore no VRL file.|Added this deploy record for RAFT format, Removed for L19 HTI diver installation, redeployed same day. Data was not offloaded, therefore no VRL file."
"2025-03-12",TRANSMITTER,USGS,UMESCUMR,L19 L1-VR2TX-480704-A69-1601-62704-2021-02-25T21,2021-02-25 21:51:00.000,2021-08-16 12:11:00.000,UTC,STATION:L19 L1,40.39439,-91.37567,,,,Transceiver,VR2TX,NOT USED,A69-1601-62704,,,,,STATION,L19 L1,POINT (-91.37567 40.39439),"Redeployed after L19 HTI diver installation. Data was not offloaded., Recovered from bottom of ladder well by divers in Mar 2022. Its last detection was on 8/16/21, after that the battery died. Therefore, 8/16/2021 becomes the Retrieval Remove date."
"2025-03-12",TRANSMITTER,USGS,UMESCUMR,L19 L2-VR2TX-480677-A69-1601-62677-2020-06-04T17,2020-06-04 17:00:00.000,2020-12-01 17:11:00.000,UTC,STATION:L19 L2,40.39296,-91.37633,,,,Transceiver,VR2TX,NOT USED,A69-1601-62677,,,,,STATION,L19 L2,POINT (-91.37633 40.39296),"Deployed with cable to replace 480695, which had rope cut and presumed at bottom of ladder well."
"2025-03-12",TRANSMITTER,USGS,UMESCUMR,L19 L2-VR2TX-480677-A69-1601-62677-2021-02-25T21,2021-02-25 21:46:00.000,2021-04-30 18:45:00.000,UTC,STATION:L19 L2,40.39296,-91.37633,,,,Transceiver,VR2TX,NOT USED,A69-1601-62677,,,,,STATION,L19 L2,POINT (-91.37633 40.39296),Redeployed after L19 HTI diver installation. Data was not offloaded.
"2025-03-12",TRANSMITTER,USGS,UMESCUMR,L19 L2-VR2TX-480695-A69-1601-62695-2019-04-03T17,2019-04-03 17:00:00.000,2019-06-25 17:00:00.000,UTC,STATION:L19 L2,40.39296,-91.37633,,,,Transceiver,VR2TX,NOT USED,A69-1601-62695,,,,,STATION,L19 L2,POINT (-91.37633 40.39296),Transmitting low power 10min fixed
"2025-03-12",TRANSMITTER,USGS,UMESCUMR,L19 L3-VR2TX-480699-A69-1601-62699-2019-04-03T17,2019-04-03 17:00:00.000,2019-06-25 17:00:00.000,UTC,STATION:L19 L3,40.39375,-91.37555,,,,Transceiver,VR2TX,NOT USED,A69-1601-62699,,,,,STATION,L19 L3,POINT (-91.37555 40.39375),Transmitting low power 10min fixed
"2025-03-12",TRANSMITTER,USGS,UMESCUMR,L19 L2-VR2TX-480677-A69-1601-62677-2021-05-17T22,2021-05-17 22:32:00.000,2021-05-21 13:51:00.000,UTC,STATION:L19 L2,40.39296,-91.37633,,,,Transceiver,VR2TX,NOT USED,A69-1601-62677,,,,,STATION,L19 L2,POINT (-91.37633 40.39296),"30% battery|Added this deploy record for RAFT format, 30% battery"
"2025-03-12",TRANSMITTER,USGS,UMESCUMR,L19 L2-VR2TX-480677-A69-1601-62677-2021-08-20T16,2021-08-20 16:47:00.000,2021-11-23 22:57:00.000,UTC,STATION:L19 L2,40.39296,-91.37633,,,,Transceiver,VR2TX,NOT USED,A69-1601-62677,,,,,STATION,L19 L2,POINT (-91.37633 40.39296),|Added this deploy record for RAFT format
"2025-03-12",TRANSMITTER,USGS,UMESCUMR,L19 L2-VR2TX-480677-A69-1601-62677-2021-11-23T23,2021-11-23 23:02:00.000,2022-03-25 20:14:00.000,UTC,STATION:L19 L2,40.39296,-91.37633,,,,Transceiver,VR2TX,NOT USED,A69-1601-62677,,,,,STATION,L19 L2,POINT (-91.37633 40.39296),"60% Battery|Added this deploy record for RAFT format, 60% Battery"
"2025-03-12",TRANSMITTER,USGS,UMESCUMR,L19 L4-VR2TX-480703-A69-1601-62703-2023-08-16T14,2023-08-16 14:53:00.000,2023-11-14 16:38:00.000,UTC,STATION:L19 L4,40.39504,-91.37493,,,,Transceiver,VR2TX,NOT USED,A69-1601-62703,,,,,STATION,L19 L4,POINT (-91.37493 40.39504),"New Battery|Added this deploy record for RAFT format, New Battery"
"2025-03-12",TRANSMITTER,USGS,UMESCUMR,L19 L2-VR2TX-480677-A69-1601-62677-2022-05-25T20,2022-05-25 20:45:00.000,2022-10-12 00:03:00.000,UTC,STATION:L19 L2,40.39296,-91.37633,,,,Transceiver,VR2TX,NOT USED,A69-1601-62677,,,,,STATION,L19 L2,POINT (-91.37633 40.39296),"New battery|Added this deploy record for RAFT format, New battery"
"2025-03-12",TRANSMITTER,USGS,UMESCUMR,L19 L2-VR2TX-480677-A69-1601-62677-2022-10-12T00,2022-10-12 00:08:00.000,2023-03-21 22:15:00.000,UTC,STATION:L19 L2,40.39296,-91.37633,,,,Transceiver,VR2TX,NOT USED,A69-1601-62677,,,,,STATION,L19 L2,POINT (-91.37633 40.39296),"Battery 70%|Added this deploy record for RAFT format, Battery 70%"
"2025-03-12",TRANSMITTER,USGS,UMESCUMR,L19 L2-VR2TX-480677-A69-1601-62677-2023-08-16T13,2023-08-16 13:36:00.000,2023-11-13 22:22:00.000,UTC,STATION:L19 L2,40.39296,-91.37633,,,,Transceiver,VR2TX,NOT USED,A69-1601-62677,,,,,STATION,L19 L2,POINT (-91.37633 40.39296),"New Battery|Added this deploy record for RAFT format, New Battery"
"2025-03-12",TRANSMITTER,USGS,UMESCUMR,L19 L2-VR2TX-480695-A69-1601-62695-2019-06-25T17,2019-06-25 17:05:00.000,2019-07-30 17:00:00.000,UTC,STATION:L19 L2,40.39296,-91.37633,,,,Transceiver,VR2TX,NOT USED,A69-1601-62695,,,,,STATION,L19 L2,POINT (-91.37633 40.39296),|Added this deploy record for RAFT format
"2025-03-12",TRANSMITTER,USGS,UMESCUMR,L19 L2-VR2TX-480695-A69-1601-62695-2019-09-09T17,2019-09-09 17:05:00.000,2019-12-05 18:00:00.000,UTC,STATION:L19 L2,40.39296,-91.37633,,,,Transceiver,VR2TX,NOT USED,A69-1601-62695,,,,,STATION,L19 L2,POINT (-91.37633 40.39296),"Transmitter disabled|Added this deploy record for RAFT format, Transmitter disabled"
"2025-03-12",TRANSMITTER,USGS,UMESCUMR,L19 L3-VR2TX-480699-A69-1601-62699-2019-06-25T17,2019-06-25 17:05:00.000,2019-07-30 17:00:00.000,UTC,STATION:L19 L3,40.39375,-91.37555,,,,Transceiver,VR2TX,NOT USED,A69-1601-62699,,,,,STATION,L19 L3,POINT (-91.37555 40.39375),|Added this deploy record for RAFT format
"2025-03-12",TRANSMITTER,USGS,UMESCUMR,L19 L3-VR2TX-480699-A69-1601-62699-2019-09-09T17,2019-09-09 17:05:00.000,2019-12-05 18:00:00.000,UTC,STATION:L19 L3,40.39375,-91.37555,,,,Transceiver,VR2TX,NOT USED,A69-1601-62699,,,,,STATION,L19 L3,POINT (-91.37555 40.39375),"Transmitter disabled|Added this deploy record for RAFT format, Transmitter disabled"
"2025-03-12",TRANSMITTER,USGS,UMESCUMR,L19 L3-VR2TX-480699-A69-1601-62699-2019-12-05T18,2019-12-05 18:05:00.000,2020-06-04 17:00:00.000,UTC,STATION:L19 L3,40.39375,-91.37555,,,,Transceiver,VR2TX,NOT USED,A69-1601-62699,,,,,STATION,L19 L3,POINT (-91.37555 40.39375),"New battery|Added this deploy record for RAFT format, New battery"
"2025-03-12",TRANSMITTER,USGS,UMESCUMR,L19 L2-VR2TX-480677-A69-1601-62677-2020-12-01T17,2020-12-01 17:16:00.000,2021-02-25 13:41:00.000,UTC,STATION:L19 L2,40.39296,-91.37633,,,,Transceiver,VR2TX,NOT USED,A69-1601-62677,,,,,STATION,L19 L2,POINT (-91.37633 40.39296),"Removed for L19 HTI diver installation, redeployed same day. Data was not offloaded, therefore no VRL file.|Added this deploy record for RAFT format, Removed for L19 HTI diver installation, redeployed same day. Data was not offloaded, therefore no VRL file."
"2025-03-12",TRANSMITTER,USGS,UMESCUMR,L19 L2-VR2TX-480677-A69-1601-62677-2022-03-25T20,2022-03-25 20:19:00.000,2022-05-25 20:40:00.000,UTC,STATION:L19 L2,40.39296,-91.37633,,,,Transceiver,VR2TX,NOT USED,A69-1601-62677,,,,,STATION,L19 L2,POINT (-91.37633 40.39296),"firmware update 5.1.8 to 5.2.2, 45% battery|Added this deploy record for RAFT format, firmware update 5.1.8 to 5.2.2, 45% battery"
"2025-03-12",TRANSMITTER,USGS,UMESCUMR,L19 L2-VR2TX-480677-A69-1601-62677-2023-03-21T22,2023-03-21 22:20:00.000,2023-08-16 13:31:00.000,UTC,STATION:L19 L2,40.39296,-91.37633,,,,Transceiver,VR2TX,NOT USED,A69-1601-62677,,,,,STATION,L19 L2,POINT (-91.37633 40.39296),"Battery New, Receiver wouldn't connect without new battery.|Added this deploy record for RAFT format, Battery New, Receiver wouldn't connect without new battery."
"2025-03-12",TRANSMITTER,USGS,UMESCUMR,L19 L4-VR2TX-480703-A69-1601-62703-2021-10-04T20,2021-10-04 20:30:00.000,2021-11-23 22:32:00.000,UTC,STATION:L19 L4,40.39504,-91.37493,,,,Transceiver,VR2TX,NOT USED,A69-1601-62703,,,,,STATION,L19 L4,POINT (-91.37493 40.39504),"Same location as MDC lock receiver, firmware updated to 5.1.8, transmitter OFF"
"2025-03-12",TRANSMITTER,USGS,UMESCUMR,L19 ST01-VR2TX-480685-A69-1601-62685-2019-04-03T17,2019-04-03 17:00:00.000,2019-07-30 17:00:00.000,UTC,STATION:L19 ST01,40.39244,-91.37617,,,,Transceiver,VR2TX,NOT USED,A69-1601-62685,,,,,STATION,L19 ST01,POINT (-91.37617 40.39244),"Transmitting low power 10min fixed, Recovered and removed; rope was cut and receiver was at bottom of ladder well"
"2025-03-12",TRANSMITTER,USGS,UMESCUMR,L19 ST01-VR2TX-480715-A69-1601-62715-2019-05-23T17,2019-05-23 17:00:00.000,2019-07-29 17:00:00.000,UTC,STATION:L19 ST01,40.39244,-91.37617,,,,Transceiver,VR2TX,NOT USED,A69-1601-62715,,,,,STATION,L19 ST01,POINT (-91.37617 40.39244),"Deployed to replace 480685 which had rope cut. Transmitting low power 10min fixed, Recovered from bottom of ladder well and re-deployed with cable"
"2025-03-12",TRANSMITTER,USGS,UMESCUMR,L19 ST01-VR2TX-480715-A69-1601-62715-2021-03-09T17,2021-03-09 17:32:00.000,2021-05-21 13:33:00.000,UTC,STATION:L19 ST01,40.39244,-91.37617,,,,Transceiver,VR2TX,NOT USED,A69-1601-62715,,,,,STATION,L19 ST01,POINT (-91.37617 40.39244),"Redeployed after uADS/HTI installation, 40% battery; Firmware updated to 5.1.4"
"2025-03-12",TRANSMITTER,USGS,UMESCUMR,L19 L3-VR2TX-480699-A69-1601-62699-2021-08-20T16,2021-08-20 16:39:00.000,2021-11-23 22:46:00.000,UTC,STATION:L19 L3,40.39395,-91.37555,,,,Transceiver,VR2TX,NOT USED,A69-1601-62699,,,,,STATION,L19 L3,POINT (-91.37555 40.39395),|Added this deploy record for RAFT format
"2025-03-12",TRANSMITTER,USGS,UMESCUMR,L19 L3-VR2TX-480699-A69-1601-62699-2021-11-23T22,2021-11-23 22:51:00.000,2022-03-25 19:46:00.000,UTC,STATION:L19 L3,40.39395,-91.37555,,,,Transceiver,VR2TX,NOT USED,A69-1601-62699,,,,,STATION,L19 L3,POINT (-91.37555 40.39395),"60% Battery|Added this deploy record for RAFT format, 60% Battery"
"2025-03-12",TRANSMITTER,USGS,UMESCUMR,L19 L3-VR2TX-480699-A69-1601-62699-2022-03-25T19,2022-03-25 19:51:00.000,2022-05-25 20:33:00.000,UTC,STATION:L19 L3,40.39395,-91.37555,,,,Transceiver,VR2TX,NOT USED,A69-1601-62699,,,,,STATION,L19 L3,POINT (-91.37555 40.39395),"firmware update 5.1.8 to 5.2.2, 45% battery|Added this deploy record for RAFT format, firmware update 5.1.8 to 5.2.2, 45% battery"
"2025-03-12",TRANSMITTER,USGS,UMESCUMR,L19 L3-VR2TX-480699-A69-1601-62699-2022-10-11T22,2022-10-11 22:28:00.000,2023-03-21 21:15:00.000,UTC,STATION:L19 L3,40.39395,-91.37555,,,,Transceiver,VR2TX,NOT USED,A69-1601-62699,,,,,STATION,L19 L3,POINT (-91.37555 40.39395),"Battery 70%|Added this deploy record for RAFT format, Battery 70%"
"2025-03-12",TRANSMITTER,USGS,UMESCUMR,L19 L3-VR2TX-480699-A69-1601-62699-2023-03-21T21,2023-03-21 21:20:00.000,2023-08-16 14:56:00.000,UTC,STATION:L19 L3,40.39395,-91.37555,,,,Transceiver,VR2TX,NOT USED,A69-1601-62699,,,,,STATION,L19 L3,POINT (-91.37555 40.39395),"Battery 40%|Added this deploy record for RAFT format, Battery 40%"
"2025-03-12",TRANSMITTER,USGS,UMESCUMR,L19 L4-VR2TX-480703-A69-1601-62703-2021-11-23T22,2021-11-23 22:37:00.000,2022-03-25 19:53:00.000,UTC,STATION:L19 L4,40.39504,-91.37493,,,,Transceiver,VR2TX,NOT USED,A69-1601-62703,,,,,STATION,L19 L4,POINT (-91.37493 40.39504),"65% Battery|Added this deploy record for RAFT format, 65% Battery"
"2025-03-12",TRANSMITTER,USGS,UMESCUMR,L19 L4-VR2TX-480703-A69-1601-62703-2022-05-25T20,2022-05-25 20:30:00.000,2022-10-11 22:50:00.000,UTC,STATION:L19 L4,40.39504,-91.37493,,,,Transceiver,VR2TX,NOT USED,A69-1601-62703,,,,,STATION,L19 L4,POINT (-91.37493 40.39504),"New battery|Added this deploy record for RAFT format, New battery"
"2025-03-12",TRANSMITTER,USGS,UMESCUMR,L19 L4-VR2TX-480703-A69-1601-62703-2022-10-11T22,2022-10-11 22:55:00.000,2023-03-21 21:20:00.000,UTC,STATION:L19 L4,40.39504,-91.37493,,,,Transceiver,VR2TX,NOT USED,A69-1601-62703,,,,,STATION,L19 L4,POINT (-91.37493 40.39504),"Battery 70%|Added this deploy record for RAFT format, Battery 70%"
"2025-03-12",TRANSMITTER,USGS,UMESCUMR,L19 L4-VR2TX-480703-A69-1601-62703-2023-03-21T21,2023-03-21 21:25:00.000,2023-08-16 14:48:00.000,UTC,STATION:L19 L4,40.39504,-91.37493,,,,Transceiver,VR2TX,NOT USED,A69-1601-62703,,,,,STATION,L19 L4,POINT (-91.37493 40.39504),"Battery 40%|Added this deploy record for RAFT format, Battery 40%"
"2025-03-12",TRANSMITTER,USGS,UMESCUMR,L19 ST01-VR2TX-480715-A69-1601-62715-2019-07-29T17,2019-07-29 17:05:00.000,2019-09-09 17:00:00.000,UTC,STATION:L19 ST01,40.39244,-91.37617,,,,Transceiver,VR2TX,NOT USED,A69-1601-62715,,,,,STATION,L19 ST01,POINT (-91.37617 40.39244),|Added this deploy record for RAFT format
"2025-03-12",TRANSMITTER,USGS,UMESCUMR,L19 ST01-VR2TX-480715-A69-1601-62715-2019-09-09T17,2019-09-09 17:05:00.000,2019-12-05 18:00:00.000,UTC,STATION:L19 ST01,40.39244,-91.37617,,,,Transceiver,VR2TX,NOT USED,A69-1601-62715,,,,,STATION,L19 ST01,POINT (-91.37617 40.39244),|Added this deploy record for RAFT format
"2025-03-12",TRANSMITTER,USGS,UMESCUMR,L19 ST01-VR2TX-480715-A69-1601-62715-2020-06-04T17,2020-06-04 17:05:00.000,2020-12-01 17:20:00.000,UTC,STATION:L19 ST01,40.39244,-91.37617,,,,Transceiver,VR2TX,NOT USED,A69-1601-62715,,,,,STATION,L19 ST01,POINT (-91.37617 40.39244),|Added this deploy record for RAFT format
"2025-03-12",TRANSMITTER,USGS,UMESCUMR,L19 ST01-VR2TX-480685-A69-1601-62685-2017-11-09T18,2017-11-09 18:05:00.000,2018-08-02 17:00:00.000,UTC,STATION:L19 ST01,40.39242,-91.37622,,,,Transceiver,VR2TX,NOT USED,A69-1601-62685,,,,,STATION,L19 ST01,POINT (-91.37622 40.39242),|Added this deploy record for RAFT format
"2025-03-12",TRANSMITTER,USGS,UMESCUMR,L19 ST01-VR2TX-480685-A69-1601-62685-2018-08-02T17,2018-08-02 17:05:00.000,2018-11-28 18:00:00.000,UTC,STATION:L19 ST01,40.39242,-91.37622,,,,Transceiver,VR2TX,NOT USED,A69-1601-62685,,,,,STATION,L19 ST01,POINT (-91.37622 40.39242),|Added this deploy record for RAFT format
"2025-03-12",TRANSMITTER,USGS,UMESCUMR,L19 L3-VR2TX-480699-A69-1601-62699-2021-05-01T20,2021-05-01 20:05:00.000,2021-05-21 13:44:00.000,UTC,STATION:L19 L3,40.39395,-91.37555,,,,Transceiver,VR2TX,NOT USED,A69-1601-62699,,,,,STATION,L19 L3,POINT (-91.37555 40.39395),"30% battery; Firmware updated to 5.1.4|Added this deploy record for RAFT format, 30% battery; Firmware updated to 5.1.4"
"2025-03-12",TRANSMITTER,USGS,UMESCUMR,L19 L3-VR2TX-480699-A69-1601-62699-2022-05-25T20,2022-05-25 20:38:00.000,2022-10-11 22:23:00.000,UTC,STATION:L19 L3,40.39395,-91.37555,,,,Transceiver,VR2TX,NOT USED,A69-1601-62699,,,,,STATION,L19 L3,POINT (-91.37555 40.39395),"New battery|Added this deploy record for RAFT format, New battery"
"2025-03-12",TRANSMITTER,USGS,UMESCUMR,L19 ST01-VR2TX-480715-A69-1601-62715-2020-12-01T17,2020-12-01 17:25:00.000,2021-01-11 17:20:00.000,UTC,STATION:L19 ST01,40.39244,-91.37617,,,,Transceiver,VR2TX,NOT USED,A69-1601-62715,,,,,STATION,L19 ST01,POINT (-91.37617 40.39244),"Pulled for HTI installation|Added this deploy record for RAFT format, Pulled for HTI installation"
"2025-03-12",TRANSMITTER,USGS,UMESCUMR,L19 ST03-VR2TX-480713-A69-1601-62713-2017-03-15T17,2017-03-15 17:00:00.000,2017-11-09 18:00:00.000,UTC,STATION:L19 ST03,40.39141,-91.37664,,,,Transceiver,VR2TX,NOT USED,A69-1601-62713,,,,,STATION,L19 ST03,POINT (-91.37664 40.39141),""
"2025-03-12",TRANSMITTER,USGS,UMESCUMR,L19 ST03-VR2TX-480713-A69-1601-62713-2019-04-03T17,2019-04-03 17:00:00.000,2019-06-25 17:00:00.000,UTC,STATION:L19 ST03,40.39149,-91.37667,,,2.8,Transceiver,VR2TX,NOT USED,A69-1601-62713,,,,,STATION,L19 ST03,POINT (-91.37667 40.39149),"Instrument depth from bottom. Transmitting low power 10min fixed, Instrument depth from bottom"
"2025-03-12",TRANSMITTER,USGS,UMESCUMR,L19 ST04-VR2TX-480706-A69-1601-62706-2017-03-15T17,2017-03-15 17:00:00.000,2017-11-09 18:00:00.000,UTC,STATION:L19 ST04,40.39246,-91.37659,,,,Transceiver,VR2TX,NOT USED,A69-1601-62706,,,,,STATION,L19 ST04,POINT (-91.37659 40.39246),""
"2025-03-12",TRANSMITTER,USGS,UMESCUMR,L19 ST04-VR2TX-480706-A69-1601-62706-2019-04-03T17,2019-04-03 17:00:00.000,2019-06-25 17:00:00.000,UTC,STATION:L19 ST04,40.39252,-91.37657,,,2.1,Transceiver,VR2TX,NOT USED,A69-1601-62706,,,,,STATION,L19 ST04,POINT (-91.37657 40.39252),"Instrument depth from bottom. Transmitting low power 10min fixed, Instrument depth from bottom"
"2025-03-12",TRANSMITTER,USGS,UMESCUMR,L19 ST03-VR2TX-480713-A69-1601-62713-2017-11-09T18,2017-11-09 18:05:00.000,2018-08-02 17:00:00.000,UTC,STATION:L19 ST03,40.39141,-91.37664,,,,Transceiver,VR2TX,NOT USED,A69-1601-62713,,,,,STATION,L19 ST03,POINT (-91.37664 40.39141),|Added this deploy record for RAFT format
"2025-03-12",TRANSMITTER,USGS,UMESCUMR,L19 ST03-VR2TX-480713-A69-1601-62713-2018-08-02T17,2018-08-02 17:05:00.000,2018-11-28 18:00:00.000,UTC,STATION:L19 ST03,40.39141,-91.37664,,,,Transceiver,VR2TX,NOT USED,A69-1601-62713,,,,,STATION,L19 ST03,POINT (-91.37664 40.39141),|Added this deploy record for RAFT format
"2025-03-12",TRANSMITTER,USGS,UMESCUMR,L19 ST03-VR2TX-480713-A69-1601-62713-2019-07-29T17,2019-07-29 17:05:00.000,2019-09-09 17:00:00.000,UTC,STATION:L19 ST03,40.39149,-91.37667,,,2.8,Transceiver,VR2TX,NOT USED,A69-1601-62713,,,,,STATION,L19 ST03,POINT (-91.37667 40.39149),"Instrument depth from bottom|Added this deploy record for RAFT format, Instrument depth from bottom"
"2025-03-12",TRANSMITTER,USGS,UMESCUMR,L19 ST03-VR2TX-480713-A69-1601-62713-2019-09-09T17,2019-09-09 17:05:00.000,2019-12-05 18:00:00.000,UTC,STATION:L19 ST03,40.39149,-91.37667,,,2.8,Transceiver,VR2TX,NOT USED,A69-1601-62713,,,,,STATION,L19 ST03,POINT (-91.37667 40.39149),"Instrument depth from bottom|Added this deploy record for RAFT format, Instrument depth from bottom"
"2025-03-12",TRANSMITTER,USGS,UMESCUMR,L19 ST03-VR2TX-480713-A69-1601-62713-2020-06-04T17,2020-06-04 17:05:00.000,2020-12-01 18:16:00.000,UTC,STATION:L19 ST03,40.39149,-91.37667,,,,Transceiver,VR2TX,NOT USED,A69-1601-62713,,,,,STATION,L19 ST03,POINT (-91.37667 40.39149),|Added this deploy record for RAFT format
"2025-03-12",TRANSMITTER,USGS,UMESCUMR,L19 ST01-VR2TX-480715-A69-1601-62715-2021-05-21T13,2021-05-21 13:38:00.000,2021-08-20 16:19:00.000,UTC,STATION:L19 ST01,40.39244,-91.37617,,,,Transceiver,VR2TX,NOT USED,A69-1601-62715,,,,,STATION,L19 ST01,POINT (-91.37617 40.39244),"Battery replaced, firmware updated to 5.1.8|Added this deploy record for RAFT format, Battery replaced, firmware updated to 5.1.8"
"2025-03-12",TRANSMITTER,USGS,UMESCUMR,L19 ST01-VR2TX-480715-A69-1601-62715-2021-08-20T16,2021-08-20 16:24:00.000,2021-11-23 20:04:00.000,UTC,STATION:L19 ST01,40.39244,-91.37617,,,,Transceiver,VR2TX,NOT USED,A69-1601-62715,,,,,STATION,L19 ST01,POINT (-91.37617 40.39244),|Added this deploy record for RAFT format
"2025-03-12",TRANSMITTER,USGS,UMESCUMR,L19 ST01-VR2TX-480715-A69-1601-62715-2021-11-23T20,2021-11-23 20:09:00.000,2022-03-25 19:38:00.000,UTC,STATION:L19 ST01,40.39244,-91.37617,,,,Transceiver,VR2TX,NOT USED,A69-1601-62715,,,,,STATION,L19 ST01,POINT (-91.37617 40.39244),"60% Battery|Added this deploy record for RAFT format, 60% Battery"
"2025-03-12",TRANSMITTER,USGS,UMESCUMR,L19 ST01-VR2TX-480715-A69-1601-62715-2022-05-25T21,2022-05-25 21:09:00.000,2022-10-11 21:58:00.000,UTC,STATION:L19 ST01,40.39244,-91.37617,,,,Transceiver,VR2TX,NOT USED,A69-1601-62715,,,,,STATION,L19 ST01,POINT (-91.37617 40.39244),"New battery|Added this deploy record for RAFT format, New battery"
"2025-03-12",TRANSMITTER,USGS,UMESCUMR,L19 ST01-VR2TX-480715-A69-1601-62715-2023-03-21T18,2023-03-21 18:25:00.000,2023-08-16 15:01:00.000,UTC,STATION:L19 ST01,40.39244,-91.37617,,,,Transceiver,VR2TX,NOT USED,A69-1601-62715,,,,,STATION,L19 ST01,POINT (-91.37617 40.39244),"Battery New, Needed new battery to connect.|Added this deploy record for RAFT format, Battery New, Needed new battery to connect."
"2025-03-12",TRANSMITTER,USGS,UMESCUMR,L19 ST01-VR2TX-480715-A69-1601-62715-2023-08-16T15,2023-08-16 15:06:00.000,2023-11-14 19:10:00.000,UTC,STATION:L19 ST01,40.39244,-91.37617,,,,Transceiver,VR2TX,NOT USED,A69-1601-62715,,,,,STATION,L19 ST01,POINT (-91.37617 40.39244),"New Battery|Added this deploy record for RAFT format, New Battery"
"2025-03-12",TRANSMITTER,USGS,UMESCUMR,L19 ST04-VR2TX-480706-A69-1601-62706-2019-06-25T17,2019-06-25 17:05:00.000,2019-07-29 17:00:00.000,UTC,STATION:L19 ST04,40.39252,-91.37657,,,2.1,Transceiver,VR2TX,NOT USED,A69-1601-62706,,,,,STATION,L19 ST04,POINT (-91.37657 40.39252),"Instrument depth from bottom|Added this deploy record for RAFT format, Instrument depth from bottom"
"2025-03-12",TRANSMITTER,USGS,UMESCUMR,L19 ST04-VR2TX-480706-A69-1601-62706-2019-07-29T17,2019-07-29 17:05:00.000,2019-09-09 17:00:00.000,UTC,STATION:L19 ST04,40.39252,-91.37657,,,2.1,Transceiver,VR2TX,NOT USED,A69-1601-62706,,,,,STATION,L19 ST04,POINT (-91.37657 40.39252),"Instrument depth from bottom|Added this deploy record for RAFT format, Instrument depth from bottom"
"2025-03-12",TRANSMITTER,USGS,UMESCUMR,L19 ST04-VR2TX-480706-A69-1601-62706-2019-12-05T18,2019-12-05 18:05:00.000,2020-06-04 17:00:00.000,UTC,STATION:L19 ST04,40.39252,-91.37657,,,2.1,Transceiver,VR2TX,NOT USED,A69-1601-62706,,,,,STATION,L19 ST04,POINT (-91.37657 40.39252),"New battery; Page 729, 1075 Data Parsing Error. Instrument depth from bottom|Added this deploy record for RAFT format, New battery; Page 729, 1075 Data Parsing Error. Instrument depth from bottom"
"2025-03-12",TRANSMITTER,USGS,UMESCUMR,L19 ST04-VR2TX-480706-A69-1601-62706-2020-06-04T17,2020-06-04 17:05:00.000,2020-12-01 17:26:00.000,UTC,STATION:L19 ST04,40.39252,-91.37657,,,,Transceiver,VR2TX,NOT USED,A69-1601-62706,,,,,STATION,L19 ST04,POINT (-91.37657 40.39252),|Added this deploy record for RAFT format
"2025-03-12",TRANSMITTER,USGS,UMESCUMR,L19 ST03-VR2TX-480713-A69-1601-62713-2019-06-25T17,2019-06-25 17:05:00.000,2019-07-29 17:00:00.000,UTC,STATION:L19 ST03,40.39149,-91.37667,,,2.8,Transceiver,VR2TX,NOT USED,A69-1601-62713,,,,,STATION,L19 ST03,POINT (-91.37667 40.39149),"Instrument depth from bottom|Added this deploy record for RAFT format, Instrument depth from bottom"
"2025-03-12",TRANSMITTER,USGS,UMESCUMR,L19 ST01-VR2TX-480715-A69-1601-62715-2022-03-25T19,2022-03-25 19:43:00.000,2022-05-25 21:04:00.000,UTC,STATION:L19 ST01,40.39244,-91.37617,,,,Transceiver,VR2TX,NOT USED,A69-1601-62715,,,,,STATION,L19 ST01,POINT (-91.37617 40.39244),"firmware update 5.1.8 to 5.2.2, 45% battery|Added this deploy record for RAFT format, firmware update 5.1.8 to 5.2.2, 45% battery"
"2025-03-12",TRANSMITTER,USGS,UMESCUMR,L19 ST04-VR2TX-480706-A69-1601-62706-2021-03-09T15,2021-03-09 15:40:00.000,2021-05-21 13:59:00.000,UTC,STATION:L19 ST04,40.39252,-91.37657,,,,Transceiver,VR2TX,NOT USED,A69-1601-62706,,,,,STATION,L19 ST04,POINT (-91.37657 40.39252),"Redeployed after uADS/HTI installation, 40% battery; Firmware updated to 5.1.4"
"2025-03-12",TRANSMITTER,USGS,UMESCUMR,L19 ST04-VR2TX-480706-A69-1601-62706-2022-04-01T21,2022-04-01 21:00:00.000,2022-05-25 20:57:00.000,UTC,STATION:L19 ST04,40.39252,-91.37657,,,,Transceiver,VR2TX,NOT USED,A69-1601-62706,,,,,STATION,L19 ST04,POINT (-91.37657 40.39252),"60% Battery, firmware update 5.1.8 to 5.2.2, 45% battery"
"2025-03-12",TRANSMITTER,USGS,UMESCUMR,L19 ST05-VR2TX-480696-A69-1601-62696-2017-03-15T17,2017-03-15 17:00:00.000,2017-11-09 18:00:00.000,UTC,STATION:L19 ST05,40.39207,-91.3769,,,,Transceiver,VR2TX,NOT USED,A69-1601-62696,,,,,STATION,L19 ST05,POINT (-91.3769 40.39207),""
"2025-03-12",TRANSMITTER,USGS,UMESCUMR,L19 ST05-VR2TX-480696-A69-1601-62696-2019-04-03T17,2019-04-03 17:00:00.000,2019-06-25 17:00:00.000,UTC,STATION:L19 ST05,40.39203,-91.37694,,,2.7,Transceiver,VR2TX,NOT USED,A69-1601-62696,,,,,STATION,L19 ST05,POINT (-91.37694 40.39203),"Instrument depth from bottom. Sync tag mounted here (9001-65336). Transmitting low power 10min fixed, Instrument depth from bottom. Sync tag mounted here (9001-65336)"
"2025-03-12",TRANSMITTER,USGS,UMESCUMR,L19 ST05-VR2TX-480696-A69-1601-62696-2021-03-09T15,2021-03-09 15:55:00.000,2021-05-21 14:09:00.000,UTC,STATION:L19 ST05,40.39203,-91.37694,,,,Transceiver,VR2TX,NOT USED,A69-1601-62696,,,,,STATION,L19 ST05,POINT (-91.37694 40.39203),"Redeployed after uADS/HTI installation, 40% battery; Firmware updated to 5.1.4"
"2025-03-12",TRANSMITTER,USGS,UMESCUMR,L19 ST05-VR2TX-480696-A69-1601-62696-2019-09-09T17,2019-09-09 17:05:00.000,2019-12-05 18:00:00.000,UTC,STATION:L19 ST05,40.39203,-91.37694,,,2.7,Transceiver,VR2TX,NOT USED,A69-1601-62696,,,,,STATION,L19 ST05,POINT (-91.37694 40.39203),"Instrument depth from bottom. Sync tag mounted here (9001-65336)|Added this deploy record for RAFT format, Instrument depth from bottom. Sync tag mounted here (9001-65336)"
"2025-03-12",TRANSMITTER,USGS,UMESCUMR,L19 ST05-VR2TX-480696-A69-1601-62696-2020-06-04T17,2020-06-04 17:05:00.000,2020-12-01 17:33:00.000,UTC,STATION:L19 ST05,40.39203,-91.37694,,,,Transceiver,VR2TX,NOT USED,A69-1601-62696,,,,,STATION,L19 ST05,POINT (-91.37694 40.39203),|Added this deploy record for RAFT format
"2025-03-12",TRANSMITTER,USGS,UMESCUMR,L19 ST05-VR2TX-480696-A69-1601-62696-2020-12-01T17,2020-12-01 17:38:00.000,2021-01-11 16:47:00.000,UTC,STATION:L19 ST05,40.39203,-91.37694,,,2.7,Transceiver,VR2TX,NOT USED,A69-1601-62696,,,,,STATION,L19 ST05,POINT (-91.37694 40.39203),"Pulled for HTI installation|Added this deploy record for RAFT format, Pulled for HTI installation"
"2025-03-12",TRANSMITTER,USGS,UMESCUMR,L19 ST05-VR2TX-480696-A69-1601-62696-2021-05-21T14,2021-05-21 14:14:00.000,2021-08-20 17:28:00.000,UTC,STATION:L19 ST05,40.39203,-91.37694,,,,Transceiver,VR2TX,NOT USED,A69-1601-62696,,,,,STATION,L19 ST05,POINT (-91.37694 40.39203),"Battery replaced, firmware updated to 5.1.8|Added this deploy record for RAFT format, Battery replaced, firmware updated to 5.1.8"
"2025-03-12",TRANSMITTER,USGS,UMESCUMR,L19 ST05-VR2TX-480696-A69-1601-62696-2021-11-23T19,2021-11-23 19:30:00.000,2022-03-25 20:22:00.000,UTC,STATION:L19 ST05,40.39203,-91.37694,,,,Transceiver,VR2TX,NOT USED,A69-1601-62696,,,,,STATION,L19 ST05,POINT (-91.37694 40.39203),"60% Battery|Added this deploy record for RAFT format, 60% Battery"
"2025-03-12",TRANSMITTER,USGS,UMESCUMR,L19 ST04-VR2TX-480706-A69-1601-62706-2021-08-20T17,2021-08-20 17:05:00.000,2021-11-23 19:57:00.000,UTC,STATION:L19 ST04,40.39252,-91.37657,,,,Transceiver,VR2TX,NOT USED,A69-1601-62706,,,,,STATION,L19 ST04,POINT (-91.37657 40.39252),|Added this deploy record for RAFT format
"2025-03-12",TRANSMITTER,USGS,UMESCUMR,L19 ST04-VR2TX-480706-A69-1601-62706-2022-05-25T21,2022-05-25 21:02:00.000,2022-10-12 18:09:00.000,UTC,STATION:L19 ST04,40.39252,-91.37657,,,,Transceiver,VR2TX,NOT USED,A69-1601-62706,,,,,STATION,L19 ST04,POINT (-91.37657 40.39252),"New battery|Added this deploy record for RAFT format, New battery"
"2025-03-12",TRANSMITTER,USGS,UMESCUMR,L19 ST04-VR2TX-480706-A69-1601-62706-2022-10-12T18,2022-10-12 18:14:00.000,2023-03-21 18:14:00.000,UTC,STATION:L19 ST04,40.39252,-91.37657,,,,Transceiver,VR2TX,NOT USED,A69-1601-62706,,,,,STATION,L19 ST04,POINT (-91.37657 40.39252),"Battery 70%|Added this deploy record for RAFT format, Battery 70%"
"2025-03-12",TRANSMITTER,USGS,UMESCUMR,L19 ST04-VR2TX-480706-A69-1601-62706-2023-03-21T18,2023-03-21 18:19:00.000,2023-08-16 15:14:00.000,UTC,STATION:L19 ST04,40.39252,-91.37657,,,,Transceiver,VR2TX,NOT USED,A69-1601-62706,,,,,STATION,L19 ST04,POINT (-91.37657 40.39252),"Battery New, Needed new battery to connect. Firmware updated|Added this deploy record for RAFT format, Battery New, Needed new battery to connect. Firmware updated"
"2025-03-12",TRANSMITTER,USGS,UMESCUMR,L19 ST04-VR2TX-480706-A69-1601-62706-2023-08-16T15,2023-08-16 15:19:00.000,2023-11-14 19:20:00.000,UTC,STATION:L19 ST04,40.39252,-91.37657,,,,Transceiver,VR2TX,NOT USED,A69-1601-62706,,,,,STATION,L19 ST04,POINT (-91.37657 40.39252),"New Battery|Added this deploy record for RAFT format, New Battery"
"2025-03-12",TRANSMITTER,USGS,UMESCUMR,L19 ST05-VR2TX-480696-A69-1601-62696-2017-11-09T18,2017-11-09 18:05:00.000,2018-08-02 17:00:00.000,UTC,STATION:L19 ST05,40.39207,-91.3769,,,,Transceiver,VR2TX,NOT USED,A69-1601-62696,,,,,STATION,L19 ST05,POINT (-91.3769 40.39207),|Added this deploy record for RAFT format
"2025-03-12",TRANSMITTER,USGS,UMESCUMR,L19 ST05-VR2TX-480696-A69-1601-62696-2019-12-05T18,2019-12-05 18:05:00.000,2020-06-04 17:00:00.000,UTC,STATION:L19 ST05,40.39203,-91.37694,,,2.7,Transceiver,VR2TX,NOT USED,A69-1601-62696,,,,,STATION,L19 ST05,POINT (-91.37694 40.39203),"New battery; Page 169 Data Parsing Error. Instrument depth from bottom. Sync tag mounted here (9001-65336)|Added this deploy record for RAFT format, New battery; Page 169 Data Parsing Error. Instrument depth from bottom. Sync tag mounted here (9001-65336)"
"2025-03-12",TRANSMITTER,USGS,UMESCUMR,L19 ST05-VR2TX-480696-A69-1601-62696-2022-03-25T20,2022-03-25 20:27:00.000,2022-05-25 20:51:00.000,UTC,STATION:L19 ST05,40.39203,-91.37694,,,,Transceiver,VR2TX,NOT USED,A69-1601-62696,,,,,STATION,L19 ST05,POINT (-91.37694 40.39203),"firmware update 5.1.8 to 5.2.2, 45% battery|Added this deploy record for RAFT format, firmware update 5.1.8 to 5.2.2, 45% battery"
"2025-03-12",TRANSMITTER,USGS,UMESCUMR,L19 ST04-VR2TX-480706-A69-1601-62706-2020-12-01T17,2020-12-01 17:31:00.000,2021-01-11 16:40:00.000,UTC,STATION:L19 ST04,40.39252,-91.37657,,,2.1,Transceiver,VR2TX,NOT USED,A69-1601-62706,,,,,STATION,L19 ST04,POINT (-91.37657 40.39252),"Pulled for HTI installation|Added this deploy record for RAFT format, Pulled for HTI installation"
"2025-03-12",TRANSMITTER,USGS,UMESCUMR,L19 ST04-VR2TX-480706-A69-1601-62706-2021-11-23T20,2021-11-23 20:02:00.000,2022-03-21 20:30:00.000,UTC,STATION:L19 ST04,40.39252,-91.37657,,,,Transceiver,VR2TX,NOT USED,A69-1601-62706,,,,,STATION,L19 ST04,POINT (-91.37657 40.39252),"Removed for divers. Offloaded 3/25/2022 while removed from ladder well. 60% Battery|Added this deploy record for RAFT format, Removed for divers. Offloaded 3/25/2022 while removed from ladder well. 60% Battery"
"2025-03-12",TRANSMITTER,USGS,UMESCUMR,L19 ST06-VR2TX-480698-A69-1601-62698-2017-03-15T17,2017-03-15 17:00:00.000,2017-11-09 18:00:00.000,UTC,STATION:L19 ST06,40.39149,-91.37742,,,,Transceiver,VR2TX,NOT USED,A69-1601-62698,,,,,STATION,L19 ST06,POINT (-91.37742 40.39149),""
"2025-03-12",TRANSMITTER,USGS,UMESCUMR,L19 ST06-VR2TX-480701-A69-1601-62701-2017-11-09T18,2017-11-09 18:00:00.000,2018-08-02 17:00:00.000,UTC,STATION:L19 ST06,40.39149,-91.37742,,,,Transceiver,VR2TX,NOT USED,A69-1601-62701,,,,,STATION,L19 ST06,POINT (-91.37742 40.39149),""
"2025-03-12",TRANSMITTER,USGS,UMESCUMR,L19 ST06-VR2TX-480701-A69-1601-62701-2019-04-03T17,2019-04-03 17:00:00.000,2019-06-25 17:00:00.000,UTC,STATION:L19 ST06,40.39149,-91.37748,,,,Transceiver,VR2TX,NOT USED,A69-1601-62701,,,,,STATION,L19 ST06,POINT (-91.37748 40.39149),Transmitting low power 10min fixed
"2025-03-12",TRANSMITTER,USGS,UMESCUMR,L19 ST06-VR2TX-480701-A69-1601-62701-2020-12-01T18,2020-12-01 18:05:00.000,2021-01-11 17:00:00.000,UTC,STATION:L19 ST06,40.39149,-91.37748,,,,Transceiver,VR2TX,NOT USED,A69-1601-62701,,,,,STATION,L19 ST06,POINT (-91.37748 40.39149),Pulled for HTI installation
"2025-03-12",TRANSMITTER,USGS,UMESCUMR,L19 ST06-VR2TX-480701-A69-1601-62701-2021-03-09T16,2021-03-09 16:50:00.000,2021-05-21 15:11:00.000,UTC,STATION:L19 ST06,40.39149,-91.37748,,,,Transceiver,VR2TX,NOT USED,A69-1601-62701,,,,,STATION,L19 ST06,POINT (-91.37748 40.39149),"Redeployed after uADS/HTI installation, 85% battery; Firmware updated to 5.1.4"
"2025-03-12",TRANSMITTER,USGS,UMESCUMR,L19 ST08-VR2TX-480697-A69-1601-62697-2022-10-11T22,2022-10-11 22:18:00.000,2023-03-21 19:03:00.000,UTC,STATION:L19 ST08,40.39252,-91.37599,,,,Transceiver,VR2TX,NOT USED,A69-1601-62697,,,,,STATION,L19 ST08,POINT (-91.37599 40.39252),"New battery; replaced 480710, Battery 70%"
"2025-03-12",TRANSMITTER,USGS,UMESCUMR,L19 ST08-VR2TX-480710-A69-1601-62710-2019-05-15T17,2019-05-15 17:00:00.000,2019-06-25 17:00:00.000,UTC,STATION:L19 ST08,40.39252,-91.37599,,,,Transceiver,VR2TX,NOT USED,A69-1601-62710,,,,,STATION,L19 ST08,POINT (-91.37599 40.39252),""
"2025-03-12",TRANSMITTER,USGS,UMESCUMR,L19 UPPER-VR2TX-480675-A69-1601-62675-2021-08-20T17,2021-08-20 17:31:00.000,2021-11-23 21:57:00.000,UTC,STATION:L19 UPPER,40.39613,-91.37424,,,,Transceiver,VR2TX,NOT USED,A69-1601-62675,,,,,STATION,L19 UPPER,POINT (-91.37424 40.39613),|Added this deploy record for RAFT format
"2025-03-12",TRANSMITTER,USGS,UMESCUMR,L19 ST05-VR2TX-480696-A69-1601-62696-2022-10-12T18,2022-10-12 18:15:00.000,2023-03-21 18:08:00.000,UTC,STATION:L19 ST05,40.39203,-91.37694,,,,Transceiver,VR2TX,NOT USED,A69-1601-62696,,,,,STATION,L19 ST05,POINT (-91.37694 40.39203),"Battery 70%|Added this deploy record for RAFT format, Battery 70%"
"2025-03-12",TRANSMITTER,USGS,UMESCUMR,L19 ST08-VR2TX-480697-A69-1601-62697-2023-03-21T19,2023-03-21 19:08:00.000,2023-08-16 16:05:00.000,UTC,STATION:L19 ST08,40.39252,-91.37599,,,,Transceiver,VR2TX,NOT USED,A69-1601-62697,,,,,STATION,L19 ST08,POINT (-91.37599 40.39252),"Battery 40%, Firmware updated|Added this deploy record for RAFT format, Battery 40%, Firmware updated"
"2025-03-12",TRANSMITTER,USGS,UMESCUMR,L19 ST08-VR2TX-480697-A69-1601-62697-2023-08-16T16,2023-08-16 16:10:00.000,2023-11-14 18:57:00.000,UTC,STATION:L19 ST08,40.39252,-91.37599,,,,Transceiver,VR2TX,NOT USED,A69-1601-62697,,,,,STATION,L19 ST08,POINT (-91.37599 40.39252),"New Battery|Added this deploy record for RAFT format, New Battery"
"2025-03-12",TRANSMITTER,USGS,UMESCUMR,L19 ST06-VR2TX-480701-A69-1601-62701-2018-08-02T17,2018-08-02 17:05:00.000,2018-11-28 18:00:00.000,UTC,STATION:L19 ST06,40.39149,-91.37742,,,,Transceiver,VR2TX,NOT USED,A69-1601-62701,,,,,STATION,L19 ST06,POINT (-91.37742 40.39149),|Added this deploy record for RAFT format
"2025-03-12",TRANSMITTER,USGS,UMESCUMR,L19 ST06-VR2TX-480701-A69-1601-62701-2019-06-25T17,2019-06-25 17:05:00.000,2019-07-29 17:00:00.000,UTC,STATION:L19 ST06,40.39149,-91.37748,,,,Transceiver,VR2TX,NOT USED,A69-1601-62701,,,,,STATION,L19 ST06,POINT (-91.37748 40.39149),|Added this deploy record for RAFT format
"2025-03-12",TRANSMITTER,USGS,UMESCUMR,L19 ST06-VR2TX-480701-A69-1601-62701-2019-09-09T17,2019-09-09 17:05:00.000,2019-12-05 18:00:00.000,UTC,STATION:L19 ST06,40.39149,-91.37748,,,,Transceiver,VR2TX,NOT USED,A69-1601-62701,,,,,STATION,L19 ST06,POINT (-91.37748 40.39149),|Added this deploy record for RAFT format
"2025-03-12",TRANSMITTER,USGS,UMESCUMR,L19 ST06-VR2TX-480701-A69-1601-62701-2021-05-21T15,2021-05-21 15:16:00.000,2021-08-19 21:11:00.000,UTC,STATION:L19 ST06,40.39149,-91.37748,,,,Transceiver,VR2TX,NOT USED,A69-1601-62701,,,,,STATION,L19 ST06,POINT (-91.37748 40.39149),"Battery replaced, firmware updated to 5.1.8|Added this deploy record for RAFT format, Battery replaced, firmware updated to 5.1.8"
"2025-03-12",TRANSMITTER,USGS,UMESCUMR,L19 ST06-VR2TX-480701-A69-1601-62701-2021-08-19T21,2021-08-19 21:16:00.000,2021-11-23 19:17:00.000,UTC,STATION:L19 ST06,40.39149,-91.37748,,,,Transceiver,VR2TX,NOT USED,A69-1601-62701,,,,,STATION,L19 ST06,POINT (-91.37748 40.39149),|Added this deploy record for RAFT format
"2025-03-12",TRANSMITTER,USGS,UMESCUMR,L19 ST06-VR2TX-480701-A69-1601-62701-2021-11-23T19,2021-11-23 19:22:00.000,2022-03-25 16:40:00.000,UTC,STATION:L19 ST06,40.39149,-91.37748,,,,Transceiver,VR2TX,NOT USED,A69-1601-62701,,,,,STATION,L19 ST06,POINT (-91.37748 40.39149),"60% Battery|Added this deploy record for RAFT format, 60% Battery"
"2025-03-12",TRANSMITTER,USGS,UMESCUMR,L19 ST06-VR2TX-480701-A69-1601-62701-2022-10-12T15,2022-10-12 15:23:00.000,2023-03-21 17:59:00.000,UTC,STATION:L19 ST06,40.39149,-91.37748,,,,Transceiver,VR2TX,NOT USED,A69-1601-62701,,,,,STATION,L19 ST06,POINT (-91.37748 40.39149),"Battery 70%, Updated firmware to 5.2.2|Added this deploy record for RAFT format, Battery 70%, Updated firmware to 5.2.2"
"2025-03-12",TRANSMITTER,USGS,UMESCUMR,L19 ST06-VR2TX-480701-A69-1601-62701-2023-03-21T18,2023-03-21 18:04:00.000,2023-08-16 13:20:00.000,UTC,STATION:L19 ST06,40.39149,-91.37748,,,,Transceiver,VR2TX,NOT USED,A69-1601-62701,,,,,STATION,L19 ST06,POINT (-91.37748 40.39149),"Battery 40%, Firmware update. Receiver had no station name. Changed to St06. Forgot the L19.|Added this deploy record for RAFT format, Battery 40%, Firmware update. Receiver had no station name. Changed to St06. Forgot the L19."
"2025-03-12",TRANSMITTER,USGS,UMESCUMR,L19 ST05-VR2TX-480696-A69-1601-62696-2023-08-16T15,2023-08-16 15:33:00.000,2023-11-14 19:30:00.000,UTC,STATION:L19 ST05,40.39203,-91.37694,,,,Transceiver,VR2TX,NOT USED,A69-1601-62696,,,,,STATION,L19 ST05,POINT (-91.37694 40.39203),"New Battery|Added this deploy record for RAFT format, New Battery"
"2025-03-12",TRANSMITTER,USGS,UMESCUMR,L19 ST06-VR2TX-480701-A69-1601-62701-2019-07-29T17,2019-07-29 17:05:00.000,2019-09-09 17:00:00.000,UTC,STATION:L19 ST06,40.39149,-91.37748,,,,Transceiver,VR2TX,NOT USED,A69-1601-62701,,,,,STATION,L19 ST06,POINT (-91.37748 40.39149),|Added this deploy record for RAFT format
"2025-03-12",TRANSMITTER,USGS,UMESCUMR,L19 ST06-VR2TX-480701-A69-1601-62701-2022-08-09T20,2022-08-09 20:26:00.000,2022-10-12 15:18:00.000,UTC,STATION:L19 ST06,40.39149,-91.37748,,,,Transceiver,VR2TX,NOT USED,A69-1601-62701,,,,,STATION,L19 ST06,POINT (-91.37748 40.39149),"New battery; needs firmware update to 5.2.2, Bluetooth lost caused offload fail=2 VRL files|Added this deploy record for RAFT format, New battery; needs firmware update to 5.2.2, Bluetooth lost caused offload fail=2 VRL files"
"2025-03-12",TRANSMITTER,USGS,UMESCUMR,L19 ST06-VR2TX-480701-A69-1601-62701-2023-08-16T13,2023-08-16 13:25:00.000,2023-11-14 19:20:00.000,UTC,STATION:L19 ST06,40.39149,-91.37748,,,,Transceiver,VR2TX,NOT USED,A69-1601-62701,,,,,STATION,L19 ST06,POINT (-91.37748 40.39149),"New Battery, Changed station name to St6. Needs to be changed back to St06.|Added this deploy record for RAFT format, New Battery, Changed station name to St6. Needs to be changed back to St06."
"2025-03-12",TRANSMITTER,USGS,UMESCUMR,L19 ST08-VR2TX-480710-A69-1601-62710-2021-03-09T17,2021-03-09 17:38:00.000,2021-05-20 21:59:00.000,UTC,STATION:L19 ST08,40.39252,-91.37599,,,,Transceiver,VR2TX,NOT USED,A69-1601-62710,,,,,STATION,L19 ST08,POINT (-91.37599 40.39252),"Redeployed after uADS/HTI installation, 40% battery; Firmware updated to 5.1.4"
"2025-03-12",TRANSMITTER,USGS,UMESCUMR,L19 ST09-VR2TX-480714-A69-1601-62714-2019-05-15T17,2019-05-15 17:00:00.000,2019-06-25 17:00:00.000,UTC,STATION:L19 ST09,40.39137,-91.37652,,,,Transceiver,VR2TX,NOT USED,A69-1601-62714,,,,,STATION,L19 ST09,POINT (-91.37652 40.39137),""
"2025-03-12",TRANSMITTER,USGS,UMESCUMR,L19 ST09-VR2TX-480714-A69-1601-62714-2021-03-09T17,2021-03-09 17:44:00.000,2021-05-20 22:20:00.000,UTC,STATION:L19 ST09,40.39137,-91.37652,,,,Transceiver,VR2TX,NOT USED,A69-1601-62714,,,,,STATION,L19 ST09,POINT (-91.37652 40.39137),"Redeployed after uADS/HTI installation, 40% battery; Firmware updated to 5.1.4"
"2025-03-12",TRANSMITTER,USGS,UMESCUMR,L19 ST08-VR2TX-480710-A69-1601-62710-2019-07-29T17,2019-07-29 17:05:00.000,2019-09-09 17:00:00.000,UTC,STATION:L19 ST08,40.39252,-91.37599,,,,Transceiver,VR2TX,NOT USED,A69-1601-62710,,,,,STATION,L19 ST08,POINT (-91.37599 40.39252),|Added this deploy record for RAFT format
"2025-03-12",TRANSMITTER,USGS,UMESCUMR,L19 ST08-VR2TX-480710-A69-1601-62710-2019-09-09T17,2019-09-09 17:05:00.000,2019-12-05 18:00:00.000,UTC,STATION:L19 ST08,40.39252,-91.37599,,,,Transceiver,VR2TX,NOT USED,A69-1601-62710,,,,,STATION,L19 ST08,POINT (-91.37599 40.39252),|Added this deploy record for RAFT format
"2025-03-12",TRANSMITTER,USGS,UMESCUMR,L19 ST08-VR2TX-480710-A69-1601-62710-2020-06-04T17,2020-06-04 17:05:00.000,2020-12-01 17:54:00.000,UTC,STATION:L19 ST08,40.39252,-91.37599,,,,Transceiver,VR2TX,NOT USED,A69-1601-62710,,,,,STATION,L19 ST08,POINT (-91.37599 40.39252),|Added this deploy record for RAFT format
"2025-03-12",TRANSMITTER,USGS,UMESCUMR,L19 ST08-VR2TX-480710-A69-1601-62710-2020-12-01T17,2020-12-01 17:59:00.000,2021-01-11 17:33:00.000,UTC,STATION:L19 ST08,40.39252,-91.37599,,,,Transceiver,VR2TX,NOT USED,A69-1601-62710,,,,,STATION,L19 ST08,POINT (-91.37599 40.39252),"Pulled for HTI installation|Added this deploy record for RAFT format, Pulled for HTI installation"
"2025-03-12",TRANSMITTER,USGS,UMESCUMR,LD5_08-VR2TX-491387-A69-1601-62846-2024-06-12T15,2024-06-12 15:20:00.000,2024-07-29 15:50:00.000,UTC,STATION:LD5_08,44.15916,-91.8102,,,,Transceiver,VR2TX,NOT USED,A69-1601-62846,,,,,STATION,LD5_08,POINT (-91.8102 44.15916),"1601-62846"
"2025-03-12",TRANSMITTER,USGS,UMESCUMR,L19 ST08-VR2TX-480710-A69-1601-62710-2021-05-20T22,2021-05-20 22:04:00.000,2021-08-20 15:35:00.000,UTC,STATION:L19 ST08,40.39252,-91.37599,,,2.4,Transceiver,VR2TX,NOT USED,A69-1601-62710,,,,,STATION,L19 ST08,POINT (-91.37599 40.39252),"Battery replaced, firmware updated to 5.1.8|Added this deploy record for RAFT format, Battery replaced, firmware updated to 5.1.8"
"2025-03-12",TRANSMITTER,USGS,UMESCUMR,L19 ST08-VR2TX-480710-A69-1601-62710-2021-08-20T15,2021-08-20 15:40:00.000,2021-11-23 19:35:00.000,UTC,STATION:L19 ST08,40.39252,-91.37599,,,,Transceiver,VR2TX,NOT USED,A69-1601-62710,,,,,STATION,L19 ST08,POINT (-91.37599 40.39252),|Added this deploy record for RAFT format
"2025-03-12",TRANSMITTER,USGS,UMESCUMR,L19 ST09-VR2TX-480714-A69-1601-62714-2019-06-25T17,2019-06-25 17:05:00.000,2019-07-29 17:00:00.000,UTC,STATION:L19 ST09,40.39137,-91.37652,,,,Transceiver,VR2TX,NOT USED,A69-1601-62714,,,,,STATION,L19 ST09,POINT (-91.37652 40.39137),|Added this deploy record for RAFT format
"2025-03-12",TRANSMITTER,USGS,UMESCUMR,L19 ST09-VR2TX-480714-A69-1601-62714-2019-07-29T17,2019-07-29 17:05:00.000,2019-09-09 17:00:00.000,UTC,STATION:L19 ST09,40.39137,-91.37652,,,,Transceiver,VR2TX,NOT USED,A69-1601-62714,,,,,STATION,L19 ST09,POINT (-91.37652 40.39137),|Added this deploy record for RAFT format
"2025-03-12",TRANSMITTER,USGS,UMESCUMR,L19 ST09-VR2TX-480714-A69-1601-62714-2019-09-09T17,2019-09-09 17:05:00.000,2019-12-05 18:00:00.000,UTC,STATION:L19 ST09,40.39137,-91.37652,,,,Transceiver,VR2TX,NOT USED,A69-1601-62714,,,,,STATION,L19 ST09,POINT (-91.37652 40.39137),|Added this deploy record for RAFT format
"2025-03-12",TRANSMITTER,USGS,UMESCUMR,L19 ST09-VR2TX-480714-A69-1601-62714-2019-12-05T18,2019-12-05 18:05:00.000,2020-06-04 17:00:00.000,UTC,STATION:L19 ST09,40.39137,-91.37652,,,,Transceiver,VR2TX,NOT USED,A69-1601-62714,,,,,STATION,L19 ST09,POINT (-91.37652 40.39137),"25% battery left; put in new battery|Added this deploy record for RAFT format, 25% battery left; put in new battery"
"2025-03-12",TRANSMITTER,USGS,UMESCUMR,L19 ST09-VR2TX-480714-A69-1601-62714-2020-06-04T17,2020-06-04 17:05:00.000,2020-12-01 17:49:00.000,UTC,STATION:L19 ST09,40.39137,-91.37652,,,,Transceiver,VR2TX,NOT USED,A69-1601-62714,,,,,STATION,L19 ST09,POINT (-91.37652 40.39137),|Added this deploy record for RAFT format
"2025-03-12",TRANSMITTER,USGS,UMESCUMR,L19 ST09-VR2TX-480714-A69-1601-62714-2020-12-01T17,2020-12-01 17:54:00.000,2021-01-11 17:30:00.000,UTC,STATION:L19 ST09,40.39137,-91.37652,,,,Transceiver,VR2TX,NOT USED,A69-1601-62714,,,,,STATION,L19 ST09,POINT (-91.37652 40.39137),"Pulled for HTI installation|Added this deploy record for RAFT format, Pulled for HTI installation"
"2025-03-12",TRANSMITTER,USGS,UMESCUMR,L19 ST09-VR2TX-480714-A69-1601-62714-2021-08-20T15,2021-08-20 15:56:00.000,2021-11-23 19:47:00.000,UTC,STATION:L19 ST09,40.39137,-91.37652,,,,Transceiver,VR2TX,NOT USED,A69-1601-62714,,,,,STATION,L19 ST09,POINT (-91.37652 40.39137),|Added this deploy record for RAFT format
"2025-03-12",TRANSMITTER,USGS,UMESCUMR,L19 ST09-VR2TX-480714-A69-1601-62714-2022-03-25T19,2022-03-25 19:15:00.000,2022-05-25 22:26:00.000,UTC,STATION:L19 ST09,40.39141,-91.3765,,,,Transceiver,VR2TX,NOT USED,A69-1601-62714,,,,,STATION,L19 ST09,POINT (-91.3765 40.39141),"firmware update 5.1.8 to 5.2.2, 45% battery|Added this deploy record for RAFT format, firmware update 5.1.8 to 5.2.2, 45% battery"
"2025-03-12",TRANSMITTER,USGS,UMESCUMR,L19 ST09-VR2TX-480714-A69-1601-62714-2022-05-25T22,2022-05-25 22:31:00.000,2022-10-11 21:00:00.000,UTC,STATION:L19 ST09,40.39141,-91.3765,,,,Transceiver,VR2TX,NOT USED,A69-1601-62714,,,,,STATION,L19 ST09,POINT (-91.3765 40.39141),"New battery|Added this deploy record for RAFT format, New battery"
"2025-03-12",TRANSMITTER,USGS,UMESCUMR,L19 ST09-VR2TX-480714-A69-1601-62714-2022-10-11T21,2022-10-11 21:05:00.000,2023-03-21 18:42:00.000,UTC,STATION:L19 ST09,40.39141,-91.3765,,,,Transceiver,VR2TX,NOT USED,A69-1601-62714,,,,,STATION,L19 ST09,POINT (-91.3765 40.39141),"Battery 70%|Added this deploy record for RAFT format, Battery 70%"
"2025-03-12",TRANSMITTER,USGS,UMESCUMR,L19 ST08-VR2TX-480710-A69-1601-62710-2022-05-25T22,2022-05-25 22:08:00.000,2022-10-11 22:08:00.000,UTC,STATION:L19 ST08,40.39252,-91.37599,,,,Transceiver,VR2TX,NOT USED,A69-1601-62710,,,,,STATION,L19 ST08,POINT (-91.37599 40.39252),"Old battery was at 15%; 0 detections, 0 pings-had not been recording since last offload 5/25/22|Added this deploy record for RAFT format, Old battery was at 15%; 0 detections, 0 pings-had not been recording since last offload 5/25/22"
"2025-03-12",TRANSMITTER,USGS,UMESCUMR,L19 ST09-VR2TX-480714-A69-1601-62714-2021-11-23T19,2021-11-23 19:52:00.000,2022-03-25 19:10:00.000,UTC,STATION:L19 ST09,40.39137,-91.37652,,,,Transceiver,VR2TX,NOT USED,A69-1601-62714,,,,,STATION,L19 ST09,POINT (-91.37652 40.39137),"60% Battery|Added this deploy record for RAFT format, 60% Battery"
"2025-03-12",TRANSMITTER,USGS,UMESCUMR,L19 ST09-VR2TX-480714-A69-1601-62714-2023-03-21T18,2023-03-21 18:47:00.000,2023-08-16 15:47:00.000,UTC,STATION:L19 ST09,40.39141,-91.3765,,,,Transceiver,VR2TX,NOT USED,A69-1601-62714,,,,,STATION,L19 ST09,POINT (-91.3765 40.39141),"Battery 40%|Added this deploy record for RAFT format, Battery 40%"
"2025-03-12",TRANSMITTER,USGS,UMESCUMR,L19 UPPER-VR2TX-480675-A69-1601-62675-2019-06-25T17,2019-06-25 17:00:00.000,2019-07-30 17:00:00.000,UTC,STATION:L19 UPPER,40.39613,-91.37424,,,,Transceiver,VR2TX,NOT USED,A69-1601-62675,,,,,STATION,L19 UPPER,POINT (-91.37424 40.39613),Took Garmin WP average for more accurate position
"2025-03-12",TRANSMITTER,USGS,UMESCUMR,LD19 7-VR2TX-480708-A69-1601-62708-2017-04-20T17,2017-04-20 17:00:00.000,2017-11-09 18:00:00.000,UTC,STATION:LD19 7,40.3919,-91.37644,,,,Transceiver,VR2TX,NOT USED,A69-1601-62708,,,,,STATION,LD19 7,POINT (-91.37644 40.3919),""
"2025-03-12",TRANSMITTER,USGS,UMESCUMR,LD19 7-VR2TX-480708-A69-1601-62708-2019-07-30T17,2019-07-30 17:00:00.000,2019-09-09 17:00:00.000,UTC,STATION:LD19 7,40.39193,-91.37645,,,,Transceiver,VR2TX,NOT USED,A69-1601-62708,,,,,STATION,LD19 7,POINT (-91.37645 40.39193),"No ladder rungs, PVC mount. Transmitting low power 10min fixed, No ladder rungs, adjusted PVC mount"
"2025-03-12",TRANSMITTER,USGS,UMESCUMR,LD19 7-VR2TX-480709-A69-1601-62709-2022-08-09T20,2022-08-09 20:00:00.000,2022-10-12 15:05:00.000,UTC,STATION:LD19 7,40.39193,-91.37645,,,,Transceiver,VR2TX,NOT USED,A69-1601-62709,,,,,STATION,LD19 7,POINT (-91.37645 40.39193),"New battery, Sync tag enabled Low Power; Firmware 5.2.2; Map-115, New battery; lowered hose clamped rebar rung 2 rungs down"
"2025-03-12",TRANSMITTER,USGS,UMESCUMR,SKUNK23-VR2TX-480700-A69-1601-62700-2017-03-15T17,2017-03-15 17:00:00.000,2017-06-21 17:00:00.000,UTC,STATION:SKUNK23,40.8277,-91.43771,,,,Transceiver,VR2TX,NOT USED,A69-1601-62700,,,,,STATION,SKUNK23,POINT (-91.43771 40.8277),""
"2025-03-12",TRANSMITTER,USGS,UMESCUMR,L19 UPPER-VR2TX-480675-A69-1601-62675-2019-12-05T18,2019-12-05 18:05:00.000,2020-06-04 17:00:00.000,UTC,STATION:L19 UPPER,40.39613,-91.37424,,,,Transceiver,VR2TX,NOT USED,A69-1601-62675,,,,,STATION,L19 UPPER,POINT (-91.37424 40.39613),"New battery|Added this deploy record for RAFT format, New battery"
"2025-03-12",TRANSMITTER,USGS,UMESCUMR,L19 UPPER-VR2TX-480675-A69-1601-62675-2021-05-17T21,2021-05-17 21:45:00.000,2021-05-21 14:43:00.000,UTC,STATION:L19 UPPER,40.39613,-91.37424,,,,Transceiver,VR2TX,NOT USED,A69-1601-62675,,,,,STATION,L19 UPPER,POINT (-91.37424 40.39613),"30% battery|Added this deploy record for RAFT format, 30% battery"
"2025-03-12",TRANSMITTER,USGS,UMESCUMR,L19 UPPER-VR2TX-480675-A69-1601-62675-2021-05-21T14,2021-05-21 14:48:00.000,2021-08-20 17:26:00.000,UTC,STATION:L19 UPPER,40.39613,-91.37424,,,6.0,Transceiver,VR2TX,NOT USED,A69-1601-62675,,,,,STATION,L19 UPPER,POINT (-91.37424 40.39613),"Battery replaced, firmware updated to 5.1.8|Added this deploy record for RAFT format, Battery replaced, firmware updated to 5.1.8"
"2025-03-12",TRANSMITTER,USGS,UMESCUMR,L19 ST09-VR2TX-480714-A69-1601-62714-2023-08-16T15,2023-08-16 15:52:00.000,2023-11-14 18:32:00.000,UTC,STATION:L19 ST09,40.39141,-91.3765,,,,Transceiver,VR2TX,NOT USED,A69-1601-62714,,,,,STATION,L19 ST09,POINT (-91.3765 40.39141),"New Battery|Added this deploy record for RAFT format, New Battery"
"2025-03-12",TRANSMITTER,USGS,UMESCUMR,L19 UPPER-VR2TX-480675-A69-1601-62675-2022-10-11T22,2022-10-11 22:54:00.000,2023-03-21 21:26:00.000,UTC,STATION:L19 UPPER,40.39613,-91.37424,,,,Transceiver,VR2TX,NOT USED,A69-1601-62675,,,,,STATION,L19 UPPER,POINT (-91.37424 40.39613),"Battery 70%|Added this deploy record for RAFT format, Battery 70%"
"2025-03-12",TRANSMITTER,USGS,UMESCUMR,L19 UPPER-VR2TX-480675-A69-1601-62675-2023-08-15T20,2023-08-15 20:15:00.000,2023-11-14 16:18:00.000,UTC,STATION:L19 UPPER,40.39613,-91.37424,,9.0,8.0,Transceiver,VR2TX,NOT USED,A69-1601-62675,,,,,STATION,L19 UPPER,POINT (-91.37424 40.39613),"New Battery|Added this deploy record for RAFT format, New Battery"
"2025-03-12",TRANSMITTER,USGS,UMESCUMR,LD19 7-VR2TX-480708-A69-1601-62708-2017-11-09T18,2017-11-09 18:05:00.000,2018-08-02 17:00:00.000,UTC,STATION:LD19 7,40.3919,-91.37644,,,,Transceiver,VR2TX,NOT USED,A69-1601-62708,,,,,STATION,LD19 7,POINT (-91.37644 40.3919),|Added this deploy record for RAFT format
"2025-03-12",TRANSMITTER,USGS,UMESCUMR,LD19 7-VR2TX-480708-A69-1601-62708-2018-08-02T17,2018-08-02 17:05:00.000,2018-11-28 18:00:00.000,UTC,STATION:LD19 7,40.3919,-91.37644,,,,Transceiver,VR2TX,NOT USED,A69-1601-62708,,,,,STATION,LD19 7,POINT (-91.37644 40.3919),|Added this deploy record for RAFT format
"2025-03-12",TRANSMITTER,USGS,UMESCUMR,LD19 7-VR2TX-480708-A69-1601-62708-2019-12-05T18,2019-12-05 18:05:00.000,2020-06-04 17:00:00.000,UTC,STATION:LD19 7,40.39193,-91.37645,,,,Transceiver,VR2TX,NOT USED,A69-1601-62708,,,,,STATION,LD19 7,POINT (-91.37645 40.39193),"New battery; Page 880 Data Parsing Error. No ladder rungs, PVC mount|Added this deploy record for RAFT format, New battery; Page 880 Data Parsing Error. No ladder rungs, PVC mount"
"2025-03-12",TRANSMITTER,USGS,UMESCUMR,LD19 7-VR2TX-480709-A69-1601-62709-2022-10-12T15,2022-10-12 15:10:00.000,2023-03-21 18:26:00.000,UTC,STATION:LD19 7,40.39193,-91.37645,,,,Transceiver,VR2TX,NOT USED,A69-1601-62709,,,,,STATION,LD19 7,POINT (-91.37645 40.39193),"Battery 70%|Added this deploy record for RAFT format, Battery 70%"
"2025-03-12",TRANSMITTER,USGS,UMESCUMR,L19 UPPER-VR2TX-480675-A69-1601-62675-2020-12-01T15,2020-12-01 15:49:00.000,2021-05-17 21:40:00.000,UTC,STATION:L19 UPPER,40.39613,-91.37424,,,,Transceiver,VR2TX,NOT USED,A69-1601-62675,,,,,STATION,L19 UPPER,POINT (-91.37424 40.39613),"30% battery|Added this deploy record for RAFT format, 30% battery"
"2025-03-12",TRANSMITTER,USGS,UMESCUMR,L19 UPPER-VR2TX-480675-A69-1601-62675-2021-11-23T22,2021-11-23 22:02:00.000,2022-03-25 14:24:00.000,UTC,STATION:L19 UPPER,40.39613,-91.37424,,,,Transceiver,VR2TX,NOT USED,A69-1601-62675,,,,,STATION,L19 UPPER,POINT (-91.37424 40.39613),"60% Battery|Added this deploy record for RAFT format, 60% Battery"
"2025-03-12",TRANSMITTER,USGS,UMESCUMR,L19 UPPER-VR2TX-480675-A69-1601-62675-2022-03-25T14,2022-03-25 14:29:00.000,2022-05-25 18:43:00.000,UTC,STATION:L19 UPPER,40.39613,-91.37424,,,,Transceiver,VR2TX,NOT USED,A69-1601-62675,,,,,STATION,L19 UPPER,POINT (-91.37424 40.39613),"169 detections, firmware updated 5.2.2|Added this deploy record for RAFT format, 169 detections, firmware updated 5.2.2"
"2025-03-12",TRANSMITTER,USGS,UMESCUMR,L19 UPPER-VR2TX-480675-A69-1601-62675-2023-03-21T21,2023-03-21 21:31:00.000,2023-08-15 20:10:00.000,UTC,STATION:L19 UPPER,40.39613,-91.37424,,9.0,8.0,Transceiver,VR2TX,NOT USED,A69-1601-62675,,,,,STATION,L19 UPPER,POINT (-91.37424 40.39613),"Battery 40%|Added this deploy record for RAFT format, Battery 40%"
"2025-03-12",TRANSMITTER,USGS,UMESCUMR,LD19 7-VR2TX-480708-A69-1601-62708-2020-06-04T17,2020-06-04 17:05:00.000,2020-07-08 17:00:00.000,UTC,STATION:LD19 7,40.39193,-91.37645,,,,Transceiver,VR2TX,NOT USED,A69-1601-62708,,,,,STATION,LD19 7,POINT (-91.37645 40.39193),"Last date the Tx transmitter was heard on receivers in the array|Added this deploy record for RAFT format, Last date the Tx transmitter was heard on receivers in the array"
"2025-03-12",TRANSMITTER,USGS,UMESCUMR,L19 L2-VR2TX-480677-A69-1601-62677-2024-05-09T19,2024-05-09 19:13:00.000,2024-05-10 13:30:00.000,UTC,STATION:L19 L2,40.39296,-91.37633,,,,Transceiver,VR2TX,NOT USED,A69-1601-62677,,,,,STATION,L19 L2,POINT (-91.37633 40.39296),""
"2025-03-12",TRANSMITTER,USGS,UMESCUMR,L19 ST09-VR2TX-480714-A69-1601-62714-2024-05-09T20,2024-05-09 20:50:00.000,2024-05-10 14:00:00.000,UTC,STATION:L19 ST09,40.39141,-91.3765,,,,Transceiver,VR2TX,NOT USED,A69-1601-62714,,,,,STATION,L19 ST09,POINT (-91.3765 40.39141),""
"2025-03-12",TRANSMITTER,USGS,UMESCUMR,L19 L1-VR2TX-480676-A69-1601-62676-2023-11-13T22,2023-11-13 22:50:00.000,2024-05-09 18:22:00.000,UTC,STATION:L19 L1,40.39581,-91.37501,,,,Transceiver,VR2TX,NOT USED,A69-1601-62676,,,,,STATION,L19 L1,POINT (-91.37501 40.39581),|Added this deploy record for RAFT format
"2025-03-12",TRANSMITTER,USGS,UMESCUMR,L19 L2-VR2TX-480677-A69-1601-62677-2023-11-13T22,2023-11-13 22:27:00.000,2024-05-09 19:08:00.000,UTC,STATION:L19 L2,40.39296,-91.37633,,,,Transceiver,VR2TX,NOT USED,A69-1601-62677,,,,,STATION,L19 L2,POINT (-91.37633 40.39296),|Added this deploy record for RAFT format
"2025-03-12",TRANSMITTER,USGS,UMESCUMR,L19 ST05-VR2TX-480696-A69-1601-62696-2023-11-14T19,2023-11-14 19:35:00.000,2024-05-09 19:45:00.000,UTC,STATION:L19 ST05,40.39203,-91.37694,,,,Transceiver,VR2TX,NOT USED,A69-1601-62696,,,,,STATION,L19 ST05,POINT (-91.37694 40.39203),|Added this deploy record for RAFT format
"2025-03-12",TRANSMITTER,USGS,UMESCUMR,L19 ST08-VR2TX-480697-A69-1601-62697-2023-11-14T19,2023-11-14 19:02:00.000,2024-05-09 20:00:00.000,UTC,STATION:L19 ST08,40.39252,-91.37599,,,,Transceiver,VR2TX,NOT USED,A69-1601-62697,,,,,STATION,L19 ST08,POINT (-91.37599 40.39252),|Added this deploy record for RAFT format
"2025-03-12",TRANSMITTER,USGS,UMESCUMR,L19 L4-VR2TX-480703-A69-1601-62703-2023-11-14T16,2023-11-14 16:43:00.000,2024-05-09 18:39:00.000,UTC,STATION:L19 L4,40.39504,-91.37493,,,,Transceiver,VR2TX,NOT USED,A69-1601-62703,,,,,STATION,L19 L4,POINT (-91.37493 40.39504),|Added this deploy record for RAFT format
"2025-03-12",TRANSMITTER,USGS,UMESCUMR,L19 ST04-VR2TX-480706-A69-1601-62706-2023-11-14T19,2023-11-14 19:25:00.000,2024-05-09 19:37:00.000,UTC,STATION:L19 ST04,40.39252,-91.37657,,,,Transceiver,VR2TX,NOT USED,A69-1601-62706,,,,,STATION,L19 ST04,POINT (-91.37657 40.39252),|Added this deploy record for RAFT format
"2025-03-12",TRANSMITTER,USGS,UMESCUMR,L19 ST09-VR2TX-480714-A69-1601-62714-2023-11-14T18,2023-11-14 18:37:00.000,2024-05-09 20:45:00.000,UTC,STATION:L19 ST09,40.39141,-91.3765,,,,Transceiver,VR2TX,NOT USED,A69-1601-62714,,,,,STATION,L19 ST09,POINT (-91.3765 40.39141),|Added this deploy record for RAFT format
"2025-03-12",TRANSMITTER,USGS,UMESCUMR,L19 ST01-VR2TX-480715-A69-1601-62715-2023-11-14T19,2023-11-14 19:15:00.000,2024-05-09 19:32:00.000,UTC,STATION:L19 ST01,40.39244,-91.37617,,,,Transceiver,VR2TX,NOT USED,A69-1601-62715,,,,,STATION,L19 ST01,POINT (-91.37617 40.39244),|Added this deploy record for RAFT format
"2025-03-12",TRANSMITTER,USGS,UMESCUMR,L19 L3-VR2TX-480699-A69-1601-62699-2023-11-14T16,2023-11-14 16:56:00.000,2024-05-09 19:00:00.000,UTC,STATION:L19 L3,40.39395,-91.37555,,,,Transceiver,VR2TX,NOT USED,A69-1601-62699,,,,,STATION,L19 L3,POINT (-91.37555 40.39395),|Added this deploy record for RAFT format
"2025-03-12",TRANSMITTER,USGS,UMESCUMR,"1401D-VR2TX-480695-A69-1601-62695-2023-11-02T13",2023-11-02 13:05:00.000,2024-06-27 18:33:00.000,UTC,STATION:1401D,41.5731,-90.40391,,,,Transceiver,VR2TX,NOT USED,A69-1601-62695,,,,,STATION,"1401D",POINT (-90.40391 41.5731),"Added this deploy record for RAFT format, New battery"
"2025-03-12",TRANSMITTER,USGS,UMESCUMR,"1402D-VR2TX-480704-A69-1601-62704-2023-11-02T13",2023-11-02 13:19:00.000,2024-06-27 18:21:00.000,UTC,STATION:1402D,41.57364,-90.4019,,,,Transceiver,VR2TX,NOT USED,A69-1601-62704,,,,,STATION,"1402D",POINT (-90.4019 41.57364),"Added this deploy record for RAFT format, New battery"
"2025-03-12",TRANSMITTER,USGS,UMESCUMR,"1403L-VR2TX-480686-A69-1601-62686-2023-11-02T13",2023-11-02 13:10:00.000,2024-06-27 18:11:00.000,UTC,STATION:1403L,41.57402,-90.40183,,,,Transceiver,VR2TX,NOT USED,A69-1601-62686,,,,,STATION,"1403L",POINT (-90.40183 41.57402),"Added this deploy record for RAFT format, New battery"
"2025-03-12",TRANSMITTER,USGS,UMESCUMR,"1404L-VR2TX-480692-A69-1601-62692-2023-11-02T13",2023-11-02 13:12:00.000,2024-06-27 18:49:00.000,UTC,STATION:1404L,41.57463,-90.39984,,,10.0,Transceiver,VR2TX,NOT USED,A69-1601-62692,,,,,STATION,"1404L",POINT (-90.39984 41.57463),"Added this deploy record for RAFT format, New battery"
"2025-03-12",TRANSMITTER,USGS,UMESCUMR,"1405U-VR2TX-480679-A69-1601-62679-2023-11-02T13",2023-11-02 13:07:00.000,2024-06-27 18:34:00.000,UTC,STATION:1405U,41.57471,-90.39944,,1.0,1.0,Transceiver,VR2TX,NOT USED,A69-1601-62679,,,,,STATION,"1405U",POINT (-90.39944 41.57471),"Added this deploy record for RAFT format, New battery"
"2025-03-12",TRANSMITTER,USGS,UMESCUMR,"1406U-VR2TX-487151-A69-1601-62042-2023-11-02T13",2023-11-02 13:20:00.000,2024-06-27 18:18:00.000,UTC,STATION:1406U,41.5758,-90.39793,,1.5,1.5,Transceiver,VR2TX,NOT USED,A69-1601-62042,,,,,STATION,"1406U",POINT (-90.39793 41.5758),"Added this deploy record for RAFT format, New battery"
"2025-03-12",TRANSMITTER,USGS,UMESCUMR,"14AUX1-VR2TX-480673-A69-1601-62673-2023-11-02T13",2023-11-02 13:36:00.000,2024-06-27 19:12:00.000,UTC,STATION:14AUX1,41.57416,-90.40539,,,2.5,Transceiver,VR2TX,NOT USED,A69-1601-62673,,,,,STATION,"14AUX1",POINT (-90.40539 41.57416),"Added this deploy record for RAFT format, New battery"
"2025-03-12",TRANSMITTER,USGS,UMESCUMR,"14AUX2-VR2TX-480713-A69-1601-62713-2023-11-02T13",2023-11-02 13:35:00.000,2024-06-27 19:02:00.000,UTC,STATION:14AUX2,41.57469,-90.40462,,,2.0,Transceiver,VR2TX,NOT USED,A69-1601-62713,,,,,STATION,"14AUX2",POINT (-90.40462 41.57469),"Added this deploy record for RAFT format, New battery"
"2025-03-12",TRANSMITTER,USGS,UMESCUMR,"15 AUX L-VR2TX-480707-A69-1601-62707-2023-11-01T23",2023-11-01 23:24:00.000,2024-06-26 17:45:00.000,UTC,STATION:15 AUX L,41.51865,-90.56484,,,,Transceiver,VR2TX,NOT USED,A69-1601-62707,,,,,STATION,"15 AUX L",POINT (-90.56484 41.51865),"Added this deploy record for RAFT format, would not connect to computer. No lights coming on.Removed and replaced. Will send in to Innovasea"
"2025-03-12",TRANSMITTER,USGS,UMESCUMR,"15 AUX L-VR2TX-491379-A69-1601-62838-2024-06-26T18",2024-06-26 18:10:00.000,,UTC,STATION:15 AUX L,41.51865,-90.56484,,,,Transceiver,VR2TX,NOT USED,A69-1601-62838,,,,,STATION,"15 AUX L",POINT (-90.56484 41.51865),replaced 480702 at 15 Aux L. New battery.
"2025-03-12",TRANSMITTER,USGS,UMESCUMR,"15 AUX L2-VR2TX-480716-A69-1601-62716-2023-11-01T23",2023-11-01 23:33:00.000,2024-06-26 19:30:00.000,UTC,STATION:15 AUX L2,41.51862,-90.56418,,,,Transceiver,VR2TX,NOT USED,A69-1601-62716,,,,,STATION,"15 AUX L2",POINT (-90.56418 41.51862),"Added this deploy record for RAFT format, firmware version inconsistency note during offload prevented data from being downloaded. Removed and replaced. Will send in to Innovasea"
"2025-03-12",TRANSMITTER,USGS,UMESCUMR,"15 MID WALL-VR2TX-480702-A69-1601-62702-2023-11-07T15",2023-11-07 15:05:00.000,,UTC,STATION:15 MID WALL,41.51933,-90.56285,,,,Transceiver,VR2TX,NOT USED,A69-1601-62702,,,,,STATION,"15 MID WALL",POINT (-90.56285 41.51933),Added this deploy record for RAFT format
"2025-03-12",TRANSMITTER,USGS,UMESCUMR,"15 MID WALL-VR2TX-487153-A69-1601-62044-2023-11-01T23",2023-11-01 23:40:00.000,2024-06-26 19:00:00.000,UTC,STATION:15 MID WALL,41.51933,-90.56285,,,,Transceiver,VR2TX,NOT USED,A69-1601-62044,,,,,STATION,"15 MID WALL",POINT (-90.56285 41.51933),New battery.
"2025-03-12",TRANSMITTER,USGS,UMESCUMR,"15 S WALL-VR2TX-480698-A69-1601-62698-2023-11-01T23",2023-11-01 23:08:00.000,2024-06-26 19:17:00.000,UTC,STATION:15 S WALL,41.51888,-90.56269,,,,Transceiver,VR2TX,NOT USED,A69-1601-62698,,,,,STATION,"15 S WALL",POINT (-90.56269 41.51888),"Added this deploy record for RAFT format, New battery."
"2025-03-12",TRANSMITTER,USGS,UMESCUMR,"1501-VR2TX-480680-A69-1601-62680-2023-11-01T23",2023-11-01 23:16:00.000,2024-06-26 19:11:00.000,UTC,STATION:1501,41.51701,-90.56797,,,,Transceiver,VR2TX,NOT USED,A69-1601-62680,,,,,STATION,"1501",POINT (-90.56797 41.51701),"Added this deploy record for RAFT format, New battery."
"2025-03-12",TRANSMITTER,USGS,UMESCUMR,"1503-VR2TX-487154-A69-1601-62045-2023-11-01T23",2023-11-01 23:09:00.000,2024-06-26 18:46:00.000,UTC,STATION:1503,41.5182,-90.56568,,1.0,1.0,Transceiver,VR2TX,NOT USED,A69-1601-62045,,,,,STATION,"1503",POINT (-90.56568 41.5182),"Added this deploy record for RAFT format, New battery."
"2025-03-12",TRANSMITTER,USGS,UMESCUMR,"15 S WALL-VR2TX-480698-A69-1601-62698-2024-06-26T19",2024-06-26 19:22:00.000,2024-11-19 18:38:00.000,UTC,STATION:15 S WALL,41.51888,-90.56269,,,,Transceiver,VR2TX,NOT USED,A69-1601-62698,,,,,STATION,"15 S WALL",POINT (-90.56269 41.51888),"Added this deploy record for RAFT format|Added this deploy record for RAFT format, Battery 70%; transmit profile disabled"
"2025-03-12",TRANSMITTER,USGS,UMESCUMR,"1406U-VR2TX-487151-A69-1601-62042-2024-06-27T18",2024-06-27 18:23:00.000,2024-11-19 23:03:00.000,UTC,STATION:1406U,41.5758,-90.39793,,,,Transceiver,VR2TX,NOT USED,A69-1601-62042,,,,,STATION,"1406U",POINT (-90.39793 41.5758),"Added this deploy record for RAFT format|Added this deploy record for RAFT format, Battery 70%; transmit profile disabled"
"2025-03-12",TRANSMITTER,USGS,UMESCUMR,"1503-VR2TX-487154-A69-1601-62045-2024-06-26T18",2024-06-26 18:51:00.000,2024-11-19 18:45:00.000,UTC,STATION:1503,41.5182,-90.56568,,,,Transceiver,VR2TX,NOT USED,A69-1601-62045,,,,,STATION,"1503",POINT (-90.56568 41.5182),"Added this deploy record for RAFT format|Added this deploy record for RAFT format, Battery 70%"
"2025-03-12",TRANSMITTER,USGS,UMESCUMR,"15 AUX L2-VR2TX-491389-A69-1601-62848-2024-06-26T19",2024-06-26 19:35:00.000,2024-11-19 18:54:00.000,UTC,STATION:15 AUX L2,41.51862,-90.56418,,,,Transceiver,VR2TX,NOT USED,A69-1601-62848,,,,,STATION,"15 AUX L2",POINT (-90.56418 41.51862),"New battery. replaced VR2Tx-480716 at 15 Aux L2|New battery. replaced VR2Tx-480716 at 15 Aux L2, Battery 70%"
"2025-03-12",TRANSMITTER,USGS,UMESCUMR,"1405U-VR2TX-480679-A69-1601-62679-2024-06-27T18",2024-06-27 18:39:00.000,2024-11-19 23:11:00.000,UTC,STATION:1405U,41.57471,-90.39944,,,,Transceiver,VR2TX,NOT USED,A69-1601-62679,,,,,STATION,"1405U",POINT (-90.39944 41.57471),"Added this deploy record for RAFT format|Added this deploy record for RAFT format, Battery 70%"
"2025-03-12",TRANSMITTER,USGS,UMESCUMR,"1404L-VR2TX-480692-A69-1601-62692-2024-06-27T18",2024-06-27 18:54:00.000,2024-11-19 23:17:00.000,UTC,STATION:1404L,41.57463,-90.39984,,,,Transceiver,VR2TX,NOT USED,A69-1601-62692,,,,,STATION,"1404L",POINT (-90.39984 41.57463),"Added this deploy record for RAFT format|Added this deploy record for RAFT format, Battery 70%"
"2025-03-12",TRANSMITTER,USGS,UMESCUMR,"14AUX2-VR2TX-480713-A69-1601-62713-2024-06-27T19",2024-06-27 19:07:00.000,2024-11-19 23:51:00.000,UTC,STATION:14AUX2,41.57469,-90.40462,,,,Transceiver,VR2TX,NOT USED,A69-1601-62713,,,,,STATION,"14AUX2",POINT (-90.40462 41.57469),"Added this deploy record for RAFT format|Added this deploy record for RAFT format, Battery 70%"
"2025-03-12",TRANSMITTER,USGS,UMESCUMR,"1505-VR2TX-480687-A69-1601-62687-2023-11-01T23",2023-11-01 23:02:00.000,2024-06-26 18:27:00.000,UTC,STATION:1505,41.51742,-90.56643,,,,Transceiver,VR2TX,NOT USED,A69-1601-62687,,,,,STATION,"1505",POINT (-90.56643 41.51742),"Added this deploy record for RAFT format, New battery."
"2025-03-12",TRANSMITTER,USGS,UMESCUMR,"1506-VR2TX-487155-A69-1601-62046-2023-11-01T22",2023-11-01 22:59:00.000,2024-06-26 18:15:00.000,UTC,STATION:1506,41.51733,-90.56635,,,,Transceiver,VR2TX,NOT USED,A69-1601-62046,,,,,STATION,"1506",POINT (-90.56635 41.51733),"Added this deploy record for RAFT format, New battery."
"2025-03-12",TRANSMITTER,USGS,UMESCUMR,"1508-VR2TX-487143-A69-1601-62034-2023-11-01T22",2023-11-01 22:35:00.000,2024-06-26 18:00:00.000,UTC,STATION:1508,41.51767,-90.56515,,1.0,1.0,Transceiver,VR2TX,NOT USED,A69-1601-62034,,,,,STATION,"1508",POINT (-90.56515 41.51767),"Added this deploy record for RAFT format, New battery."
"2025-03-12",TRANSMITTER,USGS,UMESCUMR,"1510-VR2TX-480693-A69-1601-62693-2023-11-01T22",2023-11-01 22:51:00.000,2024-06-26 17:47:00.000,UTC,STATION:1510,41.51678,-90.56672,,1.0,1.0,Transceiver,VR2TX,NOT USED,A69-1601-62693,,,,,STATION,"1510",POINT (-90.56672 41.51678),"Added this deploy record for RAFT format, New battery."
"2025-03-12",TRANSMITTER,USGS,UMESCUMR,"1511-VR2TX-480694-A69-1601-62694-2019-12-03T18",2019-12-03 18:05:00.000,,UTC,STATION:1511,41.51636,-90.56751,,,,Transceiver,VR2TX,NOT USED,A69-1601-62694,,,,,STATION,"1511",POINT (-90.56751 41.51636),"Added this deploy record for RAFT format, New concrete and railings suggest it was removed for construction, confirmed from ACE that contractors likely threw in scrap pile. Last heard by 1502 and 1508 on 12/11/2019."
"2025-03-12",TRANSMITTER,USGS,UMESCUMR,"1511-VR2TX-482137-A69-1601-62137-2022-11-22T14",2022-11-22 14:44:00.000,,UTC,STATION:1511,41.51636,-90.56751,,1.0,1.0,Transceiver,VR2TX,NOT USED,A69-1601-62137,,,,,STATION,"1511",POINT (-90.56751 41.51636),"Added this deploy record for RAFT format, Receiver was gone, may have been stolen"
"2025-03-12",TRANSMITTER,USGS,UMESCUMR,"1511-VR2TX-487152-A69-1601-62043-2023-11-01T22",2023-11-01 22:44:00.000,2024-06-26 17:34:00.000,UTC,STATION:1511,41.51636,-90.56751,,1.0,1.0,Transceiver,VR2TX,NOT USED,A69-1601-62043,,,,,STATION,"1511",POINT (-90.56751 41.51636),"Added this deploy record for RAFT format, New battery."
"2025-03-12",TRANSMITTER,USGS,UMESCUMR,"1514-VR2TX-481294-A69-1601-63294-2023-11-01T23",2023-11-01 23:28:00.000,2024-06-26 18:23:00.000,UTC,STATION:1514,41.51891,-90.56448,,,,Transceiver,VR2TX,NOT USED,A69-1601-63294,,,,,STATION,"1514",POINT (-90.56448 41.51891),"Added this deploy record for RAFT format, Note said bad receiver clock and was unable to download. Removed and replaced. Will send in to Innovasea"
"2025-03-12",TRANSMITTER,USGS,UMESCUMR,"483L-VR2TX-482138-A69-1601-62138-2023-11-01T22",2023-11-01 22:43:00.000,2024-06-26 17:28:00.000,UTC,STATION:483L,41.51823,-90.56397,,,,Transceiver,VR2TX,NOT USED,A69-1601-62138,,,,,STATION,"483L",POINT (-90.56397 41.51823),"Added this deploy record for RAFT format, would not connect to computer. Removed and replaced. Will send in to Innovasea"
"2025-03-12",TRANSMITTER,USGS,UMESCUMR,"483L2-VR2TX-482135-A69-1601-62135-2020-12-03T19",2020-12-03 19:06:00.000,,UTC,STATION:483L2,41.51893,-90.56335,,,,Transceiver,VR2TX,NOT USED,A69-1601-62135,,,,,STATION,"483L2",POINT (-90.56335 41.51893),Added this deploy record for RAFT format
"2025-03-12",TRANSMITTER,USGS,UMESCUMR,"483L2-VR2TX-489762-A69-1601-62635-2023-11-01T23",2023-11-01 23:23:00.000,2024-06-26 19:05:00.000,UTC,STATION:483L2,41.51893,-90.56335,,,,Transceiver,VR2TX,NOT USED,A69-1601-62635,,,,,STATION,"483L2",POINT (-90.56335 41.51893),"Added this deploy record for RAFT format, New battery."
"2025-03-12",TRANSMITTER,USGS,UMESCUMR,L19 L2-VR2TX-487149-A69-1601-62040-2024-05-10T13,2024-05-10 13:30:00.000,2024-06-27 14:00:00.000,UTC,STATION:L19 L2,40.39296,-91.37633,,,,Transceiver,VR2TX,NOT USED,A69-1601-62040,,,,,STATION,L19 L2,POINT (-91.37633 40.39296),"Sync = A69-1601-62040|Sync = A69-1601-62040, battery 90%"
"2025-03-12",TRANSMITTER,USGS,UMESCUMR,"1505-VR2TX-480687-A69-1601-62687-2024-06-26T18",2024-06-26 18:32:00.000,2024-11-19 19:40:00.000,UTC,STATION:1505,41.51742,-90.56643,,,,Transceiver,VR2TX,NOT USED,A69-1601-62687,,,,,STATION,"1505",POINT (-90.56643 41.51742),"Added this deploy record for RAFT format|Added this deploy record for RAFT format, Battery 70%"
"2025-03-12",TRANSMITTER,USGS,UMESCUMR,"1510-VR2TX-480693-A69-1601-62693-2024-06-26T17",2024-06-26 17:52:00.000,2024-11-19 18:02:00.000,UTC,STATION:1510,41.51678,-90.56672,,,,Transceiver,VR2TX,NOT USED,A69-1601-62693,,,,,STATION,"1510",POINT (-90.56672 41.51678),"Added this deploy record for RAFT format|Added this deploy record for RAFT format, Battery 70%"
"2025-03-12",TRANSMITTER,USGS,UMESCUMR,"1508-VR2TX-487143-A69-1601-62034-2024-06-26T18",2024-06-26 18:05:00.000,2024-11-19 18:27:00.000,UTC,STATION:1508,41.51767,-90.56515,,,,Transceiver,VR2TX,NOT USED,A69-1601-62034,,,,,STATION,"1508",POINT (-90.56515 41.51767),"Added this deploy record for RAFT format|Added this deploy record for RAFT format, Battery 70%"
"2025-03-12",TRANSMITTER,USGS,UMESCUMR,"1506-VR2TX-487155-A69-1601-62046-2024-06-26T18",2024-06-26 18:20:00.000,2024-11-19 19:33:00.000,UTC,STATION:1506,41.51733,-90.56635,,,,Transceiver,VR2TX,NOT USED,A69-1601-62046,,,,,STATION,"1506",POINT (-90.56635 41.51733),"Added this deploy record for RAFT format|Added this deploy record for RAFT format, Battery 70%"
"2025-03-12",TRANSMITTER,USGS,UMESCUMR,L19 L1-VR2TX-480676-A69-1601-62676-2024-05-09T18,2024-05-09 18:27:00.000,2024-06-27 14:08:00.000,UTC,STATION:L19 L1,40.39581,-91.37501,,,,Transceiver,VR2TX,NOT USED,A69-1601-62676,,,,,STATION,L19 L1,POINT (-91.37501 40.39581),"Added this deploy record for RAFT format|Added this deploy record for RAFT format, battery 55%"
"2025-03-12",TRANSMITTER,USGS,UMESCUMR,"1511-VR2TX-487152-A69-1601-62043-2024-06-26T17",2024-06-26 17:39:00.000,2024-11-19 17:47:00.000,UTC,STATION:1511,41.51636,-90.56751,,,,Transceiver,VR2TX,NOT USED,A69-1601-62043,,,,,STATION,"1511",POINT (-90.56751 41.51636),"Added this deploy record for RAFT format|Added this deploy record for RAFT format, Battery 70%; transmit profile disabled, out of water so turned receiver upside down"
"2025-03-12",TRANSMITTER,USGS,UMESCUMR,"483L-VR2TX-489768-A69-1601-62641-2024-06-26T17",2024-06-26 17:35:00.000,2024-11-19 18:33:00.000,UTC,STATION:483L,41.51823,-90.56397,,,,Transceiver,VR2TX,NOT USED,A69-1601-62641,,,,,STATION,"483L",POINT (-90.56397 41.51823),"updated firmware. Replaced 482138 at 483L. New battery.|updated firmware. Replaced 482138 at 483L. New battery., Battery 70%"
"2025-03-12",TRANSMITTER,USGS,UMESCUMR,"1514-VR2TX-489771-A69-1601-62662-2024-06-26T18",2024-06-26 18:45:00.000,2024-11-19 19:05:00.000,UTC,STATION:1514,41.51891,-90.56448,,,,Transceiver,VR2TX,NOT USED,A69-1601-62662,,,,,STATION,"1514",POINT (-90.56448 41.51891),"replaced 481294  at station 1514. New battery.|replaced 481294  at station 1514. New battery., Battery 70%"
"2025-03-12",TRANSMITTER,USGS,UMESCUMR,"483L2-VR2TX-489762-A69-1601-62635-2024-06-26T19",2024-06-26 19:10:00.000,2024-11-19 18:47:00.000,UTC,STATION:483L2,41.51893,-90.56335,,,,Transceiver,VR2TX,NOT USED,A69-1601-62635,,,,,STATION,"483L2",POINT (-90.56335 41.51893),"Added this deploy record for RAFT format|Added this deploy record for RAFT format, Battery 70%; transmit profile disabled"
"2025-03-12",TRANSMITTER,USGS,UMESCUMR,LD19 7-VR2TX-480708-A69-1601-62708-2020-07-08T17,2020-07-08 17:05:00.000,,UTC,STATION:LD19 7,40.39193,-91.37645,,,,Transceiver,VR2TX,NOT USED,A69-1601-62708,,,,,STATION,LD19 7,POINT (-91.37645 40.39193),Unlikely to ever find this receiver
"2025-03-12",TRANSMITTER,USGS,UMESCUMR,LD19 7-VR2TX-480709-A69-1601-62709-2023-03-21T18,2023-03-21 18:31:00.000,,UTC,STATION:LD19 7,40.39193,-91.37645,,,,Transceiver,VR2TX,NOT USED,A69-1601-62709,,,,,STATION,LD19 7,POINT (-91.37645 40.39193),"Added this deploy record for RAFT format, Pulley system, rebar, and receiver all gone."
"2025-03-12",TRANSMITTER,USGS,UMESCUMR,LD5_01-VR2TX-491373-A69-1601-62832-2024-06-11T19,2024-06-11 19:20:00.000,2024-07-29 15:42:00.000,UTC,STATION:LD5_01,44.16112,-91.8146,,,,Transceiver,VR2TX,NOT USED,A69-1601-62832,,,,,STATION,LD5_01,POINT (-91.8146 44.16112),Garmin pt 60 on BK3. 1601-62832
"2025-03-12",TRANSMITTER,USGS,UMESCUMR,LD5_01-VR2TX-491373-A69-1601-62832-2024-07-29T15,2024-07-29 15:47:00.000,2024-08-21 14:46:00.000,UTC,STATION:LD5_01,44.16112,-91.8146,,,,Transceiver,VR2TX,NOT USED,A69-1601-62832,,,,,STATION,LD5_01,POINT (-91.8146 44.16112),Added this deploy record for RAFT format
"2025-03-12",TRANSMITTER,USGS,UMESCUMR,LD5_02-VR2TX-489774-A69-1601-62665-2024-06-11T20,2024-06-11 20:03:00.000,2024-07-29 16:15:00.000,UTC,STATION:LD5_02,44.16056,-91.8117,,,,Transceiver,VR2TX,NOT USED,A69-1601-62665,,,,,STATION,LD5_02,POINT (-91.8117 44.16056),pt 61. 1601-62665
"2025-03-12",TRANSMITTER,USGS,UMESCUMR,LD5_02-VR2TX-489774-A69-1601-62665-2024-07-29T16,2024-07-29 16:20:00.000,2024-08-21 15:19:00.000,UTC,STATION:LD5_02,44.16056,-91.8117,,,,Transceiver,VR2TX,NOT USED,A69-1601-62665,,,,,STATION,LD5_02,POINT (-91.8117 44.16056),Added this deploy record for RAFT format
"2025-03-12",TRANSMITTER,USGS,UMESCUMR,LD5_03-VR2TX-489763-A69-1601-62636-2024-06-11T20,2024-06-11 20:24:00.000,2024-07-29 16:00:00.000,UTC,STATION:LD5_03,44.15949,-91.81,,,,Transceiver,VR2TX,NOT USED,A69-1601-62636,,,,,STATION,LD5_03,POINT (-91.81 44.15949),pt 62. 1601-62636
"2025-03-12",TRANSMITTER,USGS,UMESCUMR,LD5_03-VR2TX-489763-A69-1601-62636-2024-07-29T16,2024-07-29 16:05:00.000,2024-08-21 15:08:00.000,UTC,STATION:LD5_03,44.15949,-91.81,,,,Transceiver,VR2TX,NOT USED,A69-1601-62636,,,,,STATION,LD5_03,POINT (-91.81 44.15949),Added this deploy record for RAFT format
"2025-03-12",TRANSMITTER,USGS,UMESCUMR,LD5_04-VR2TX-491401-A69-1601-62860-2024-06-11T20,2024-06-11 20:42:00.000,2024-07-29 15:56:00.000,UTC,STATION:LD5_04,44.15941,-91.81,,,,Transceiver,VR2TX,NOT USED,A69-1601-62860,,,,,STATION,LD5_04,POINT (-91.81 44.15941),"pt 63. 1601-62860, SoundTrap 67164572, Sound trap St East #2 was ~18"" out of water. Receiver was still in water. Removed sound trap, lowered receiver another 1-2' until it hit a concrete bottom."
"2025-03-12",TRANSMITTER,USGS,UMESCUMR,LD5_04-VR2TX-491401-A69-1601-62860-2024-07-29T16,2024-07-29 16:01:00.000,2024-08-21 15:04:00.000,UTC,STATION:LD5_04,44.15941,-91.81,,,,Transceiver,VR2TX,NOT USED,A69-1601-62860,,,,,STATION,LD5_04,POINT (-91.81 44.15941),Added this deploy record for RAFT format
"2025-03-12",TRANSMITTER,USGS,UMESCUMR,LD5_05-VR2TX-491394-A69-1601-62853-2024-06-11T21,2024-06-11 21:20:00.000,2024-07-29 15:40:00.000,UTC,STATION:LD5_05,44.15877,-91.8093,,,,Transceiver,VR2TX,NOT USED,A69-1601-62853,,,,,STATION,LD5_05,POINT (-91.8093 44.15877),"Datasheet notes Receiver as 29092, but that doesn't seem right. After checking Vemco inventory file for internal sync ID, K. Mosel determined receiver ID should be 491394. 1601-62853, SoundTrap 5446, removed sound trap to bring back"
"2025-03-12",TRANSMITTER,USGS,UMESCUMR,LD5_05-VR2TX-491394-A69-1601-62853-2024-07-29T15,2024-07-29 15:45:00.000,2024-08-21 14:48:00.000,UTC,STATION:LD5_05,44.15877,-91.8093,,,,Transceiver,VR2TX,NOT USED,A69-1601-62853,,,,,STATION,LD5_05,POINT (-91.8093 44.15877),Added this deploy record for RAFT format
"2025-03-12",TRANSMITTER,USGS,UMESCUMR,L19 ST05-VR2TX-480696-A69-1601-62696-2024-05-09T19,2024-05-09 19:50:00.000,2024-06-27 13:51:00.000,UTC,STATION:L19 ST05,40.39203,-91.37694,,,,Transceiver,VR2TX,NOT USED,A69-1601-62696,,,,,STATION,L19 ST05,POINT (-91.37694 40.39203),"Added this deploy record for RAFT format|Added this deploy record for RAFT format, battery 55%"
"2025-03-12",TRANSMITTER,USGS,UMESCUMR,L19 ST08-VR2TX-480697-A69-1601-62697-2024-05-09T20,2024-05-09 20:05:00.000,2024-06-27 13:24:00.000,UTC,STATION:L19 ST08,40.39252,-91.37599,,,,Transceiver,VR2TX,NOT USED,A69-1601-62697,,,,,STATION,L19 ST08,POINT (-91.37599 40.39252),"Added this deploy record for RAFT format|Added this deploy record for RAFT format, battery 55%"
"2025-03-12",TRANSMITTER,USGS,UMESCUMR,L19 L3-VR2TX-480699-A69-1601-62699-2024-05-09T19,2024-05-09 19:05:00.000,2024-06-27 14:40:00.000,UTC,STATION:L19 L3,40.39395,-91.37555,,,,Transceiver,VR2TX,NOT USED,A69-1601-62699,,,,,STATION,L19 L3,POINT (-91.37555 40.39395),"Added this deploy record for RAFT format|Added this deploy record for RAFT format, battery 55%"
"2025-03-12",TRANSMITTER,USGS,UMESCUMR,L19 L4-VR2TX-480703-A69-1601-62703-2024-05-09T18,2024-05-09 18:44:00.000,2024-06-27 14:32:00.000,UTC,STATION:L19 L4,40.39504,-91.37493,,,,Transceiver,VR2TX,NOT USED,A69-1601-62703,,,,,STATION,L19 L4,POINT (-91.37493 40.39504),"Added this deploy record for RAFT format|Added this deploy record for RAFT format, battery 55%"
"2025-03-12",TRANSMITTER,USGS,UMESCUMR,L19 ST09-VR2TX-487150-A69-1601-62041-2024-05-10T14,2024-05-10 14:00:00.000,2024-06-27 13:16:00.000,UTC,STATION:L19 ST09,40.39141,-91.3765,,,,Transceiver,VR2TX,NOT USED,A69-1601-62041,,,,,STATION,L19 ST09,POINT (-91.3765 40.39141),"Sync = A69-1601-62041|Sync = A69-1601-62041, battery 90%"
"2025-03-12",TRANSMITTER,USGS,UMESCUMR,LD5_02U-VR2TX-491378-A69-1601-62837-2024-08-21T14,2024-08-21 14:55:00.000,2024-09-19 17:38:00.000,UTC,STATION:LD5_02U,44.16072,-91.8137,,,,Transceiver,VR2TX,NOT USED,A69-1601-62837,,,,,STATION,LD5_02U,POINT (-91.8137 44.16072),"Deployment of same receiver but gave it a new name to easily comprehend locations at lock|Deployment of same receiver but gave it a new name to easily comprehend locations at lock, battery 80%"
"2025-03-12",TRANSMITTER,USGS,UMESCUMR,L19 ST06-VR2TX-480701-A69-1601-62701-2024-05-09T19,2024-05-09 19:56:00.000,2024-06-27 13:03:00.000,UTC,STATION:L19 ST06,40.39149,-91.37748,,,,Transceiver,VR2TX,NOT USED,A69-1601-62701,,,,,STATION,L19 ST06,POINT (-91.37748 40.39149),"Added this deploy record for RAFT format|Added this deploy record for RAFT format, batter 55%"
"2025-03-12",TRANSMITTER,USGS,UMESCUMR,LD5_01U-VR2TX-491373-A69-1601-62832-2024-08-21T14,2024-08-21 14:49:00.000,2024-09-19 17:33:00.000,UTC,STATION:LD5_01U,44.16112,-91.8146,,,,Transceiver,VR2TX,NOT USED,A69-1601-62832,,,,,STATION,LD5_01U,POINT (-91.8146 44.16112),"Deployment of same receiver but gave it a new name to easily comprehend locations at lock|Deployment of same receiver but gave it a new name to easily comprehend locations at lock, battery 80%"
"2025-03-12",TRANSMITTER,USGS,UMESCUMR,LD5_06-VR2TX-491378-A69-1601-62837-2024-06-12T14,2024-06-12 14:50:00.000,2024-07-29 15:49:00.000,UTC,STATION:LD5_06,44.16072,-91.8137,,,,Transceiver,VR2TX,NOT USED,A69-1601-62837,,,,,STATION,LD5_06,POINT (-91.8137 44.16072),"1601-62837"
"2025-03-12",TRANSMITTER,USGS,UMESCUMR,LD5_06-VR2TX-491378-A69-1601-62837-2024-07-29T15,2024-07-29 15:54:00.000,2024-08-21 14:52:00.000,UTC,STATION:LD5_06,44.16072,-91.8137,,,,Transceiver,VR2TX,NOT USED,A69-1601-62837,,,,,STATION,LD5_06,POINT (-91.8137 44.16072),Added this deploy record for RAFT format
"2025-03-12",TRANSMITTER,USGS,UMESCUMR,LD5_07-VR2TX-491371-A69-1601-62830-2024-06-12T14,2024-06-12 14:59:00.000,2024-07-29 15:56:00.000,UTC,STATION:LD5_07,44.16029,-91.8128,,,,Transceiver,VR2TX,NOT USED,A69-1601-62830,,,,,STATION,LD5_07,POINT (-91.8128 44.16029),"1601-62830, receiver was missing station name. Added the station as LD5_07"
"2025-03-12",TRANSMITTER,USGS,UMESCUMR,LD5_07-VR2TX-491371-A69-1601-62830-2024-07-29T16,2024-07-29 16:01:00.000,2024-08-21 14:56:00.000,UTC,STATION:LD5_07,44.16029,-91.8128,,,,Transceiver,VR2TX,NOT USED,A69-1601-62830,,,,,STATION,LD5_07,POINT (-91.8128 44.16029),Added this deploy record for RAFT format
"2025-03-12",TRANSMITTER,USGS,UMESCUMR,LD5_08-VR2TX-491387-A69-1601-62846-2024-07-29T15,2024-07-29 15:55:00.000,2024-08-21 14:57:00.000,UTC,STATION:LD5_08,44.15916,-91.8102,,,,Transceiver,VR2TX,NOT USED,A69-1601-62846,,,,,STATION,LD5_08,POINT (-91.8102 44.15916),Added this deploy record for RAFT format
"2025-03-12",TRANSMITTER,USGS,UMESCUMR,LD5_09-VR2TX-491376-A69-1601-62835-2024-06-12T15,2024-06-12 15:30:00.000,2024-07-29 16:05:00.000,UTC,STATION:LD5_09,44.1596,-91.8104,,,,Transceiver,VR2TX,NOT USED,A69-1601-62835,,,,,STATION,LD5_09,POINT (-91.8104 44.1596),"1601-62835"
"2025-03-12",TRANSMITTER,USGS,UMESCUMR,LD5_09-VR2TX-491376-A69-1601-62835-2024-07-29T16,2024-07-29 16:10:00.000,2024-08-21 15:21:00.000,UTC,STATION:LD5_09,44.1596,-91.8104,,,,Transceiver,VR2TX,NOT USED,A69-1601-62835,,,,,STATION,LD5_09,POINT (-91.8104 44.1596),Added this deploy record for RAFT format
"2025-03-12",TRANSMITTER,USGS,UMESCUMR,LD5_10-VR2TX-491381-A69-1601-62840-2024-06-12T15,2024-06-12 15:40:00.000,2024-07-29 16:23:00.000,UTC,STATION:LD5_10,44.15972,-91.8105,,,,Transceiver,VR2TX,NOT USED,A69-1601-62840,,,,,STATION,LD5_10,POINT (-91.8105 44.15972),"1601-62840"
"2025-03-12",TRANSMITTER,USGS,UMESCUMR,LD5_10-VR2TX-491381-A69-1601-62840-2024-07-29T16,2024-07-29 16:28:00.000,2024-08-21 15:26:00.000,UTC,STATION:LD5_10,44.15972,-91.8105,,,,Transceiver,VR2TX,NOT USED,A69-1601-62840,,,,,STATION,LD5_10,POINT (-91.8105 44.15972),Added this deploy record for RAFT format
"2025-03-12",TRANSMITTER,USGS,UMESCUMR,LD5_11-VR2TX-491400-A69-1601-62859-2024-06-12T16,2024-06-12 16:00:00.000,2024-07-29 16:03:00.000,UTC,STATION:LD5_11,44.16017,-91.8125,,,,Transceiver,VR2TX,NOT USED,A69-1601-62859,,,,,STATION,LD5_11,POINT (-91.8125 44.16017),"1601-62859"
"2025-03-12",TRANSMITTER,USGS,UMESCUMR,LD5_11-VR2TX-491400-A69-1601-62859-2024-07-29T16,2024-07-29 16:08:00.000,2024-08-21 15:00:00.000,UTC,STATION:LD5_11,44.16017,-91.8125,,,,Transceiver,VR2TX,NOT USED,A69-1601-62859,,,,,STATION,LD5_11,POINT (-91.8125 44.16017),Added this deploy record for RAFT format
"2025-03-12",TRANSMITTER,USGS,UMESCUMR,LD5_12-VR2TX-491395-A69-1601-62854-2024-06-12T16,2024-06-12 16:35:00.000,2024-07-29 16:08:00.000,UTC,STATION:LD5_12,44.16061,-91.8125,,,,Transceiver,VR2TX,NOT USED,A69-1601-62854,,,,,STATION,LD5_12,POINT (-91.8125 44.16061),"1601-62854"
"2025-03-12",TRANSMITTER,USGS,UMESCUMR,LD5_12-VR2TX-491395-A69-1601-62854-2024-07-29T16,2024-07-29 16:13:00.000,2024-08-21 15:10:00.000,UTC,STATION:LD5_12,44.16061,-91.8125,,,,Transceiver,VR2TX,NOT USED,A69-1601-62854,,,,,STATION,LD5_12,POINT (-91.8125 44.16061),Added this deploy record for RAFT format
"2025-03-12",TRANSMITTER,USGS,UMESCUMR,LD5_13-VR2TX-491403-A69-1601-62862-2024-06-12T16,2024-06-12 16:45:00.000,2024-07-29 16:13:00.000,UTC,STATION:LD5_13,44.16079,-91.812,,,,Transceiver,VR2TX,NOT USED,A69-1601-62862,,,,,STATION,LD5_13,POINT (-91.812 44.16079),"1601-62862"
"2025-03-12",TRANSMITTER,USGS,UMESCUMR,LD5_13-VR2TX-491403-A69-1601-62862-2024-07-29T16,2024-07-29 16:18:00.000,2024-08-21 15:15:00.000,UTC,STATION:LD5_13,44.16079,-91.812,,,,Transceiver,VR2TX,NOT USED,A69-1601-62862,,,,,STATION,LD5_13,POINT (-91.812 44.16079),Added this deploy record for RAFT format
"2025-03-12",TRANSMITTER,USGS,UMESCUMR,LD5_07U-VR2TX-491395-A69-1601-62854-2024-08-21T15,2024-08-21 15:12:00.000,2024-09-19 17:26:00.000,UTC,STATION:LD5_07U,44.16061,-91.8125,,,,Transceiver,VR2TX,NOT USED,A69-1601-62854,,,,,STATION,LD5_07U,POINT (-91.8125 44.16061),"Deployment of same receiver but gave it a new name to easily comprehend locations at lock|Deployment of same receiver but gave it a new name to easily comprehend locations at lock, battery 80%"
"2025-03-12",TRANSMITTER,USGS,UMESCUMR,LD5_12D-VR2TX-491401-A69-1601-62860-2024-08-21T15,2024-08-21 15:05:00.000,2024-09-19 17:14:00.000,UTC,STATION:LD5_12D,44.15941,-91.81,,,,Transceiver,VR2TX,NOT USED,A69-1601-62860,,,,,STATION,LD5_12D,POINT (-91.81 44.15941),"Deployment of same receiver but gave it a new name to easily comprehend locations at lock|Deployment of same receiver but gave it a new name to easily comprehend locations at lock, almost out of water, battery 80%"
"2025-03-12",TRANSMITTER,USGS,UMESCUMR,LD5_09D-VR2TX-491381-A69-1601-62840-2024-08-21T15,2024-08-21 15:28:00.000,2024-09-19 15:11:00.000,UTC,STATION:LD5_09D,44.15972,-91.8105,,,,Transceiver,VR2TX,NOT USED,A69-1601-62840,,,,,STATION,LD5_09D,POINT (-91.8105 44.15972),"Deployment of same receiver but gave it a new name to easily comprehend locations at lock|Deployment of same receiver but gave it a new name to easily comprehend locations at lock, out of water, battery 80%"
"2025-03-12",TRANSMITTER,USGS,UMESCUMR,LD5_13U-VR2TX-491403-A69-1601-62862-2024-08-21T15,2024-08-21 15:18:00.000,2024-09-19 17:22:00.000,UTC,STATION:LD5_13U,44.16082,-91.81199,,,,Transceiver,VR2TX,NOT USED,A69-1601-62862,,,,,STATION,LD5_13U,POINT (-91.81199 44.16082),"Deployment of same receiver but gave it a new name to easily comprehend locations at lock. Changed coordinates to more accurately depict location|Deployment of same receiver but gave it a new name to easily comprehend locations at lock. Changed coordinates to more accurately depict location, battery 80%"
"2025-03-12",TRANSMITTER,USGS,UMESCUMR,LD5_08D-VR2TX-491404-A69-1601-62863-2024-08-21T15,2024-08-21 15:26:00.000,2024-09-19 15:07:00.000,UTC,STATION:LD5_08D,44.16011,-91.81135,,,,Transceiver,VR2TX,NOT USED,A69-1601-62863,,,,,STATION,LD5_08D,POINT (-91.81135 44.16011),"Deployment of same receiver but gave it a new name to easily comprehend locations at lock. Changed coordinates to more accurately depict location|Deployment of same receiver but gave it a new name to easily comprehend locations at lock. Changed coordinates to more accurately depict location, battery 80%"
"2025-03-12",TRANSMITTER,USGS,UMESCUMR,LD5_14-VR2TX-491404-A69-1601-62863-2024-07-29T16,2024-07-29 16:15:00.000,2024-08-21 15:24:00.000,UTC,STATION:LD5_14,44.16008,-91.8114,,,,Transceiver,VR2TX,NOT USED,A69-1601-62863,,,,,STATION,LD5_14,POINT (-91.8114 44.16008),Added this deploy record for RAFT format
"2025-03-12",TRANSMITTER,USGS,UMESCUMR,"1405U-VR2TX-480679-A69-1601-62679-2021-12-07T15",2021-12-07 15:13:00.000,2022-05-23 20:01:00.000,UTC,STATION:1405U,41.57471,-90.39944,,,1.2,Transceiver,VR2TX,NOT USED,A69-1601-62679,,,,,STATION,"1405U",POINT (-90.39944 41.57471),"Battery 30%|Added this deploy record for RAFT format, Battery 30%"
"2025-03-12",TRANSMITTER,USGS,UMESCUMR,"1402D-VR2TX-480681-A69-1601-62681-2021-06-28T19",2021-06-28 19:32:00.000,2021-12-07 14:48:00.000,UTC,STATION:1402D,41.57364,-90.4019,,,,Transceiver,VR2TX,NOT USED,A69-1601-62681,,,,,STATION,"1402D",POINT (-90.4019 41.57364),|Added this deploy record for RAFT format
"2025-03-12",TRANSMITTER,USGS,UMESCUMR,"1402D-VR2TX-480681-A69-1601-62681-2021-12-07T14",2021-12-07 14:53:00.000,2022-05-23 20:08:00.000,UTC,STATION:1402D,41.57364,-90.4019,,,2.0,Transceiver,VR2TX,NOT USED,A69-1601-62681,,,,,STATION,"1402D",POINT (-90.4019 41.57364),"Battery 40%; would not connect for 20 minutes until offload|Added this deploy record for RAFT format, Battery 40%; would not connect for 20 minutes until offload"
"2025-03-12",TRANSMITTER,USGS,UMESCUMR,"1403L-VR2TX-480686-A69-1601-62686-2021-12-07T14",2021-12-07 14:46:00.000,2022-05-23 20:38:00.000,UTC,STATION:1403L,41.57402,-90.40183,,,,Transceiver,VR2TX,NOT USED,A69-1601-62686,,,,,STATION,"1403L",POINT (-90.40183 41.57402),"Battery 30%|Added this deploy record for RAFT format, Battery 30%"
"2025-03-12",TRANSMITTER,USGS,UMESCUMR,"402B2-VR2TX-480680-A69-1601-62680-2017-06-14T17",2017-06-14 17:05:00.000,2017-06-27 17:00:00.000,UTC,STATION:402B2,40.79247,-91.0803,,,,Transceiver,VR2TX,NOT USED,A69-1601-62680,,,,,STATION,"402B2",POINT (-91.0803 40.79247),|Added this deploy record for RAFT format
"2025-03-12",TRANSMITTER,USGS,UMESCUMR,"1404L-VR2TX-480692-A69-1601-62692-2022-05-23T20",2022-05-23 20:01:00.000,2022-08-10 20:15:00.000,UTC,STATION:1404L,41.57463,-90.39984,,,,Transceiver,VR2TX,NOT USED,A69-1601-62692,,,,,STATION,"1404L",POINT (-90.39984 41.57463),"New battery; firmware updated to 5.2.2|Added this deploy record for RAFT format, New battery; firmware updated to 5.2.2"
"2025-03-12",TRANSMITTER,USGS,UMESCUMR,"14AUX1-VR2TX-480673-A69-1601-62673-2021-12-07T15",2021-12-07 15:32:00.000,2022-05-23 19:26:00.000,UTC,STATION:14AUX1,41.57416,-90.40539,,,4.0,Transceiver,VR2TX,NOT USED,A69-1601-62673,,,,,STATION,"14AUX1",POINT (-90.40539 41.57416),"Battery 30%|Added this deploy record for RAFT format, Battery 30%"
"2025-03-12",TRANSMITTER,USGS,UMESCUMR,"14AUX1-VR2TX-480673-A69-1601-62673-2022-05-23T19",2022-05-23 19:31:00.000,2022-08-10 21:20:00.000,UTC,STATION:14AUX1,41.57416,-90.40539,,,,Transceiver,VR2TX,NOT USED,A69-1601-62673,,,,,STATION,"14AUX1",POINT (-90.40539 41.57416),"New battery; firmware updated to 5.2.2|Added this deploy record for RAFT format, New battery; firmware updated to 5.2.2"
"2025-03-12",TRANSMITTER,USGS,UMESCUMR,"1405U-VR2TX-480679-A69-1601-62679-2023-07-12T01",2023-07-12 01:10:00.000,2023-11-02 13:02:00.000,UTC,STATION:1405U,41.57471,-90.39944,,1.0,1.0,Transceiver,VR2TX,NOT USED,A69-1601-62679,,,,,STATION,"1405U",POINT (-90.39944 41.57471),|Added this deploy record for RAFT format
"2025-03-12",TRANSMITTER,USGS,UMESCUMR,"15 AUX L-VR2TX-480707-A69-1601-62707-2019-07-31T17",2019-07-31 17:05:00.000,2019-09-10 17:00:00.000,UTC,STATION:15 AUX L,41.51865,-90.56484,,,,Transceiver,VR2TX,NOT USED,A69-1601-62707,,,,,STATION,"15 AUX L",POINT (-90.56484 41.51865),|Added this deploy record for RAFT format
"2025-03-12",TRANSMITTER,USGS,UMESCUMR,"14AUX2-VR2TX-480713-A69-1601-62713-2021-12-07T15",2021-12-07 15:27:00.000,2022-05-23 19:35:00.000,UTC,STATION:14AUX2,41.57469,-90.40462,,,4.0,Transceiver,VR2TX,NOT USED,A69-1601-62713,,,,,STATION,"14AUX2",POINT (-90.40462 41.57469),"Battery 30%|Added this deploy record for RAFT format, Battery 30%"
"2025-03-12",TRANSMITTER,USGS,UMESCUMR,"15 MID WALL-VR2TX-480702-A69-1601-62702-2019-07-31T17",2019-07-31 17:05:00.000,2019-09-10 17:00:00.000,UTC,STATION:15 MID WALL,41.51933,-90.56285,,,,Transceiver,VR2TX,NOT USED,A69-1601-62702,,,,,STATION,"15 MID WALL",POINT (-90.56285 41.51933),|Added this deploy record for RAFT format
"2025-03-12",TRANSMITTER,USGS,UMESCUMR,"15 MID WALL-VR2TX-480702-A69-1601-62702-2019-09-10T17",2019-09-10 17:05:00.000,2019-12-03 18:00:00.000,UTC,STATION:15 MID WALL,41.51933,-90.56285,,,,Transceiver,VR2TX,NOT USED,A69-1601-62702,,,,,STATION,"15 MID WALL",POINT (-90.56285 41.51933),|Added this deploy record for RAFT format
"2025-03-12",TRANSMITTER,USGS,UMESCUMR,"15 MID WALL-VR2TX-480702-A69-1601-62702-2021-05-25T14",2021-05-25 14:38:00.000,2021-06-29 20:03:00.000,UTC,STATION:15 MID WALL,41.51933,-90.56285,,,,Transceiver,VR2TX,NOT USED,A69-1601-62702,,,,,STATION,"15 MID WALL",POINT (-90.56285 41.51933),"Battery replaced, sync was off|Added this deploy record for RAFT format, Battery replaced, sync was off"
"2025-03-12",TRANSMITTER,USGS,UMESCUMR,"15 MID WALL-VR2TX-480702-A69-1601-62702-2021-06-29T20",2021-06-29 20:08:00.000,2021-12-08 14:48:00.000,UTC,STATION:15 MID WALL,41.51933,-90.56285,,,,Transceiver,VR2TX,NOT USED,A69-1601-62702,,,,,STATION,"15 MID WALL",POINT (-90.56285 41.51933),"updated firmware to 5.1.8|Added this deploy record for RAFT format, updated firmware to 5.1.8"
"2025-03-12",TRANSMITTER,USGS,UMESCUMR,"15 AUX L-VR2TX-480707-A69-1601-62707-2022-08-10T17",2022-08-10 17:07:00.000,2022-11-22 15:20:00.000,UTC,STATION:15 AUX L,41.51865,-90.56484,,,,Transceiver,VR2TX,NOT USED,A69-1601-62707,,,,,STATION,"15 AUX L",POINT (-90.56484 41.51865),"Battery 80%|Added this deploy record for RAFT format, Battery 80%"
"2025-03-12",TRANSMITTER,USGS,UMESCUMR,"15 AUX L2-VR2TX-480716-A69-1601-62716-2020-12-03T18",2020-12-03 18:59:00.000,2021-05-25 14:44:00.000,UTC,STATION:15 AUX L2,41.51862,-90.56418,,,6.0,Transceiver,VR2TX,NOT USED,A69-1601-62716,,,,,STATION,"15 AUX L2",POINT (-90.56418 41.51862),"Replaced rope with coated cable, sync transmitter off|Added this deploy record for RAFT format, Replaced rope with coated cable, sync transmitter off"
"2025-03-12",TRANSMITTER,USGS,UMESCUMR,"15 AUX L2-VR2TX-480716-A69-1601-62716-2022-11-22T15",2022-11-22 15:05:00.000,2023-07-11 22:50:00.000,UTC,STATION:15 AUX L2,41.51862,-90.56418,,,,Transceiver,VR2TX,NOT USED,A69-1601-62716,,,,,STATION,"15 AUX L2",POINT (-90.56418 41.51862),"Battery replaced, updated firmware to 6.0.0|Added this deploy record for RAFT format, Battery replaced, updated firmware to 6.0.0"
"2025-03-12",TRANSMITTER,USGS,UMESCUMR,"1501-VR2TX-480680-A69-1601-62680-2019-09-10T17",2019-09-10 17:05:00.000,2019-12-03 18:00:00.000,UTC,STATION:1501,41.51701,-90.56797,,,,Transceiver,VR2TX,NOT USED,A69-1601-62680,,,,,STATION,"1501",POINT (-90.56797 41.51701),|Added this deploy record for RAFT format
"2025-03-12",TRANSMITTER,USGS,UMESCUMR,UPPER_19-VR2TX-491375-A69-1601-62834-2024-05-09T17,2024-05-09 17:55:00.000,2024-06-27 14:26:00.000,UTC,STATION:UPPER_19,40.39613,-91.37424,,9.0,8.0,Transceiver,VR2TX,NOT USED,A69-1601-62834,,,,,STATION,UPPER_19,POINT (-91.37424 40.39613),"New Battery, Name needs to be changed to L19 Upper|New Battery, Name needs to be changed to L19 Upper, battery 90%"
"2025-03-12",TRANSMITTER,USGS,UMESCUMR,"15 S WALL-VR2TX-480698-A69-1601-62698-2019-12-03T18",2019-12-03 18:05:00.000,2020-06-17 17:00:00.000,UTC,STATION:15 S WALL,41.51888,-90.56269,,,1.2,Transceiver,VR2TX,NOT USED,A69-1601-62698,,,,,STATION,"15 S WALL",POINT (-90.56269 41.51888),"New battery|Added this deploy record for RAFT format, New battery"
"2025-03-12",TRANSMITTER,USGS,UMESCUMR,"15 S WALL-VR2TX-480698-A69-1601-62698-2022-05-27T14",2022-05-27 14:52:00.000,2022-08-10 16:06:00.000,UTC,STATION:15 S WALL,41.51888,-90.56269,,,1.5,Transceiver,VR2TX,NOT USED,A69-1601-62698,,,,,STATION,"15 S WALL",POINT (-90.56269 41.51888),"New battery; firmware updated to 5.2.2|Added this deploy record for RAFT format, New battery; firmware updated to 5.2.2"
"2025-03-12",TRANSMITTER,USGS,UMESCUMR,"15 MID WALL-VR2TX-480702-A69-1601-62702-2022-11-22T14",2022-11-22 14:55:00.000,2023-11-01 23:25:00.000,UTC,STATION:15 MID WALL,41.51933,-90.56285,,,,Transceiver,VR2TX,NOT USED,A69-1601-62702,,,,,STATION,"15 MID WALL",POINT (-90.56285 41.51933),"Wouldn't connect to either computer. Removed and replaced with another receiver|Added this deploy record for RAFT format, Wouldn't connect to either computer. Removed and replaced with another receiver"
"2025-03-12",TRANSMITTER,USGS,UMESCUMR,"15 S WALL END-VR2TX-480709-A69-1601-62709-2020-12-18T18",2020-12-18 18:05:00.000,2021-05-25 15:05:00.000,UTC,STATION:15 S WALL END,41.51974,-90.56106,,,3.0,Transceiver,VR2TX,NOT USED,A69-1601-62709,,,,,STATION,"15 S WALL END",POINT (-90.56106 41.51974),"Replaced un-coated cable with coated cable, sync transmitter off|Added this deploy record for RAFT format, Replaced un-coated cable with coated cable, sync transmitter off"
"2025-03-12",TRANSMITTER,USGS,UMESCUMR,"1502-VR2TX-480681-A69-1601-62681-2019-06-28T17",2019-06-28 17:05:00.000,2019-07-31 17:00:00.000,UTC,STATION:1502,41.51748,-90.56706,,,,Transceiver,VR2TX,NOT USED,A69-1601-62681,,,,,STATION,"1502",POINT (-90.56706 41.51748),|Added this deploy record for RAFT format
"2025-03-12",TRANSMITTER,USGS,UMESCUMR,"1503-VR2TX-480682-A69-1601-62682-2019-06-28T17",2019-06-28 17:05:00.000,2019-07-31 17:00:00.000,UTC,STATION:1503,41.5182,-90.56568,,,,Transceiver,VR2TX,NOT USED,A69-1601-62682,,,,,STATION,"1503",POINT (-90.56568 41.5182),|Added this deploy record for RAFT format
"2025-03-12",TRANSMITTER,USGS,UMESCUMR,"1503-VR2TX-480682-A69-1601-62682-2020-06-17T17",2020-06-17 17:05:00.000,2020-12-03 18:17:00.000,UTC,STATION:1503,41.5182,-90.56568,,,,Transceiver,VR2TX,NOT USED,A69-1601-62682,,,,,STATION,"1503",POINT (-90.56568 41.5182),"Wouldn't connect to computer, light flashing green|Added this deploy record for RAFT format, Wouldn't connect to computer, light flashing green"
"2025-03-12",TRANSMITTER,USGS,UMESCUMR,"1503-VR2TX-480682-A69-1601-62682-2022-05-27T14",2022-05-27 14:05:00.000,2022-08-10 17:25:00.000,UTC,STATION:1503,41.5182,-90.56568,,,,Transceiver,VR2TX,NOT USED,A69-1601-62682,,,,,STATION,"1503",POINT (-90.56568 41.5182),"New battery; firmware updated to 5.2.2|Added this deploy record for RAFT format, New battery; firmware updated to 5.2.2"
"2025-03-12",TRANSMITTER,USGS,UMESCUMR,"1505-VR2TX-480687-A69-1601-62687-2019-09-10T17",2019-09-10 17:05:00.000,2019-12-03 18:00:00.000,UTC,STATION:1505,41.51742,-90.56643,,,,Transceiver,VR2TX,NOT USED,A69-1601-62687,,,,,STATION,"1505",POINT (-90.56643 41.51742),"Sync tag mounted here (1601-65089)|Added this deploy record for RAFT format, Sync tag mounted here (1601-65089)"
"2025-03-12",TRANSMITTER,USGS,UMESCUMR,"1505-VR2TX-480687-A69-1601-62687-2020-06-17T17",2020-06-17 17:05:00.000,2020-12-03 18:04:00.000,UTC,STATION:1505,41.51742,-90.56643,,,,Transceiver,VR2TX,NOT USED,A69-1601-62687,,,,,STATION,"1505",POINT (-90.56643 41.51742),|Added this deploy record for RAFT format
"2025-03-12",TRANSMITTER,USGS,UMESCUMR,"1505-VR2TX-480687-A69-1601-62687-2020-12-03T18",2020-12-03 18:09:00.000,2021-05-25 13:49:00.000,UTC,STATION:1505,41.51742,-90.56643,,,1.8,Transceiver,VR2TX,NOT USED,A69-1601-62687,,,,,STATION,"1505",POINT (-90.56643 41.51742),"Replaced rope with coated cable|Added this deploy record for RAFT format, Replaced rope with coated cable"
"2025-03-12",TRANSMITTER,USGS,UMESCUMR,"1505-VR2TX-480687-A69-1601-62687-2022-11-22T15",2022-11-22 15:55:00.000,2023-07-11 22:47:00.000,UTC,STATION:1505,41.51742,-90.56643,,,,Transceiver,VR2TX,NOT USED,A69-1601-62687,,,,,STATION,"1505",POINT (-90.56643 41.51742),"Battery replaced, updated firmware to 6.0.0|Added this deploy record for RAFT format, Battery replaced, updated firmware to 6.0.0"
"2025-03-12",TRANSMITTER,USGS,UMESCUMR,"1506-VR2TX-480689-A69-1601-62689-2021-05-25T14",2021-05-25 14:09:00.000,2021-06-29 19:12:00.000,UTC,STATION:1506,41.51733,-90.56635,,,,Transceiver,VR2TX,NOT USED,A69-1601-62689,,,,,STATION,"1506",POINT (-90.56635 41.51733),"Battery replaced|Added this deploy record for RAFT format, Battery replaced"
"2025-03-12",TRANSMITTER,USGS,UMESCUMR,"1507-VR2TX-480690-A69-1601-62690-2019-09-10T17",2019-09-10 17:05:00.000,2019-12-03 18:00:00.000,UTC,STATION:1507,41.51783,-90.56539,,,,Transceiver,VR2TX,NOT USED,A69-1601-62690,,,,,STATION,"1507",POINT (-90.56539 41.51783),|Added this deploy record for RAFT format
"2025-03-12",TRANSMITTER,USGS,UMESCUMR,"1507-VR2TX-480690-A69-1601-62690-2019-12-03T18",2019-12-03 18:05:00.000,2020-06-17 17:00:00.000,UTC,STATION:1507,41.51783,-90.56539,,,,Transceiver,VR2TX,NOT USED,A69-1601-62690,,,,,STATION,"1507",POINT (-90.56539 41.51783),"New battery|Added this deploy record for RAFT format, New battery"
"2025-03-12",TRANSMITTER,USGS,UMESCUMR,"1508-VR2TX-480691-A69-1601-62691-2020-06-17T17",2020-06-17 17:05:00.000,2020-12-03 17:36:00.000,UTC,STATION:1508,41.51767,-90.56515,,,,Transceiver,VR2TX,NOT USED,A69-1601-62691,,,,,STATION,"1508",POINT (-90.56515 41.51767),"Wouldn't connect to computer, light flashing green|Added this deploy record for RAFT format, Wouldn't connect to computer, light flashing green"
"2025-03-12",TRANSMITTER,USGS,UMESCUMR,"1509-VR2TX-480692-A69-1601-62692-2019-07-31T17",2019-07-31 17:05:00.000,2019-09-10 17:00:00.000,UTC,STATION:1509,41.51723,-90.56591,,,,Transceiver,VR2TX,NOT USED,A69-1601-62692,,,,,STATION,"1509",POINT (-90.56591 41.51723),|Added this deploy record for RAFT format
"2025-03-12",TRANSMITTER,USGS,UMESCUMR,"1510-VR2TX-480693-A69-1601-62693-2019-09-10T17",2019-09-10 17:05:00.000,2019-12-03 18:00:00.000,UTC,STATION:1510,41.51678,-90.56672,,,,Transceiver,VR2TX,NOT USED,A69-1601-62693,,,,,STATION,"1510",POINT (-90.56672 41.51678),|Added this deploy record for RAFT format
"2025-03-12",TRANSMITTER,USGS,UMESCUMR,"1510-VR2TX-480693-A69-1601-62693-2020-12-03T17",2020-12-03 17:28:00.000,2021-05-25 15:38:00.000,UTC,STATION:1510,41.51678,-90.56672,,,1.2,Transceiver,VR2TX,NOT USED,A69-1601-62693,,,,,STATION,"1510",POINT (-90.56672 41.51678),"Replaced rope with coated cable|Added this deploy record for RAFT format, Replaced rope with coated cable"
"2025-03-12",TRANSMITTER,USGS,UMESCUMR,"1511-VR2TX-480694-A69-1601-62694-2019-06-28T17",2019-06-28 17:05:00.000,2019-07-31 17:00:00.000,UTC,STATION:1511,41.51636,-90.56751,,,,Transceiver,VR2TX,NOT USED,A69-1601-62694,,,,,STATION,"1511",POINT (-90.56751 41.51636),|Added this deploy record for RAFT format
"2025-03-12",TRANSMITTER,USGS,UMESCUMR,"365B1-VR2TX-480689-A69-1601-62689-2017-05-23T17",2017-05-23 17:05:00.000,2017-06-14 17:00:00.000,UTC,STATION:365B1,40.40258,-91.36308,,1.5,0.9,Transceiver,VR2TX,NOT USED,A69-1601-62689,,,,,STATION,"365B1",POINT (-91.36308 40.40258),|Added this deploy record for RAFT format
"2025-03-12",TRANSMITTER,USGS,UMESCUMR,"365B1-VR2TX-480689-A69-1601-62689-2018-06-07T17",2018-06-07 17:05:00.000,2018-07-12 17:00:00.000,UTC,STATION:365B1,40.40271,-91.36325,,1.5,0.9,Transceiver,VR2TX,NOT USED,A69-1601-62689,,,,,STATION,"365B1",POINT (-91.36325 40.40271),|Added this deploy record for RAFT format
"2025-03-12",TRANSMITTER,USGS,UMESCUMR,"365B1-VR2TX-480689-A69-1601-62689-2018-10-04T17",2018-10-04 17:05:00.000,2018-11-14 18:00:00.000,UTC,STATION:365B1,40.40268,-91.36329,,1.5,0.9,Transceiver,VR2TX,NOT USED,A69-1601-62689,,,,,STATION,"365B1",POINT (-91.36329 40.40268),|Added this deploy record for RAFT format
"2025-03-12",TRANSMITTER,USGS,UMESCUMR,"1514-VR2TX-481294-A69-1601-63294-2020-12-03T18",2020-12-03 18:55:00.000,2021-05-25 14:26:00.000,UTC,STATION:1514,41.51891,-90.56448,,,1.0,Transceiver,VR2TX,NOT USED,A69-1601-63294,,,,,STATION,"1514",POINT (-90.56448 41.51891),"Replaced rope with coated cable, sync transmitter off|Added this deploy record for RAFT format, Replaced rope with coated cable, sync transmitter off"
"2025-03-12",TRANSMITTER,USGS,UMESCUMR,"1514-VR2TX-481294-A69-1601-63294-2021-05-25T14",2021-05-25 14:31:00.000,2021-06-29 19:40:00.000,UTC,STATION:1514,41.51891,-90.56448,,,,Transceiver,VR2TX,NOT USED,A69-1601-63294,,,,,STATION,"1514",POINT (-90.56448 41.51891),"Battery replaced, sync was off|Added this deploy record for RAFT format, Battery replaced, sync was off"
"2025-03-12",TRANSMITTER,USGS,UMESCUMR,"1514-VR2TX-481294-A69-1601-63294-2022-05-27T14",2022-05-27 14:52:00.000,2022-08-10 16:48:00.000,UTC,STATION:1514,41.51891,-90.56448,,,,Transceiver,VR2TX,NOT USED,A69-1601-63294,,,,,STATION,"1514",POINT (-90.56448 41.51891),"New battery; firmware already updated; enabled sync Very High|Added this deploy record for RAFT format, New battery; firmware already updated; enabled sync Very High"
"2025-03-12",TRANSMITTER,USGS,UMESCUMR,"1514-VR2TX-481294-A69-1601-63294-2022-08-10T16",2022-08-10 16:53:00.000,2022-11-22 15:10:00.000,UTC,STATION:1514,41.51891,-90.56448,,,,Transceiver,VR2TX,NOT USED,A69-1601-63294,,,,,STATION,"1514",POINT (-90.56448 41.51891),"Battery 80%|Added this deploy record for RAFT format, Battery 80%"
"2025-03-12",TRANSMITTER,USGS,UMESCUMR,"1514-VR2TX-481294-A69-1601-63294-2022-11-22T15",2022-11-22 15:15:00.000,2023-07-11 23:02:00.000,UTC,STATION:1514,41.51891,-90.56448,,,,Transceiver,VR2TX,NOT USED,A69-1601-63294,,,,,STATION,"1514",POINT (-90.56448 41.51891),"Battery replaced, updated firmware to 6.0.0|Added this deploy record for RAFT format, Battery replaced, updated firmware to 6.0.0"
"2025-03-12",TRANSMITTER,USGS,UMESCUMR,"1514-VR2TX-481294-A69-1601-63294-2023-07-11T23",2023-07-11 23:07:00.000,2023-11-01 23:23:00.000,UTC,STATION:1514,41.51891,-90.56448,,,,Transceiver,VR2TX,NOT USED,A69-1601-63294,,,,,STATION,"1514",POINT (-90.56448 41.51891),|Added this deploy record for RAFT format
"2025-03-12",TRANSMITTER,USGS,UMESCUMR,"1511-VR2TX-482137-A69-1601-62137-2022-08-10T17",2022-08-10 17:51:00.000,2022-11-22 14:39:00.000,UTC,STATION:1511,41.51636,-90.56751,,1.0,1.0,Transceiver,VR2TX,NOT USED,A69-1601-62137,,,,,STATION,"1511",POINT (-90.56751 41.51636),"Battery 80%, Removed rope and lowered receiver|Added this deploy record for RAFT format, Battery 80%, Removed rope and lowered receiver"
"2025-03-12",TRANSMITTER,USGS,UMESCUMR,"402B2-VR2TX-480680-A69-1601-62680-2017-06-27T17",2017-06-27 17:05:00.000,2017-07-11 17:00:00.000,UTC,STATION:402B2,40.79247,-91.0803,,,,Transceiver,VR2TX,NOT USED,A69-1601-62680,,,,,STATION,"402B2",POINT (-91.0803 40.79247),|Added this deploy record for RAFT format
"2025-03-12",TRANSMITTER,USGS,UMESCUMR,"402B2-VR2TX-480680-A69-1601-62680-2017-07-11T17",2017-07-11 17:05:00.000,2017-08-01 17:00:00.000,UTC,STATION:402B2,40.79247,-91.0803,,,,Transceiver,VR2TX,NOT USED,A69-1601-62680,,,,,STATION,"402B2",POINT (-91.0803 40.79247),|Added this deploy record for RAFT format
"2025-03-12",TRANSMITTER,USGS,UMESCUMR,"402B2-VR2TX-480680-A69-1601-62680-2018-06-15T17",2018-06-15 17:05:00.000,2018-07-11 17:00:00.000,UTC,STATION:402B2,40.79258,-91.08042,,,,Transceiver,VR2TX,NOT USED,A69-1601-62680,,,,,STATION,"402B2",POINT (-91.08042 40.79258),|Added this deploy record for RAFT format
"2025-03-12",TRANSMITTER,USGS,UMESCUMR,"402B2-VR2TX-480680-A69-1601-62680-2018-07-11T17",2018-07-11 17:05:00.000,2018-07-31 17:00:00.000,UTC,STATION:402B2,40.79258,-91.08042,,,,Transceiver,VR2TX,NOT USED,A69-1601-62680,,,,,STATION,"402B2",POINT (-91.08042 40.79258),|Added this deploy record for RAFT format
"2025-03-12",TRANSMITTER,USGS,UMESCUMR,"402B2-VR2TX-480680-A69-1601-62680-2018-07-31T17",2018-07-31 17:05:00.000,2018-11-14 18:00:00.000,UTC,STATION:402B2,40.79258,-91.08042,,,,Transceiver,VR2TX,NOT USED,A69-1601-62680,,,,,STATION,"402B2",POINT (-91.08042 40.79258),|Added this deploy record for RAFT format
"2025-03-12",TRANSMITTER,USGS,UMESCUMR,"402B-VR2TX-480692-A69-1601-62692-2017-05-23T17",2017-05-23 17:05:00.000,2017-06-14 17:00:00.000,UTC,STATION:402B,40.78946,-91.07836,,,,Transceiver,VR2TX,NOT USED,A69-1601-62692,,,,,STATION,"402B",POINT (-91.07836 40.78946),|Added this deploy record for RAFT format
"2025-03-12",TRANSMITTER,USGS,UMESCUMR,"402B-VR2TX-480692-A69-1601-62692-2017-06-14T17",2017-06-14 17:05:00.000,2017-06-27 17:00:00.000,UTC,STATION:402B,40.78946,-91.07836,,,,Transceiver,VR2TX,NOT USED,A69-1601-62692,,,,,STATION,"402B",POINT (-91.07836 40.78946),|Added this deploy record for RAFT format
"2025-03-12",TRANSMITTER,USGS,UMESCUMR,"402B-VR2TX-480692-A69-1601-62692-2017-06-27T17",2017-06-27 17:05:00.000,2017-07-11 17:00:00.000,UTC,STATION:402B,40.78946,-91.07836,,,,Transceiver,VR2TX,NOT USED,A69-1601-62692,,,,,STATION,"402B",POINT (-91.07836 40.78946),|Added this deploy record for RAFT format
"2025-03-12",TRANSMITTER,USGS,UMESCUMR,"402B-VR2TX-480692-A69-1601-62692-2017-07-11T17",2017-07-11 17:05:00.000,2017-08-01 17:00:00.000,UTC,STATION:402B,40.78946,-91.07836,,,,Transceiver,VR2TX,NOT USED,A69-1601-62692,,,,,STATION,"402B",POINT (-91.07836 40.78946),|Added this deploy record for RAFT format
"2025-03-12",TRANSMITTER,USGS,UMESCUMR,"402B-VR2TX-480692-A69-1601-62692-2017-08-01T17",2017-08-01 17:05:00.000,2017-10-24 17:00:00.000,UTC,STATION:402B,40.78946,-91.07836,,,,Transceiver,VR2TX,NOT USED,A69-1601-62692,,,,,STATION,"402B",POINT (-91.07836 40.78946),|Added this deploy record for RAFT format
"2025-03-12",TRANSMITTER,USGS,UMESCUMR,"402B-VR2TX-480692-A69-1601-62692-2017-10-24T17",2017-10-24 17:05:00.000,2017-11-13 18:00:00.000,UTC,STATION:402B,40.78952,-91.07866,,2.7,2.1,Transceiver,VR2TX,NOT USED,A69-1601-62692,,,,,STATION,"402B",POINT (-91.07866 40.78952),|Added this deploy record for RAFT format
"2025-03-12",TRANSMITTER,USGS,UMESCUMR,"402B-VR2TX-480692-A69-1601-62692-2017-11-13T18",2017-11-13 18:05:00.000,2018-05-09 17:00:00.000,UTC,STATION:402B,40.78952,-91.07866,,,,Transceiver,VR2TX,NOT USED,A69-1601-62692,,,,,STATION,"402B",POINT (-91.07866 40.78952),|Added this deploy record for RAFT format
"2025-03-12",TRANSMITTER,USGS,UMESCUMR,"402B-VR2TX-480692-A69-1601-62692-2018-05-09T17",2018-05-09 17:05:00.000,2018-06-15 17:00:00.000,UTC,STATION:402B,40.78952,-91.07866,,,,Transceiver,VR2TX,NOT USED,A69-1601-62692,,,,,STATION,"402B",POINT (-91.07866 40.78952),|Added this deploy record for RAFT format
"2025-03-12",TRANSMITTER,USGS,UMESCUMR,"402B-VR2TX-480692-A69-1601-62692-2018-06-15T17",2018-06-15 17:05:00.000,2018-07-09 17:00:00.000,UTC,STATION:402B,40.78952,-91.07866,,,,Transceiver,VR2TX,NOT USED,A69-1601-62692,,,,,STATION,"402B",POINT (-91.07866 40.78952),|Added this deploy record for RAFT format
"2025-03-12",TRANSMITTER,USGS,UMESCUMR,"402B-VR2TX-480692-A69-1601-62692-2018-07-09T17",2018-07-09 17:05:00.000,2018-07-31 17:00:00.000,UTC,STATION:402B,40.78952,-91.07866,,,,Transceiver,VR2TX,NOT USED,A69-1601-62692,,,,,STATION,"402B",POINT (-91.07866 40.78952),|Added this deploy record for RAFT format
"2025-03-12",TRANSMITTER,USGS,UMESCUMR,"402B-VR2TX-480692-A69-1601-62692-2018-09-12T17",2018-09-12 17:05:00.000,2018-09-25 17:00:00.000,UTC,STATION:402B,40.78931,-91.07848,,,,Transceiver,VR2TX,NOT USED,A69-1601-62692,,,,,STATION,"402B",POINT (-91.07848 40.78931),|Added this deploy record for RAFT format
"2025-03-12",TRANSMITTER,USGS,UMESCUMR,"433B-VR2TX-480691-A69-1601-62691-2017-05-25T17",2017-05-25 17:05:00.000,2017-06-15 17:00:00.000,UTC,STATION:433B,41.17669,-91.00699,,,,Transceiver,VR2TX,NOT USED,A69-1601-62691,,,,,STATION,"433B",POINT (-91.00699 41.17669),|Added this deploy record for RAFT format
"2025-03-12",TRANSMITTER,USGS,UMESCUMR,"433B-VR2TX-480691-A69-1601-62691-2017-06-15T17",2017-06-15 17:05:00.000,2017-06-29 17:00:00.000,UTC,STATION:433B,41.17669,-91.00699,,2.3,1.7,Transceiver,VR2TX,NOT USED,A69-1601-62691,,,,,STATION,"433B",POINT (-91.00699 41.17669),|Added this deploy record for RAFT format
"2025-03-12",TRANSMITTER,USGS,UMESCUMR,"411B-VR2TX-480694-A69-1601-62694-2017-11-15T18",2017-11-15 18:05:00.000,2018-03-15 17:00:00.000,UTC,STATION:411B,40.88714,-91.02711,,,,Transceiver,VR2TX,NOT USED,A69-1601-62694,,,,,STATION,"411B",POINT (-91.02711 40.88714),|Added this deploy record for RAFT format
"2025-03-12",TRANSMITTER,USGS,UMESCUMR,"411B2-VR2TX-480711-A69-1601-62711-2018-06-12T17",2018-06-12 17:05:00.000,2018-07-31 17:00:00.000,UTC,STATION:411B2,40.88876,-91.02497,,,,Transceiver,VR2TX,NOT USED,A69-1601-62711,,,,,STATION,"411B2",POINT (-91.02497 40.88876),|Added this deploy record for RAFT format
"2025-03-12",TRANSMITTER,USGS,UMESCUMR,"433B2-VR2TX-480687-A69-1601-62687-2018-09-11T17",2018-09-11 17:05:00.000,2018-11-27 18:00:00.000,UTC,STATION:433B2,41.20373,-91.01257,,,,Transceiver,VR2TX,NOT USED,A69-1601-62687,,,,,STATION,"433B2",POINT (-91.01257 41.20373),"Buoyed|Added this deploy record for RAFT format, Buoyed"
"2025-03-12",TRANSMITTER,USGS,UMESCUMR,"433B-VR2TX-480691-A69-1601-62691-2018-06-13T17",2018-06-13 17:05:00.000,2018-06-28 17:00:00.000,UTC,STATION:433B,41.17669,-91.00699,,,,Transceiver,VR2TX,NOT USED,A69-1601-62691,,,,,STATION,"433B",POINT (-91.00699 41.17669),"Buoyed|Added this deploy record for RAFT format, Buoyed"
"2025-03-12",TRANSMITTER,USGS,UMESCUMR,"433B-VR2TX-480691-A69-1601-62691-2018-06-28T17",2018-06-28 17:05:00.000,2018-08-01 17:00:00.000,UTC,STATION:433B,41.17669,-91.00699,,,,Transceiver,VR2TX,NOT USED,A69-1601-62691,,,,,STATION,"433B",POINT (-91.00699 41.17669),"Buoyed|Added this deploy record for RAFT format, Buoyed"
"2025-03-12",TRANSMITTER,USGS,UMESCUMR,"433B2-VR2TX-480702-A69-1601-62702-2017-06-29T17",2017-06-29 17:05:00.000,2017-08-23 17:00:00.000,UTC,STATION:433B2,41.17049,-91.00407,,0.9,0.3,Transceiver,VR2TX,NOT USED,A69-1601-62702,,,,,STATION,"433B2",POINT (-91.00407 41.17049),"At entrance of BB|Added this deploy record for RAFT format, At entrance of BB"
"2025-03-12",TRANSMITTER,USGS,UMESCUMR,"433B4-VR2TX-480705-A69-1601-62705-2017-05-04T17",2017-05-04 17:05:00.000,2017-05-16 17:00:00.000,UTC,STATION:433B4,41.19637,-91.00988,,4.9,4.3,Transceiver,VR2TX,NOT USED,A69-1601-62705,,,,,STATION,"433B4",POINT (-91.00988 41.19637),|Added this deploy record for RAFT format
"2025-03-12",TRANSMITTER,USGS,UMESCUMR,"433B5-VR2TX-480688-A69-1601-62688-2017-05-25T17",2017-05-25 17:05:00.000,2017-06-15 17:00:00.000,UTC,STATION:433B5,41.19105,-91.00674,,4.0,3.4,Transceiver,VR2TX,NOT USED,A69-1601-62688,,,,,STATION,"433B5",POINT (-91.00674 41.19105),|Added this deploy record for RAFT format
"2025-03-12",TRANSMITTER,USGS,UMESCUMR,"433B5-VR2TX-480688-A69-1601-62688-2017-06-15T17",2017-06-15 17:05:00.000,2017-06-29 17:00:00.000,UTC,STATION:433B5,41.19105,-91.00674,,2.7,2.1,Transceiver,VR2TX,NOT USED,A69-1601-62688,,,,,STATION,"433B5",POINT (-91.00674 41.19105),|Added this deploy record for RAFT format
"2025-03-12",TRANSMITTER,USGS,UMESCUMR,"433B4-VR2TX-480705-A69-1601-62705-2017-09-14T17",2017-09-14 17:05:00.000,2017-11-16 18:00:00.000,UTC,STATION:433B4,41.19646,-91.00994,,2.8,2.2,Transceiver,VR2TX,NOT USED,A69-1601-62705,,,,,STATION,"433B4",POINT (-91.00994 41.19646),|Added this deploy record for RAFT format
"2025-03-12",TRANSMITTER,USGS,UMESCUMR,"433B4-VR2TX-480705-A69-1601-62705-2018-10-02T17",2018-10-02 17:05:00.000,2018-11-27 18:00:00.000,UTC,STATION:433B4,41.19651,-91.00991,,,,Transceiver,VR2TX,NOT USED,A69-1601-62705,,,,,STATION,"433B4",POINT (-91.00991 41.19651),|Added this deploy record for RAFT format
"2025-03-12",TRANSMITTER,USGS,UMESCUMR,"433B6-VR2TX-480712-A69-1601-62712-2017-09-14T17",2017-09-14 17:05:00.000,2017-09-16 17:00:00.000,UTC,STATION:433B6,41.20375,-91.01261,,,,Transceiver,VR2TX,NOT USED,A69-1601-62712,,,,,STATION,"433B6",POINT (-91.01261 41.20375),"Snagged again on 9/16/17, is recorded in receiver lists. No offload on this day and no record of redeployment. Next offload on 6/19/17=assuming redeploy|Added this deploy record for RAFT format, Snagged again on 9/16/17, is recorded in receiver lists. No offload on this day and no record of redeployment. Next offload on 6/19/17=assuming redeploy"
"2025-03-12",TRANSMITTER,USGS,UMESCUMR,"437B-VR2TX-480697-A69-1601-62697-2017-08-01T17",2017-08-01 17:05:00.000,2017-08-22 17:00:00.000,UTC,STATION:437B,41.19034,-91.06491,,2.7,2.1,Transceiver,VR2TX,NOT USED,A69-1601-62697,,,,,STATION,"437B",POINT (-91.06491 41.19034),|Added this deploy record for RAFT format
"2025-03-12",TRANSMITTER,USGS,UMESCUMR,"437B-VR2TX-480697-A69-1601-62697-2018-04-10T17",2018-04-10 17:05:00.000,2018-06-06 17:00:00.000,UTC,STATION:437B,41.19051,-91.06475,,,,Transceiver,VR2TX,NOT USED,A69-1601-62697,,,,,STATION,"437B",POINT (-91.06475 41.19051),|Added this deploy record for RAFT format
"2025-03-12",TRANSMITTER,USGS,UMESCUMR,"433B7-VR2TX-480707-A69-1601-62707-2017-09-14T17",2017-09-14 17:05:00.000,2017-10-05 17:00:00.000,UTC,STATION:433B7,41.18154,-91.00639,,0.9,0.3,Transceiver,VR2TX,NOT USED,A69-1601-62707,,,,,STATION,"433B7",POINT (-91.00639 41.18154),|Added this deploy record for RAFT format
"2025-03-12",TRANSMITTER,USGS,UMESCUMR,"439B-VR2TX-480715-A69-1601-62715-2017-05-31T17",2017-05-31 17:05:00.000,2017-06-13 17:00:00.000,UTC,STATION:439B,41.21625,-91.0764,,,,Transceiver,VR2TX,NOT USED,A69-1601-62715,,,,,STATION,"439B",POINT (-91.0764 41.21625),|Added this deploy record for RAFT format
"2025-03-12",TRANSMITTER,USGS,UMESCUMR,"443B1-VR2TX-480681-A69-1601-62681-2017-06-15T17",2017-06-15 17:05:00.000,2017-08-02 17:00:00.000,UTC,STATION:443B1,41.26588,-91.11345,,5.2,4.6,Transceiver,VR2TX,NOT USED,A69-1601-62681,,,,,STATION,"443B1",POINT (-91.11345 41.26588),|Added this deploy record for RAFT format
"2025-03-12",TRANSMITTER,USGS,UMESCUMR,"443B1-VR2TX-480681-A69-1601-62681-2018-06-07T17",2018-06-07 17:05:00.000,2018-06-27 17:00:00.000,UTC,STATION:443B1,41.26559,-91.11345,,,,Transceiver,VR2TX,NOT USED,A69-1601-62681,,,,,STATION,"443B1",POINT (-91.11345 41.26559),|Added this deploy record for RAFT format
"2025-03-12",TRANSMITTER,USGS,UMESCUMR,"440B3-VR2TX-480714-A69-1601-62714-2017-10-05T17",2017-10-05 17:05:00.000,2017-10-25 17:00:00.000,UTC,STATION:440B3,41.22141,-91.08367,,,,Transceiver,VR2TX,NOT USED,A69-1601-62714,,,,,STATION,"440B3",POINT (-91.08367 41.22141),|Added this deploy record for RAFT format
"2025-03-12",TRANSMITTER,USGS,UMESCUMR,"439B-VR2TX-480715-A69-1601-62715-2017-10-25T17",2017-10-25 17:05:00.000,2017-11-14 18:00:00.000,UTC,STATION:439B,41.21628,-91.07643,,,,Transceiver,VR2TX,NOT USED,A69-1601-62715,,,,,STATION,"439B",POINT (-91.07643 41.21628),|Added this deploy record for RAFT format
"2025-03-12",TRANSMITTER,USGS,UMESCUMR,"443B2-VR2TX-480677-A69-1601-62677-2017-08-02T17",2017-08-02 17:05:00.000,2017-08-24 17:00:00.000,UTC,STATION:443B2,41.26786,-91.11336,,,,Transceiver,VR2TX,NOT USED,A69-1601-62677,,,,,STATION,"443B2",POINT (-91.11336 41.26786),"Cable to Tree- coordinates: 41.26781; -91.11375|Added this deploy record for RAFT format, Cable to Tree- coordinates: 41.26781; -91.11375"
"2025-03-12",TRANSMITTER,USGS,UMESCUMR,"443B2-VR2TX-480677-A69-1601-62677-2017-11-14T18",2017-11-14 18:05:00.000,2018-03-14 17:00:00.000,UTC,STATION:443B2,41.26787,-91.11338,,,,Transceiver,VR2TX,NOT USED,A69-1601-62677,,,,,STATION,"443B2",POINT (-91.11338 41.26787),|Added this deploy record for RAFT format
"2025-03-12",TRANSMITTER,USGS,UMESCUMR,"443B2-VR2TX-480677-A69-1601-62677-2018-06-27T17",2018-06-27 17:05:00.000,2018-07-10 17:00:00.000,UTC,STATION:443B2,41.26787,-91.11338,,,,Transceiver,VR2TX,NOT USED,A69-1601-62677,,,,,STATION,"443B2",POINT (-91.11338 41.26787),|Added this deploy record for RAFT format
"2025-03-12",TRANSMITTER,USGS,UMESCUMR,"443B1-VR2TX-480681-A69-1601-62681-2018-10-02T17",2018-10-02 17:05:00.000,2018-11-27 18:00:00.000,UTC,STATION:443B1,41.26555,-91.11349,,,,Transceiver,VR2TX,NOT USED,A69-1601-62681,,,,,STATION,"443B1",POINT (-91.11349 41.26555),|Added this deploy record for RAFT format
"2025-03-12",TRANSMITTER,USGS,UMESCUMR,"443B3-VR2TX-480716-A69-1601-62716-2017-10-04T17",2017-10-04 17:05:00.000,2017-10-25 17:00:00.000,UTC,STATION:443B3,41.27747,-91.11369,,,,Transceiver,VR2TX,NOT USED,A69-1601-62716,,,,,STATION,"443B3",POINT (-91.11369 41.27747),"Cable to Tree- coordinates: 41.27747; -91.11407|Added this deploy record for RAFT format, Cable to Tree- coordinates: 41.27747; -91.11407"
"2025-03-12",TRANSMITTER,USGS,UMESCUMR,"443MCB-VR2TX-480674-A69-1601-62674-2017-06-15T17",2017-06-15 17:05:00.000,2017-06-28 17:00:00.000,UTC,STATION:443MCB,41.2582,-91.11225,,,,Transceiver,VR2TX,NOT USED,A69-1601-62674,,,,,STATION,"443MCB",POINT (-91.11225 41.2582),|Added this deploy record for RAFT format
"2025-03-12",TRANSMITTER,USGS,UMESCUMR,"443MCB-VR2TX-480674-A69-1601-62674-2017-10-25T17",2017-10-25 17:05:00.000,2017-11-14 18:00:00.000,UTC,STATION:443MCB,41.25818,-91.11206,,,,Transceiver,VR2TX,NOT USED,A69-1601-62674,,,,,STATION,"443MCB",POINT (-91.11206 41.25818),|Added this deploy record for RAFT format
"2025-03-12",TRANSMITTER,USGS,UMESCUMR,"443B6-VR2TX-480675-A69-1601-62675-2018-03-14T17",2018-03-14 17:05:00.000,2018-04-12 17:00:00.000,UTC,STATION:443B6,41.28859,-91.10845,,,,Transceiver,VR2TX,NOT USED,A69-1601-62675,,,,,STATION,"443B6",POINT (-91.10845 41.28859),|Added this deploy record for RAFT format
"2025-03-12",TRANSMITTER,USGS,UMESCUMR,"443B5-VR2TX-480690-A69-1601-62690-2017-05-11T17",2017-05-11 17:05:00.000,2017-06-01 17:00:00.000,UTC,STATION:443B5,41.28468,-91.11194,,,,Transceiver,VR2TX,NOT USED,A69-1601-62690,,,,,STATION,"443B5",POINT (-91.11194 41.28468),|Added this deploy record for RAFT format
"2025-03-12",TRANSMITTER,USGS,UMESCUMR,"443B5-VR2TX-480690-A69-1601-62690-2017-11-14T18",2017-11-14 18:05:00.000,2018-03-14 17:00:00.000,UTC,STATION:443B5,41.28457,-91.11178,,,,Transceiver,VR2TX,NOT USED,A69-1601-62690,,,,,STATION,"443B5",POINT (-91.11178 41.28457),|Added this deploy record for RAFT format
"2025-03-12",TRANSMITTER,USGS,UMESCUMR,"443MCB-VR2TX-480674-A69-1601-62674-2018-03-14T17",2018-03-14 17:05:00.000,2018-04-10 17:00:00.000,UTC,STATION:443MCB,41.25818,-91.11206,,,,Transceiver,VR2TX,NOT USED,A69-1601-62674,,,,,STATION,"443MCB",POINT (-91.11206 41.25818),|Added this deploy record for RAFT format
"2025-03-12",TRANSMITTER,USGS,UMESCUMR,"443MCB-VR2TX-480674-A69-1601-62674-2018-08-01T17",2018-08-01 17:05:00.000,2018-11-27 18:00:00.000,UTC,STATION:443MCB,41.25812,-91.11211,,,,Transceiver,VR2TX,NOT USED,A69-1601-62674,,,,,STATION,"443MCB",POINT (-91.11211 41.25812),|Added this deploy record for RAFT format
"2025-03-12",TRANSMITTER,USGS,UMESCUMR,"483L2-VR2TX-480705-A69-1601-62705-2019-09-10T17",2019-09-10 17:05:00.000,2019-12-03 18:00:00.000,UTC,STATION:483L2,41.51893,-90.56335,,,,Transceiver,VR2TX,NOT USED,A69-1601-62705,,,,,STATION,"483L2",POINT (-90.56335 41.51893),"Transmitter disabled|Added this deploy record for RAFT format, Transmitter disabled"
"2025-03-12",TRANSMITTER,USGS,UMESCUMR,"483L2-VR2TX-480705-A69-1601-62705-2021-12-08T15",2021-12-08 15:01:00.000,2022-05-27 14:19:00.000,UTC,STATION:483L2,41.51893,-90.56335,,,,Transceiver,VR2TX,NOT USED,A69-1601-62705,,,,,STATION,"483L2",POINT (-90.56335 41.51893),"Battery 35%, Sync tag ON|Added this deploy record for RAFT format, Battery 35%, Sync tag ON"
"2025-03-12",TRANSMITTER,USGS,UMESCUMR,"483L2-VR2TX-480705-A69-1601-62705-2022-05-27T14",2022-05-27 14:24:00.000,2022-08-10 16:14:00.000,UTC,STATION:483L2,41.51893,-90.56335,,,,Transceiver,VR2TX,NOT USED,A69-1601-62705,,,,,STATION,"483L2",POINT (-90.56335 41.51893),"Battery was 20%, new battery installed; firmware updated to 5.2.2|Added this deploy record for RAFT format, Battery was 20%, new battery installed; firmware updated to 5.2.2"
"2025-03-12",TRANSMITTER,USGS,UMESCUMR,"483L-VR2TX-482138-A69-1601-62138-2022-05-27T14",2022-05-27 14:14:00.000,2022-08-10 16:24:00.000,UTC,STATION:483L,41.51823,-90.56397,,,,Transceiver,VR2TX,NOT USED,A69-1601-62138,,,,,STATION,"483L",POINT (-90.56397 41.51823),"New battery; firmware updated to 5.2.2|Added this deploy record for RAFT format, New battery; firmware updated to 5.2.2"
"2025-03-12",TRANSMITTER,USGS,UMESCUMR,L19 L1-VR2TX-480676-A69-1601-62676-2022-03-25T20,2022-03-25 20:08:00.000,2022-05-25 20:18:00.000,UTC,STATION:L19 L1,40.39581,-91.37501,,,,Transceiver,VR2TX,NOT USED,A69-1601-62676,,,,,STATION,L19 L1,POINT (-91.37501 40.39581),"firmware update 5.1.8 to 5.2.2, 50% battery|Added this deploy record for RAFT format, firmware update 5.1.8 to 5.2.2, 50% battery"
"2025-03-12",TRANSMITTER,USGS,UMESCUMR,L19 L2-VR2TX-480677-A69-1601-62677-2021-04-30T18,2021-04-30 18:50:00.000,2021-05-17 22:27:00.000,UTC,STATION:L19 L2,40.39296,-91.37633,,,,Transceiver,VR2TX,NOT USED,A69-1601-62677,,,,,STATION,L19 L2,POINT (-91.37633 40.39296),"30% battery|Added this deploy record for RAFT format, 30% battery"
"2025-03-12",TRANSMITTER,USGS,UMESCUMR,L19 L2-VR2TX-480677-A69-1601-62677-2021-05-21T13,2021-05-21 13:56:00.000,2021-08-20 16:42:00.000,UTC,STATION:L19 L2,40.39296,-91.37633,,,,Transceiver,VR2TX,NOT USED,A69-1601-62677,,,,,STATION,L19 L2,POINT (-91.37633 40.39296),"Battery replaced, firmware updated to 5.1.8|Added this deploy record for RAFT format, Battery replaced, firmware updated to 5.1.8"
"2025-03-12",TRANSMITTER,USGS,UMESCUMR,L19 L2-VR2TX-480695-A69-1601-62695-2019-07-30T17,2019-07-30 17:05:00.000,2019-09-09 17:00:00.000,UTC,STATION:L19 L2,40.39296,-91.37633,,,,Transceiver,VR2TX,NOT USED,A69-1601-62695,,,,,STATION,L19 L2,POINT (-91.37633 40.39296),|Added this deploy record for RAFT format
"2025-03-12",TRANSMITTER,USGS,UMESCUMR,L19 L3-VR2TX-480699-A69-1601-62699-2019-07-30T17,2019-07-30 17:05:00.000,2019-09-09 17:00:00.000,UTC,STATION:L19 L3,40.39375,-91.37555,,,,Transceiver,VR2TX,NOT USED,A69-1601-62699,,,,,STATION,L19 L3,POINT (-91.37555 40.39375),"Ladder recess seems damaged below surface, receiver was caught/jammed somehow and very difficult to pull out. Tied off to opposite railing to try avoiding whatever it was snagged on.|Added this deploy record for RAFT format, Ladder recess seems damaged below surface, receiver was caught/jammed somehow and very difficult to pull out. Tied off to opposite railing to try avoiding whatever it was snagged on."
"2025-03-12",TRANSMITTER,USGS,UMESCUMR,L19 L3-VR2TX-480699-A69-1601-62699-2020-12-01T17,2020-12-01 17:10:00.000,2021-05-01 20:00:00.000,UTC,STATION:L19 L3,40.39395,-91.37555,,,,Transceiver,VR2TX,NOT USED,A69-1601-62699,,,,,STATION,L19 L3,POINT (-91.37555 40.39395),|Added this deploy record for RAFT format
"2025-03-12",TRANSMITTER,USGS,UMESCUMR,L19 L3-VR2TX-480699-A69-1601-62699-2021-05-21T13,2021-05-21 13:49:00.000,2021-08-20 16:34:00.000,UTC,STATION:L19 L3,40.39395,-91.37555,,,,Transceiver,VR2TX,NOT USED,A69-1601-62699,,,,,STATION,L19 L3,POINT (-91.37555 40.39395),"Battery replaced, firmware updated to 5.1.8|Added this deploy record for RAFT format, Battery replaced, firmware updated to 5.1.8"
"2025-03-12",TRANSMITTER,USGS,UMESCUMR,L19 L3-VR2TX-480699-A69-1601-62699-2023-08-16T15,2023-08-16 15:01:00.000,2023-11-14 16:51:00.000,UTC,STATION:L19 L3,40.39395,-91.37555,,,,Transceiver,VR2TX,NOT USED,A69-1601-62699,,,,,STATION,L19 L3,POINT (-91.37555 40.39395),"New Battery|Added this deploy record for RAFT format, New Battery"
"2025-03-12",TRANSMITTER,USGS,UMESCUMR,L19 ST04-VR2TX-480706-A69-1601-62706-2017-11-09T18,2017-11-09 18:05:00.000,2018-08-02 17:00:00.000,UTC,STATION:L19 ST04,40.39246,-91.37659,,,,Transceiver,VR2TX,NOT USED,A69-1601-62706,,,,,STATION,L19 ST04,POINT (-91.37659 40.39246),|Added this deploy record for RAFT format
"2025-03-12",TRANSMITTER,USGS,UMESCUMR,L19 ST04-VR2TX-480706-A69-1601-62706-2018-08-02T17,2018-08-02 17:05:00.000,2018-11-28 18:00:00.000,UTC,STATION:L19 ST04,40.39246,-91.37659,,,,Transceiver,VR2TX,NOT USED,A69-1601-62706,,,,,STATION,L19 ST04,POINT (-91.37659 40.39246),|Added this deploy record for RAFT format
"2025-03-12",TRANSMITTER,USGS,UMESCUMR,L19 ST03-VR2TX-480713-A69-1601-62713-2019-12-05T18,2019-12-05 18:05:00.000,2020-06-04 17:00:00.000,UTC,STATION:L19 ST03,40.39149,-91.37667,,,2.8,Transceiver,VR2TX,NOT USED,A69-1601-62713,,,,,STATION,L19 ST03,POINT (-91.37667 40.39149),"New battery. Instrument depth from bottom|Added this deploy record for RAFT format, New battery. Instrument depth from bottom"
"2025-03-12",TRANSMITTER,USGS,UMESCUMR,L19 ST01-VR2TX-480715-A69-1601-62715-2019-12-05T18,2019-12-05 18:05:00.000,2020-06-04 17:00:00.000,UTC,STATION:L19 ST01,40.39244,-91.37617,,,,Transceiver,VR2TX,NOT USED,A69-1601-62715,,,,,STATION,L19 ST01,POINT (-91.37617 40.39244),"New battery; Page 217, 1054 Data Parsing Error|Added this deploy record for RAFT format, New battery; Page 217, 1054 Data Parsing Error"
"2025-03-12",TRANSMITTER,USGS,UMESCUMR,L19 ST01-VR2TX-480715-A69-1601-62715-2022-10-11T22,2022-10-11 22:03:00.000,2023-03-21 18:20:00.000,UTC,STATION:L19 ST01,40.39244,-91.37617,,,,Transceiver,VR2TX,NOT USED,A69-1601-62715,,,,,STATION,L19 ST01,POINT (-91.37617 40.39244),"Battery 70%|Added this deploy record for RAFT format, Battery 70%"
"2025-03-12",TRANSMITTER,USGS,UMESCUMR,L19 ST05-VR2TX-480696-A69-1601-62696-2018-08-02T17,2018-08-02 17:05:00.000,2018-11-28 18:00:00.000,UTC,STATION:L19 ST05,40.39207,-91.3769,,,,Transceiver,VR2TX,NOT USED,A69-1601-62696,,,,,STATION,L19 ST05,POINT (-91.3769 40.39207),|Added this deploy record for RAFT format
"2025-03-12",TRANSMITTER,USGS,UMESCUMR,L19 ST05-VR2TX-480696-A69-1601-62696-2019-07-29T17,2019-07-29 17:05:00.000,2019-09-09 17:00:00.000,UTC,STATION:L19 ST05,40.39203,-91.37694,,,2.7,Transceiver,VR2TX,NOT USED,A69-1601-62696,,,,,STATION,L19 ST05,POINT (-91.37694 40.39203),"Instrument depth from bottom. Sync tag mounted here (9001-65336)|Added this deploy record for RAFT format, Instrument depth from bottom. Sync tag mounted here (9001-65336)"
"2025-03-12",TRANSMITTER,USGS,UMESCUMR,L19 ST04-VR2TX-480706-A69-1601-62706-2019-09-09T17,2019-09-09 17:05:00.000,2019-12-05 18:00:00.000,UTC,STATION:L19 ST04,40.39252,-91.37657,,,2.1,Transceiver,VR2TX,NOT USED,A69-1601-62706,,,,,STATION,L19 ST04,POINT (-91.37657 40.39252),"Instrument depth from bottom|Added this deploy record for RAFT format, Instrument depth from bottom"
"2025-03-12",TRANSMITTER,USGS,UMESCUMR,L19 ST04-VR2TX-480706-A69-1601-62706-2021-05-21T14,2021-05-21 14:04:00.000,2021-08-20 17:00:00.000,UTC,STATION:L19 ST04,40.39252,-91.37657,,,,Transceiver,VR2TX,NOT USED,A69-1601-62706,,,,,STATION,L19 ST04,POINT (-91.37657 40.39252),"20% battery remaining, battery replaced, firmware updated to 5.1.8|Added this deploy record for RAFT format, 20% battery remaining, battery replaced, firmware updated to 5.1.8"
"2025-03-12",TRANSMITTER,USGS,UMESCUMR,L19 ST05-VR2TX-480696-A69-1601-62696-2022-05-25T20,2022-05-25 20:56:00.000,2022-10-12 18:10:00.000,UTC,STATION:L19 ST05,40.39203,-91.37694,,,,Transceiver,VR2TX,NOT USED,A69-1601-62696,,,,,STATION,L19 ST05,POINT (-91.37694 40.39203),"New battery|Added this deploy record for RAFT format, New battery"
"2025-03-12",TRANSMITTER,USGS,UMESCUMR,L19 ST05-VR2TX-480696-A69-1601-62696-2023-03-21T18,2023-03-21 18:13:00.000,2023-08-16 15:28:00.000,UTC,STATION:L19 ST05,40.39203,-91.37694,,,,Transceiver,VR2TX,NOT USED,A69-1601-62696,,,,,STATION,L19 ST05,POINT (-91.37694 40.39203),"Battery 40%|Added this deploy record for RAFT format, Battery 40%"
"2025-03-12",TRANSMITTER,USGS,UMESCUMR,L19 ST06-VR2TX-480701-A69-1601-62701-2019-12-05T18,2019-12-05 18:05:00.000,2020-06-04 17:00:00.000,UTC,STATION:L19 ST06,40.39149,-91.37748,,,,Transceiver,VR2TX,NOT USED,A69-1601-62701,,,,,STATION,L19 ST06,POINT (-91.37748 40.39149),"New battery|Added this deploy record for RAFT format, New battery"
"2025-03-12",TRANSMITTER,USGS,UMESCUMR,L19 ST06-VR2TX-480701-A69-1601-62701-2022-03-25T16,2022-03-25 16:45:00.000,2022-08-09 20:21:00.000,UTC,STATION:L19 ST06,40.39149,-91.37748,,,,Transceiver,VR2TX,NOT USED,A69-1601-62701,,,,,STATION,L19 ST06,POINT (-91.37748 40.39149),"Recovered from ladder recess, Battery 30%|Added this deploy record for RAFT format, Recovered from ladder recess, Battery 30%"
"2025-03-12",TRANSMITTER,USGS,UMESCUMR,L19 ST08-VR2TX-480710-A69-1601-62710-2019-06-25T17,2019-06-25 17:05:00.000,2019-07-29 17:00:00.000,UTC,STATION:L19 ST08,40.39252,-91.37599,,,,Transceiver,VR2TX,NOT USED,A69-1601-62710,,,,,STATION,L19 ST08,POINT (-91.37599 40.39252),|Added this deploy record for RAFT format
"2025-03-12",TRANSMITTER,USGS,UMESCUMR,L19 ST08-VR2TX-480710-A69-1601-62710-2019-12-05T18,2019-12-05 18:05:00.000,2020-06-04 17:00:00.000,UTC,STATION:L19 ST08,40.39252,-91.37599,,,,Transceiver,VR2TX,NOT USED,A69-1601-62710,,,,,STATION,L19 ST08,POINT (-91.37599 40.39252),"New battery|Added this deploy record for RAFT format, New battery"
"2025-03-12",TRANSMITTER,USGS,UMESCUMR,L19 UPPER-VR2TX-480675-A69-1601-62675-2019-09-09T17,2019-09-09 17:05:00.000,2019-12-05 18:00:00.000,UTC,STATION:L19 UPPER,40.39613,-91.37424,,,,Transceiver,VR2TX,NOT USED,A69-1601-62675,,,,,STATION,L19 UPPER,POINT (-91.37424 40.39613),|Added this deploy record for RAFT format
"2025-03-12",TRANSMITTER,USGS,UMESCUMR,L19 UPPER-VR2TX-480675-A69-1601-62675-2020-06-04T17,2020-06-04 17:05:00.000,2020-12-01 15:44:00.000,UTC,STATION:L19 UPPER,40.39613,-91.37424,,,,Transceiver,VR2TX,NOT USED,A69-1601-62675,,,,,STATION,L19 UPPER,POINT (-91.37424 40.39613),|Added this deploy record for RAFT format
"2025-03-12",TRANSMITTER,USGS,UMESCUMR,L19 ST08-VR2TX-480710-A69-1601-62710-2022-03-25T19,2022-03-25 19:35:00.000,2022-05-25 22:03:00.000,UTC,STATION:L19 ST08,40.39252,-91.37599,,,,Transceiver,VR2TX,NOT USED,A69-1601-62710,,,,,STATION,L19 ST08,POINT (-91.37599 40.39252),"firmware update 5.1.8 to 5.2.2, 45% battery|Added this deploy record for RAFT format, firmware update 5.1.8 to 5.2.2, 45% battery"
"2025-03-12",TRANSMITTER,USGS,UMESCUMR,L19 ST09-VR2TX-480714-A69-1601-62714-2021-05-20T22,2021-05-20 22:25:00.000,2021-08-20 15:51:00.000,UTC,STATION:L19 ST09,40.39137,-91.37652,,,,Transceiver,VR2TX,NOT USED,A69-1601-62714,,,,,STATION,L19 ST09,POINT (-91.37652 40.39137),"Battery replaced, firmware updated to 5.1.8|Added this deploy record for RAFT format, Battery replaced, firmware updated to 5.1.8"
"2025-03-12",TRANSMITTER,USGS,UMESCUMR,L19 UPPER-VR2TX-480675-A69-1601-62675-2022-05-25T18,2022-05-25 18:48:00.000,2022-10-11 22:49:00.000,UTC,STATION:L19 UPPER,40.39613,-91.37424,,,,Transceiver,VR2TX,NOT USED,A69-1601-62675,,,,,STATION,L19 UPPER,POINT (-91.37424 40.39613),"New battery; Bluetooth lost caused 1st offload fail, so 2 VRL files|Added this deploy record for RAFT format, New battery; Bluetooth lost caused 1st offload fail, so 2 VRL files"
"2025-03-12",TRANSMITTER,USGS,UMESCUMR,L19 UPPER-VR2TX-480675-A69-1601-62675-2023-11-14T16,2023-11-14 16:23:00.000,2024-05-09 17:44:00.000,UTC,STATION:L19 UPPER,40.39613,-91.37424,,9.0,8.0,Transceiver,VR2TX,NOT USED,A69-1601-62675,,,,,STATION,L19 UPPER,POINT (-91.37424 40.39613),|Added this deploy record for RAFT format
"2025-03-12",TRANSMITTER,USGS,UMESCUMR,L19 ST06-VR2TX-480701-A69-1601-62701-2023-11-14T19,2023-11-14 19:25:00.000,2024-05-09 19:51:00.000,UTC,STATION:L19 ST06,40.39149,-91.37748,,,,Transceiver,VR2TX,NOT USED,A69-1601-62701,,,,,STATION,L19 ST06,POINT (-91.37748 40.39149),|Added this deploy record for RAFT format
"2025-03-12",TRANSMITTER,USGS,UMESCUMR,L19 L1-VR2TX-480673-A69-1601-62673-2019-12-05T18,2019-12-05 18:05:00.000,2020-11-30 14:00:00.000,UTC,STATION:L19 L1,40.39439,-91.37567,,,,Transceiver,VR2TX,NOT USED,A69-1601-62673,,,,,STATION,L19 L1,POINT (-91.37567 40.39439),"Receiver was recovered from bottom of ladder well by divers on 2/25/2021 during HTI install. Battery died long before this removal. Battery died on 11/30, changed the removal date to that since it was technically out of the system|Added this deploy record for RAFT format, Receiver was recovered from bottom of ladder well by divers on 2/25/2021 during HTI install. Battery died long before this removal. Battery died on 11/30, changed the removal date to that since it was technically out of the system"
"2025-03-12",TRANSMITTER,USGS,UMESCUMR,"14AUX1-VR2TX-480673-A69-1601-62673-2022-08-10T21",2022-08-10 21:25:00.000,2022-11-22 17:06:00.000,UTC,STATION:14AUX1,41.57416,-90.40539,,,2.5,Transceiver,VR2TX,NOT USED,A69-1601-62673,,,,,STATION,"14AUX1",POINT (-90.40539 41.57416),"Battery 80%,|Added this deploy record for RAFT format, Battery 80%,"
"2025-03-12",TRANSMITTER,USGS,UMESCUMR,"443MCB-VR2TX-480674-A69-1601-62674-2017-10-04T17",2017-10-04 17:05:00.000,2017-10-25 17:00:00.000,UTC,STATION:443MCB,41.25819,-91.11206,,,,Transceiver,VR2TX,NOT USED,A69-1601-62674,,,,,STATION,"443MCB",POINT (-91.11206 41.25819),|Added this deploy record for RAFT format
"2025-03-12",TRANSMITTER,USGS,UMESCUMR,L19 UPPER-VR2TX-480675-A69-1601-62675-2019-07-30T17,2019-07-30 17:05:00.000,2019-09-09 17:00:00.000,UTC,STATION:L19 UPPER,40.39613,-91.37424,,,,Transceiver,VR2TX,NOT USED,A69-1601-62675,,,,,STATION,L19 UPPER,POINT (-91.37424 40.39613),|Added this deploy record for RAFT format
"2025-03-12",TRANSMITTER,USGS,UMESCUMR,"443B2-VR2TX-480677-A69-1601-62677-2017-10-25T17",2017-10-25 17:05:00.000,2017-11-14 18:00:00.000,UTC,STATION:443B2,41.26787,-91.11338,,2.1,1.5,Transceiver,VR2TX,NOT USED,A69-1601-62677,,,,,STATION,"443B2",POINT (-91.11338 41.26787),"Cable to Tree- coordinates: 41.26781; -91.11376|Added this deploy record for RAFT format, Cable to Tree- coordinates: 41.26781; -91.11376"
"2025-03-12",TRANSMITTER,USGS,UMESCUMR,"1405U-VR2TX-480679-A69-1601-62679-2022-11-22T16",2022-11-22 16:45:00.000,2023-07-12 01:05:00.000,UTC,STATION:1405U,41.57471,-90.39944,,1.0,1.0,Transceiver,VR2TX,NOT USED,A69-1601-62679,,,,,STATION,"1405U",POINT (-90.39944 41.57471),"Battery replaced, updated firmware to 6.0.0|Added this deploy record for RAFT format, Battery replaced, updated firmware to 6.0.0"
"2025-03-12",TRANSMITTER,USGS,UMESCUMR,"1501-VR2TX-480680-A69-1601-62680-2019-12-03T18",2019-12-03 18:05:00.000,2020-06-17 17:00:00.000,UTC,STATION:1501,41.51701,-90.56797,,,,Transceiver,VR2TX,NOT USED,A69-1601-62680,,,,,STATION,"1501",POINT (-90.56797 41.51701),"New battery|Added this deploy record for RAFT format, New battery"
"2025-03-12",TRANSMITTER,USGS,UMESCUMR,"1503-VR2TX-480682-A69-1601-62682-2019-09-10T17",2019-09-10 17:05:00.000,2019-12-03 18:00:00.000,UTC,STATION:1503,41.5182,-90.56568,,,,Transceiver,VR2TX,NOT USED,A69-1601-62682,,,,,STATION,"1503",POINT (-90.56568 41.5182),"Offloaded twice, Dan forgot Amanda offloaded it; 1st Amanda on ComputerA, then Dan on CompB, so files will have same name from each computer-resolved by changing one vrl file name|Added this deploy record for RAFT format, Offloaded twice, Dan forgot Amanda offloaded it; 1st Amanda on ComputerA, then Dan on CompB, so files will have same name from each computer-resolved by changing one vrl file name"
"2025-03-12",TRANSMITTER,USGS,UMESCUMR,"1505-VR2TX-480687-A69-1601-62687-2021-12-07T21",2021-12-07 21:24:00.000,2022-05-27 14:35:00.000,UTC,STATION:1505,41.51742,-90.56643,,,,Transceiver,VR2TX,NOT USED,A69-1601-62687,,,,,STATION,"1505",POINT (-90.56643 41.51742),"Would not connect so replaced battery with new; Sync tag # 65089|Added this deploy record for RAFT format, Would not connect so replaced battery with new; Sync tag # 65089"
"2025-03-12",TRANSMITTER,USGS,UMESCUMR,"433B5-VR2TX-480688-A69-1601-62688-2017-08-03T17",2017-08-03 17:05:00.000,2017-08-04 17:00:00.000,UTC,STATION:433B5,41.19105,-91.00674,,,,Transceiver,VR2TX,NOT USED,A69-1601-62688,,,,,STATION,"433B5",POINT (-91.00674 41.19105),"Found on shore 8/18/17, no idea how long it had been there. Estimated removal date as day after last detection. Only 4 ft deep so didn't put back.|Added this deploy record for RAFT format, Found on shore 8/18/17, no idea how long it had been there. Estimated removal date as day after last detection. Only 4 ft deep so didn't put back."
"2025-03-12",TRANSMITTER,USGS,UMESCUMR,"1506-VR2TX-480689-A69-1601-62689-2022-11-22T16",2022-11-22 16:05:00.000,2023-07-11 22:40:00.000,UTC,STATION:1506,41.51733,-90.56635,,,,Transceiver,VR2TX,NOT USED,A69-1601-62689,,,,,STATION,"1506",POINT (-90.56635 41.51733),"Would not turn on even with new battery, replaced, will send in for data retrieval and replair|Added this deploy record for RAFT format, Would not turn on even with new battery, replaced, will send in for data retrieval and replair"
"2025-03-12",TRANSMITTER,USGS,UMESCUMR,"1507-VR2TX-480690-A69-1601-62690-2020-06-17T17",2020-06-17 17:05:00.000,2020-12-03 17:50:00.000,UTC,STATION:1507,41.51783,-90.56539,,,,Transceiver,VR2TX,NOT USED,A69-1601-62690,,,,,STATION,"1507",POINT (-90.56539 41.51783),"Wouldn't connect to computer, light flashing green, but 3 partial vrl's were offloaded.|Added this deploy record for RAFT format, Wouldn't connect to computer, light flashing green, but 3 partial vrl's were offloaded."
"2025-03-12",TRANSMITTER,USGS,UMESCUMR,"1510-VR2TX-480693-A69-1601-62693-2019-12-03T18",2019-12-03 18:05:00.000,2020-06-17 17:00:00.000,UTC,STATION:1510,41.51678,-90.56672,,,,Transceiver,VR2TX,NOT USED,A69-1601-62693,,,,,STATION,"1510",POINT (-90.56672 41.51678),"New battery|Added this deploy record for RAFT format, New battery"
"2025-03-12",TRANSMITTER,USGS,UMESCUMR,L19 L2-VR2TX-480695-A69-1601-62695-2019-12-05T18,2019-12-05 18:05:00.000,2020-10-28 22:00:00.000,UTC,STATION:L19 L2,40.39296,-91.37633,,,,Transceiver,VR2TX,NOT USED,A69-1601-62695,,,,,STATION,L19 L2,POINT (-91.37633 40.39296),"Receiver was recovered from bottom of ladder well on 2/25/2021 by divers during HTI install. Battery died long before this removal. Battery died on 10/28, changed the removal date to that since it was technically out of the system|Added this deploy record for RAFT format, Receiver was recovered from bottom of ladder well on 2/25/2021 by divers during HTI install. Battery died long before this removal. Battery died on 10/28, changed the removal date to that since it was technically out of the system"
"2025-03-12",TRANSMITTER,USGS,UMESCUMR,"1401D-VR2TX-480695-A69-1601-62695-2022-11-22T16",2022-11-22 16:45:00.000,2023-07-12 00:41:00.000,UTC,STATION:1401D,41.5731,-90.40391,,,,Transceiver,VR2TX,NOT USED,A69-1601-62695,,,,,STATION,"1401D",POINT (-90.40391 41.5731),"Battery replaced, updated firmware to 6.0.0|Added this deploy record for RAFT format, Battery replaced, updated firmware to 6.0.0"
"2025-03-12",TRANSMITTER,USGS,UMESCUMR,L19 ST05-VR2TX-480696-A69-1601-62696-2019-06-25T17,2019-06-25 17:05:00.000,2019-07-29 17:00:00.000,UTC,STATION:L19 ST05,40.39203,-91.37694,,,2.7,Transceiver,VR2TX,NOT USED,A69-1601-62696,,,,,STATION,L19 ST05,POINT (-91.37694 40.39203),"Instrument depth from bottom. Sync tag mounted here (9001-65336)|Added this deploy record for RAFT format, Instrument depth from bottom. Sync tag mounted here (9001-65336)"
"2025-03-12",TRANSMITTER,USGS,UMESCUMR,L19 ST05-VR2TX-480696-A69-1601-62696-2021-08-20T17,2021-08-20 17:33:00.000,2021-11-23 19:25:00.000,UTC,STATION:L19 ST05,40.39203,-91.37694,,,,Transceiver,VR2TX,NOT USED,A69-1601-62696,,,,,STATION,L19 ST05,POINT (-91.37694 40.39203),"Sync tag attached here should be reinforced with wire. Plastic zip ties are loosening up|Added this deploy record for RAFT format, Sync tag attached here should be reinforced with wire. Plastic zip ties are loosening up"
"2025-03-12",TRANSMITTER,USGS,UMESCUMR,"437B-VR2TX-480697-A69-1601-62697-2018-06-26T17",2018-06-26 17:05:00.000,2018-07-12 17:00:00.000,UTC,STATION:437B,41.19048,-91.0648,,,,Transceiver,VR2TX,NOT USED,A69-1601-62697,,,,,STATION,"437B",POINT (-91.0648 41.19048),|Added this deploy record for RAFT format
"2025-03-12",TRANSMITTER,USGS,UMESCUMR,"483L-VR2TX-480697-A69-1601-62697-2019-12-03T18",2019-12-03 18:05:00.000,2020-12-17 17:33:00.000,UTC,STATION:483L,41.51823,-90.56397,,,,Transceiver,VR2TX,NOT USED,A69-1601-62697,,,,,STATION,"483L",POINT (-90.56397 41.51823),"Recovered from bottom of ladder well 6/29/21! Battery was dead, so technical ""Removal"" date should be the date of its last detection.|Added this deploy record for RAFT format, Recovered from bottom of ladder well 6/29/21! Battery was dead, so technical ""Removal"" date should be the date of its last detection."
"2025-03-12",TRANSMITTER,USGS,UMESCUMR,"433B1-VR2TX-480701-A69-1601-62701-2017-06-29T17",2017-06-29 17:05:00.000,2017-07-13 17:00:00.000,UTC,STATION:433B1,41.17073,-91.00776,,,,Transceiver,VR2TX,NOT USED,A69-1601-62701,,,,,STATION,"433B1",POINT (-91.00776 41.17073),"Removed because location was too shallow|Added this deploy record for RAFT format, Removed because location was too shallow"
"2025-03-12",TRANSMITTER,USGS,UMESCUMR,L19 ST06-VR2TX-480701-A69-1601-62701-2020-06-04T17,2020-06-04 17:05:00.000,2020-12-01 18:00:00.000,UTC,STATION:L19 ST06,40.39149,-91.37748,,,,Transceiver,VR2TX,NOT USED,A69-1601-62701,,,,,STATION,L19 ST06,POINT (-91.37748 40.39149),"Wouldn't connect to computer, light flashing green|Added this deploy record for RAFT format, Wouldn't connect to computer, light flashing green"
"2025-03-12",TRANSMITTER,USGS,UMESCUMR,L19 L4-VR2TX-480703-A69-1601-62703-2022-03-25T19,2022-03-25 19:58:00.000,2022-05-25 20:25:00.000,UTC,STATION:L19 L4,40.39504,-91.37493,,,,Transceiver,VR2TX,NOT USED,A69-1601-62703,,,,,STATION,L19 L4,POINT (-91.37493 40.39504),"firmware update 5.1.8 to 5.2.2, 55% battery|Added this deploy record for RAFT format, firmware update 5.1.8 to 5.2.2, 55% battery"
"2025-03-12",TRANSMITTER,USGS,UMESCUMR,"433B7-VR2TX-480707-A69-1601-62707-2017-08-23T17",2017-08-23 17:05:00.000,2017-09-14 17:00:00.000,UTC,STATION:433B7,41.18183,-91.0064,,,,Transceiver,VR2TX,NOT USED,A69-1601-62707,,,,,STATION,"433B7",POINT (-91.0064 41.18183),|Added this deploy record for RAFT format
"2025-03-12",TRANSMITTER,USGS,UMESCUMR,"15 S WALL-VR2TX-480698-A69-1601-62698-2024-11-19T18",2024-11-19 18:43:00.000,,UTC,STATION:15 S WALL,41.51888,-90.56269,,,,Transceiver,VR2TX,NOT USED,A69-1601-62698,,,,,STATION,"15 S WALL",POINT (-90.56269 41.51888),Added this deploy record for RAFT format
"2025-03-12",TRANSMITTER,USGS,UMESCUMR,"15 AUX L-VR2TX-480707-A69-1601-62707-2021-06-29T19",2021-06-29 19:30:00.000,2021-12-08 14:42:00.000,UTC,STATION:15 AUX L,41.51865,-90.56484,,,,Transceiver,VR2TX,NOT USED,A69-1601-62707,,,,,STATION,"15 AUX L",POINT (-90.56484 41.51865),"updated firmware to 5.1.8, need to determine when the lock was drained and create a ""Retrieval Removal"" date and then a subsequent deploy date when the lock is filled again|Added this deploy record for RAFT format, updated firmware to 5.1.8, need to determine when the lock was drained and create a ""Retrieval Removal"" date and then a subsequent deploy date when the lock is filled again"
"2025-03-12",TRANSMITTER,USGS,UMESCUMR,LD19 7-VR2TX-480708-A69-1601-62708-2019-09-09T17,2019-09-09 17:05:00.000,2019-12-05 18:00:00.000,UTC,STATION:LD19 7,40.39193,-91.37645,,,,Transceiver,VR2TX,NOT USED,A69-1601-62708,,,,,STATION,LD19 7,POINT (-91.37645 40.39193),"No ladder rungs, PVC mount|Added this deploy record for RAFT format, No ladder rungs, PVC mount"
"2025-03-12",TRANSMITTER,USGS,UMESCUMR,"15 S WALL END-VR2TX-480709-A69-1601-62709-2019-09-10T17",2019-09-10 17:05:00.000,2019-12-03 18:00:00.000,UTC,STATION:15 S WALL END,41.51974,-90.56106,,,,Transceiver,VR2TX,NOT USED,A69-1601-62709,,,,,STATION,"15 S WALL END",POINT (-90.56106 41.51974),"Pulled @ ~12:20pm, ACE doing construction over winter (exploding end of wall)|Added this deploy record for RAFT format, Pulled @ ~12:20pm, ACE doing construction over winter (exploding end of wall)"
"2025-03-12",TRANSMITTER,USGS,UMESCUMR,L19 ST08-VR2TX-480710-A69-1601-62710-2021-11-23T19,2021-11-23 19:40:00.000,2022-03-25 19:30:00.000,UTC,STATION:L19 ST08,40.39252,-91.37599,,,,Transceiver,VR2TX,NOT USED,A69-1601-62710,,,,,STATION,L19 ST08,POINT (-91.37599 40.39252),"60% Battery, Lots of data parsing errors|Added this deploy record for RAFT format, 60% Battery, Lots of data parsing errors"
"2025-03-12",TRANSMITTER,USGS,UMESCUMR,"433B6-VR2TX-480712-A69-1601-62712-2017-05-25T17",2017-05-25 17:05:00.000,2017-06-18 17:00:00.000,UTC,STATION:433B6,41.20396,-91.01256,,4.3,3.7,Transceiver,VR2TX,NOT USED,A69-1601-62712,,,,,STATION,"433B6",POINT (-91.01256 41.20396),"Snagged by fisherman recorded as sometime between 6/15-6/29/17. Last detection was on 6/17/17 and a removal date 6/18/17 was recorded. Then a gap in detections until Jul, however re-deployment was documented as 6/29/17|Added this deploy record for RAFT format, Snagged by fisherman recorded as sometime between 6/15-6/29/17. Last detection was on 6/17/17 and a removal date 6/18/17 was recorded. Then a gap in detections until Jul, however re-deployment was documented as 6/29/17"
"2025-03-12",TRANSMITTER,USGS,UMESCUMR,L19 ST03-VR2TX-480713-A69-1601-62713-2020-12-01T18,2020-12-01 18:21:00.000,2021-01-11 17:28:00.000,UTC,STATION:L19 ST03,40.39149,-91.37667,,,2.8,Transceiver,VR2TX,NOT USED,A69-1601-62713,,,,,STATION,L19 ST03,POINT (-91.37667 40.39149),"Pulled for HTI installation|Added this deploy record for RAFT format, Pulled for HTI installation"
"2025-03-12",TRANSMITTER,USGS,UMESCUMR,"443B3-VR2TX-480716-A69-1601-62716-2017-06-01T17",2017-06-01 17:05:00.000,2017-06-15 17:00:00.000,UTC,STATION:443B3,41.27755,-91.11381,,,,Transceiver,VR2TX,NOT USED,A69-1601-62716,,,,,STATION,"443B3",POINT (-91.11381 41.27755),"Cable to Tree- coordinates: 41.27747; -91.11406|Added this deploy record for RAFT format, Cable to Tree- coordinates: 41.27747; -91.11406"
"2025-03-12",TRANSMITTER,USGS,UMESCUMR,"1511-VR2TX-482137-A69-1601-62137-2021-06-29T19",2021-06-29 19:37:00.000,2021-07-07 17:00:00.000,UTC,STATION:1511,41.51592,-90.5683,,,,Transceiver,VR2TX,NOT USED,A69-1601-62137,,,,,STATION,"1511",POINT (-90.5683 41.51592),"Added remove and deploy dates based on stage height of 5.9 ft when the receiver is out of the water|Added this deploy record for RAFT format, Added remove and deploy dates based on stage height of 5.9 ft when the receiver is out of the water"
"2025-03-12",TRANSMITTER,USGS,UMESCUMR,"411B2-VR2TX-480711-A69-1601-62711-2018-09-12T17",2018-09-12 17:05:00.000,,UTC,STATION:411B2,40.88888,-91.02497,,,,Transceiver,VR2TX,NOT USED,A69-1601-62711,,,,,STATION,"411B2",POINT (-91.02497 40.88888),"Added this deploy record for RAFT format, Water only 4ft deep now, so probably buried under 4-5 ft of sand/sediment"
"2025-03-12",TRANSMITTER,USGS,UMESCUMR,SKUNK23-VR2TX-480700-A69-1601-62700-2017-06-21T17,2017-06-21 17:05:00.000,,UTC,STATION:SKUNK23,40.8277,-91.43771,,,,Transceiver,VR2TX,NOT USED,A69-1601-62700,,,,,STATION,SKUNK23,POINT (-91.43771 40.8277),Added this deploy record for RAFT format
"2025-03-12",TRANSMITTER,USGS,UMESCUMR,"1401D-VR2TX-480695-A69-1601-62695-2024-11-19T23",2024-11-19 23:10:00.000,,UTC,STATION:1401D,41.5731,-90.40391,,,,Transceiver,VR2TX,NOT USED,A69-1601-62695,,,,,STATION,"1401D",POINT (-90.40391 41.5731),Added this deploy record for RAFT format
"2025-03-12",TRANSMITTER,USGS,UMESCUMR,"1402D-VR2TX-480704-A69-1601-62704-2024-11-19T23",2024-11-19 23:37:00.000,,UTC,STATION:1402D,41.57364,-90.4019,,,,Transceiver,VR2TX,NOT USED,A69-1601-62704,,,,,STATION,"1402D",POINT (-90.4019 41.57364),Added this deploy record for RAFT format
"2025-03-12",TRANSMITTER,USGS,UMESCUMR,"1403L-VR2TX-480686-A69-1601-62686-2024-11-19T23",2024-11-19 23:20:00.000,2024-11-25 21:25:00.000,UTC,STATION:1403L,41.57402,-90.40183,,,,Transceiver,VR2TX,NOT USED,A69-1601-62686,,,,,STATION,"1403L",POINT (-90.40183 41.57402),"Not recording in field, pulled and replaced. Was able to offload data after replacing battery, but should be sent to Vemco for repair."
"2025-03-12",TRANSMITTER,USGS,UMESCUMR,"1403L-VR2TX-480686-A69-1601-62686-2024-11-25T21",2024-11-25 21:30:00.000,,UTC,STATION:1403L,41.57402,-90.40183,,,,Transceiver,VR2TX,NOT USED,A69-1601-62686,,,,,STATION,"1403L",POINT (-90.40183 41.57402),Added this deploy record for RAFT format
"2025-03-12",TRANSMITTER,USGS,UMESCUMR,"1403L-VR2TX-491372-A69-1601-62831-2024-11-19T23",2024-11-19 23:30:00.000,,UTC,STATION:1403L,41.57402,-90.40183,,,,Transceiver,VR2TX,NOT USED,A69-1601-62831,,,,,STATION,"1403L",POINT (-90.40183 41.57402),"Replaced malfunctioning receiver 480686, new battery."
"2025-03-12",TRANSMITTER,USGS,UMESCUMR,"1404L-VR2TX-480692-A69-1601-62692-2024-11-19T23",2024-11-19 23:22:00.000,,UTC,STATION:1404L,41.57463,-90.39984,,,,Transceiver,VR2TX,NOT USED,A69-1601-62692,,,,,STATION,"1404L",POINT (-90.39984 41.57463),Added this deploy record for RAFT format
"2025-03-12",TRANSMITTER,USGS,UMESCUMR,"1405U-VR2TX-480679-A69-1601-62679-2024-11-19T23",2024-11-19 23:16:00.000,,UTC,STATION:1405U,41.57471,-90.39944,,,,Transceiver,VR2TX,NOT USED,A69-1601-62679,,,,,STATION,"1405U",POINT (-90.39944 41.57471),Added this deploy record for RAFT format
"2025-03-12",TRANSMITTER,USGS,UMESCUMR,"14AUX1-VR2TX-480673-A69-1601-62673-2024-11-19T23",2024-11-19 23:59:00.000,,UTC,STATION:14AUX1,41.57416,-90.40539,,,,Transceiver,VR2TX,NOT USED,A69-1601-62673,,,,,STATION,"14AUX1",POINT (-90.40539 41.57416),Added this deploy record for RAFT format
"2025-03-12",TRANSMITTER,USGS,UMESCUMR,"14AUX2-VR2TX-480713-A69-1601-62713-2024-11-19T23",2024-11-19 23:56:00.000,,UTC,STATION:14AUX2,41.57469,-90.40462,,,,Transceiver,VR2TX,NOT USED,A69-1601-62713,,,,,STATION,"14AUX2",POINT (-90.40462 41.57469),Added this deploy record for RAFT format
"2025-09-16",TRANSMITTER,USGS,UMESCUMR,"15 AUX L2-VR2TX-491389-A69-1601-62848-2024-11-19T18",2024-11-19 18:59:00.000,2025-08-19 12:27:00.000,UTC,STATION:15 AUX L2,41.51862,-90.56418,,,,Transceiver,VR2TX,NOT USED,A69-1601-62848,,,,,STATION,"15 AUX L2",POINT (-90.56418 41.51862),Added this deploy record for RAFT format
"2025-03-12",TRANSMITTER,USGS,UMESCUMR,"1505-VR2TX-480687-A69-1601-62687-2024-11-19T19",2024-11-19 19:45:00.000,,UTC,STATION:1505,41.51742,-90.56643,,,,Transceiver,VR2TX,NOT USED,A69-1601-62687,,,,,STATION,"1505",POINT (-90.56643 41.51742),Added this deploy record for RAFT format
"2025-03-12",TRANSMITTER,USGS,UMESCUMR,"1510-VR2TX-480693-A69-1601-62693-2024-11-19T18",2024-11-19 18:07:00.000,,UTC,STATION:1510,41.51678,-90.56672,,,,Transceiver,VR2TX,NOT USED,A69-1601-62693,,,,,STATION,"1510",POINT (-90.56672 41.51678),Added this deploy record for RAFT format
"2025-03-12",TRANSMITTER,USGS,UMESCUMR,L19 L1-VR2TX-480676-A69-1601-62676-2024-06-27T14,2024-06-27 14:13:00.000,2024-10-29 16:41:00.000,UTC,STATION:L19 L1,40.39581,-91.37501,,,,Transceiver,VR2TX,NOT USED,A69-1601-62676,,,,,STATION,L19 L1,POINT (-91.37501 40.39581),"Added this deploy record for RAFT format, New battery"
"2025-03-12",TRANSMITTER,USGS,UMESCUMR,L19 L1-VR2TX-480676-A69-1601-62676-2024-10-29T16,2024-10-29 16:46:00.000,,UTC,STATION:L19 L1,40.39581,-91.37501,,,,Transceiver,VR2TX,NOT USED,A69-1601-62676,,,,,STATION,L19 L1,POINT (-91.37501 40.39581),Added this deploy record for RAFT format
"2025-03-12",TRANSMITTER,USGS,UMESCUMR,L19 L2-VR2TX-487149-A69-1601-62040-2024-06-27T14,2024-06-27 14:05:00.000,2024-10-29 17:18:00.000,UTC,STATION:L19 L2,40.39296,-91.37633,,,,Transceiver,VR2TX,NOT USED,A69-1601-62040,,,,,STATION,L19 L2,POINT (-91.37633 40.39296),"Added this deploy record for RAFT format, New battery"
"2025-03-12",TRANSMITTER,USGS,UMESCUMR,L19 L3-VR2TX-480699-A69-1601-62699-2024-06-27T14,2024-06-27 14:45:00.000,2024-10-29 17:07:00.000,UTC,STATION:L19 L3,40.39395,-91.37555,,,,Transceiver,VR2TX,NOT USED,A69-1601-62699,,,,,STATION,L19 L3,POINT (-91.37555 40.39395),"Added this deploy record for RAFT format, New battery"
"2025-03-12",TRANSMITTER,USGS,UMESCUMR,L19 L3-VR2TX-480699-A69-1601-62699-2024-10-29T17,2024-10-29 17:12:00.000,,UTC,STATION:L19 L3,40.39395,-91.37555,,,,Transceiver,VR2TX,NOT USED,A69-1601-62699,,,,,STATION,L19 L3,POINT (-91.37555 40.39395),Added this deploy record for RAFT format
"2025-03-12",TRANSMITTER,USGS,UMESCUMR,L19 L4-VR2TX-480703-A69-1601-62703-2024-06-27T14,2024-06-27 14:37:00.000,2024-10-29 16:57:00.000,UTC,STATION:L19 L4,40.39504,-91.37493,,,,Transceiver,VR2TX,NOT USED,A69-1601-62703,,,,,STATION,L19 L4,POINT (-91.37493 40.39504),"Added this deploy record for RAFT format, New battery"
"2025-03-12",TRANSMITTER,USGS,UMESCUMR,L19 L4-VR2TX-480703-A69-1601-62703-2024-10-29T17,2024-10-29 17:02:00.000,,UTC,STATION:L19 L4,40.39504,-91.37493,,,,Transceiver,VR2TX,NOT USED,A69-1601-62703,,,,,STATION,L19 L4,POINT (-91.37493 40.39504),Added this deploy record for RAFT format
"2025-03-12",TRANSMITTER,USGS,UMESCUMR,L19 ST01-VR2TX-480715-A69-1601-62715-2024-06-27T13,2024-06-27 13:14:00.000,2024-10-29 19:08:00.000,UTC,STATION:L19 ST01,40.39244,-91.37617,,,,Transceiver,VR2TX,NOT USED,A69-1601-62715,,,,,STATION,L19 ST01,POINT (-91.37617 40.39244),"Added this deploy record for RAFT format, New battery"
"2025-03-12",TRANSMITTER,USGS,UMESCUMR,L19 ST01-VR2TX-480715-A69-1601-62715-2024-10-29T19,2024-10-29 19:13:00.000,,UTC,STATION:L19 ST01,40.39244,-91.37617,,,,Transceiver,VR2TX,NOT USED,A69-1601-62715,,,,,STATION,L19 ST01,POINT (-91.37617 40.39244),Added this deploy record for RAFT format
"2025-03-12",TRANSMITTER,USGS,UMESCUMR,L19 ST04-VR2TX-480706-A69-1601-62706-2024-06-27T14,2024-06-27 14:55:00.000,2024-10-29 18:54:00.000,UTC,STATION:L19 ST04,40.39252,-91.37657,,,,Transceiver,VR2TX,NOT USED,A69-1601-62706,,,,,STATION,L19 ST04,POINT (-91.37657 40.39252),"Added this deploy record for RAFT format, New battery"
"2025-03-12",TRANSMITTER,USGS,UMESCUMR,L19 ST04-VR2TX-480706-A69-1601-62706-2024-10-29T18,2024-10-29 18:59:00.000,,UTC,STATION:L19 ST04,40.39252,-91.37657,,,,Transceiver,VR2TX,NOT USED,A69-1601-62706,,,,,STATION,L19 ST04,POINT (-91.37657 40.39252),Added this deploy record for RAFT format
"2025-03-12",TRANSMITTER,USGS,UMESCUMR,L19 ST05-VR2TX-480696-A69-1601-62696-2024-06-27T13,2024-06-27 13:56:00.000,2024-10-29 18:45:00.000,UTC,STATION:L19 ST05,40.39203,-91.37694,,,,Transceiver,VR2TX,NOT USED,A69-1601-62696,,,,,STATION,L19 ST05,POINT (-91.37694 40.39203),"Added this deploy record for RAFT format, New battery"
"2025-03-12",TRANSMITTER,USGS,UMESCUMR,L19 ST05-VR2TX-480696-A69-1601-62696-2024-10-29T18,2024-10-29 18:50:00.000,,UTC,STATION:L19 ST05,40.39203,-91.37694,,,,Transceiver,VR2TX,NOT USED,A69-1601-62696,,,,,STATION,L19 ST05,POINT (-91.37694 40.39203),Added this deploy record for RAFT format
"2025-03-12",TRANSMITTER,USGS,UMESCUMR,L19 ST06-VR2TX-480701-A69-1601-62701-2024-06-27T13,2024-06-27 13:08:00.000,2024-10-29 18:32:00.000,UTC,STATION:L19 ST06,40.39149,-91.37748,,,,Transceiver,VR2TX,NOT USED,A69-1601-62701,,,,,STATION,L19 ST06,POINT (-91.37748 40.39149),"Added this deploy record for RAFT format, New battery"
"2025-03-12",TRANSMITTER,USGS,UMESCUMR,L19 ST06-VR2TX-480701-A69-1601-62701-2024-10-29T18,2024-10-29 18:37:00.000,,UTC,STATION:L19 ST06,40.39149,-91.37748,,,,Transceiver,VR2TX,NOT USED,A69-1601-62701,,,,,STATION,L19 ST06,POINT (-91.37748 40.39149),Added this deploy record for RAFT format
"2025-09-16",TRANSMITTER,USGS,UMESCUMR,"1503-VR2TX-487154-A69-1601-62045-2024-11-19T18",2024-11-19 18:50:00.000,2025-08-19 12:26:00.000,UTC,STATION:1503,41.5182,-90.56568,,,,Transceiver,VR2TX,NOT USED,A69-1601-62045,,,,,STATION,"1503",POINT (-90.56568 41.5182),Added this deploy record for RAFT format
"2025-09-16",TRANSMITTER,USGS,UMESCUMR,"1514-VR2TX-489771-A69-1601-62662-2024-11-19T19",2024-11-19 19:10:00.000,2025-08-19 12:07:00.000,UTC,STATION:1514,41.51891,-90.56448,,,,Transceiver,VR2TX,NOT USED,A69-1601-62662,,,,,STATION,"1514",POINT (-90.56448 41.51891),Added this deploy record for RAFT format
"2025-09-16",TRANSMITTER,USGS,UMESCUMR,"483L-VR2TX-489768-A69-1601-62641-2024-11-19T18",2024-11-19 18:38:00.000,2025-08-19 11:45:00.000,UTC,STATION:483L,41.51823,-90.56397,,,,Transceiver,VR2TX,NOT USED,A69-1601-62641,,,,,STATION,"483L",POINT (-90.56397 41.51823),Added this deploy record for RAFT format|Clock was 50m slow
"2025-09-16",TRANSMITTER,USGS,UMESCUMR,"483L2-VR2TX-489762-A69-1601-62635-2024-11-19T18",2024-11-19 18:52:00.000,2025-08-19 13:10:00.000,UTC,STATION:483L2,41.51893,-90.56335,,,,Transceiver,VR2TX,NOT USED,A69-1601-62635,,,,,STATION,"483L2",POINT (-90.56335 41.51893),Added this deploy record for RAFT format
"2025-03-12",TRANSMITTER,USGS,UMESCUMR,L19 ST08-VR2TX-480697-A69-1601-62697-2024-06-27T13,2024-06-27 13:29:00.000,2024-10-29 17:35:00.000,UTC,STATION:L19 ST08,40.39252,-91.37599,,,,Transceiver,VR2TX,NOT USED,A69-1601-62697,,,,,STATION,L19 ST08,POINT (-91.37599 40.39252),"Added this deploy record for RAFT format, New battery"
"2025-03-12",TRANSMITTER,USGS,UMESCUMR,L19 ST08-VR2TX-480697-A69-1601-62697-2024-10-29T17,2024-10-29 17:40:00.000,,UTC,STATION:L19 ST08,40.39252,-91.37599,,,,Transceiver,VR2TX,NOT USED,A69-1601-62697,,,,,STATION,L19 ST08,POINT (-91.37599 40.39252),Added this deploy record for RAFT format
"2026-06-29",TRANSMITTER,USGS,UMESCUMR,"1506-VR2TX-487155-A69-1601-62046-2024-11-19T19",2024-11-19 19:38:00.000,2025-08-19 12:09:00.000,UTC,STATION:1506,41.51733,-90.56635,,,,Transceiver,VR2TX,NOT USED,A69-1601-62046,,,,,STATION,"1506",POINT (-90.56635 41.51733),Added this deploy record for RAFT format
"2025-03-12",TRANSMITTER,USGS,UMESCUMR,L19 ST09-VR2TX-487150-A69-1601-62041-2024-06-27T13,2024-06-27 13:21:00.000,2024-10-29 18:15:00.000,UTC,STATION:L19 ST09,40.39141,-91.3765,,,,Transceiver,VR2TX,NOT USED,A69-1601-62041,,,,,STATION,L19 ST09,POINT (-91.3765 40.39141),"Added this deploy record for RAFT format, New battery"
"2025-03-12",TRANSMITTER,USGS,UMESCUMR,LD5_05D-VR2TX-491387-A69-1601-62846-2024-09-19T15,2024-09-19 15:23:00.000,2024-12-09 20:30:00.000,UTC,STATION:LD5_05D,44.15916,-91.8102,,,,Transceiver,VR2TX,NOT USED,A69-1601-62846,,,,,STATION,LD5_05D,POINT (-91.8102 44.15916),"Added this deploy record for RAFT format, remove for winter, battery 65%"
"2025-03-12",TRANSMITTER,USGS,UMESCUMR,LD5_12D-VR2TX-491401-A69-1601-62860-2024-09-19T17,2024-09-19 17:19:00.000,2024-12-09 20:30:00.000,UTC,STATION:LD5_12D,44.15941,-91.81,,,,Transceiver,VR2TX,NOT USED,A69-1601-62860,,,,,STATION,LD5_12D,POINT (-91.81 44.15941),"Added this deploy record for RAFT format, remove for winter, battery 65%"
"2025-03-12",TRANSMITTER,USGS,UMESCUMR,LD5_14D-VR2TX-489774-A69-1601-62665-2024-09-19T15,2024-09-19 15:07:00.000,2024-12-09 20:10:00.000,UTC,STATION:LD5_14D,44.16058,-91.8116,,,,Transceiver,VR2TX,NOT USED,A69-1601-62665,,,,,STATION,LD5_14D,POINT (-91.8116 44.16058),"Added this deploy record for RAFT format, battery 85%. Check data and receiver function"
"2025-03-12",TRANSMITTER,USGS,UMESCUMR,LD5_15D_AUX-VR2TX-481290-A69-1601-63290-2024-12-09T20,2024-12-09 20:06:00.000,,UTC,STATION:LD5_15D_AUX,44.16053,-91.81189,,,,Transceiver,VR2TX,NOT USED,A69-1601-63290,,,,,STATION,LD5_15D_AUX,POINT (-91.81189 44.16053),Deployed in Aux lock at doors
"2025-03-12",TRANSMITTER,USGS,UMESCUMR,UPPER_19-VR2TX-491375-A69-1601-62834-2024-06-27T14,2024-06-27 14:31:00.000,2024-10-29 15:50:00.000,UTC,STATION:UPPER_19,40.39613,-91.37424,,,,Transceiver,VR2TX,NOT USED,A69-1601-62834,,,,,STATION,UPPER_19,POINT (-91.37424 40.39613),"Added this deploy record for RAFT format, New battery"
"2025-03-12",TRANSMITTER,USGS,UMESCUMR,"1401D-VR2TX-480695-A69-1601-62695-2024-06-27T18",2024-06-27 18:38:00.000,2024-11-19 23:05:00.000,UTC,STATION:1401D,41.5731,-90.40391,,,,Transceiver,VR2TX,NOT USED,A69-1601-62695,,,,,STATION,"1401D",POINT (-90.40391 41.5731),"Added this deploy record for RAFT format|Added this deploy record for RAFT format, Battery 70%"
"2025-03-12",TRANSMITTER,USGS,UMESCUMR,"1402D-VR2TX-480704-A69-1601-62704-2024-06-27T18",2024-06-27 18:26:00.000,2024-11-19 23:32:00.000,UTC,STATION:1402D,41.57364,-90.4019,,,,Transceiver,VR2TX,NOT USED,A69-1601-62704,,,,,STATION,"1402D",POINT (-90.4019 41.57364),"Added this deploy record for RAFT format|Added this deploy record for RAFT format, Battery 70%"
"2025-03-12",TRANSMITTER,USGS,UMESCUMR,"1501-VR2TX-480680-A69-1601-62680-2024-06-26T19",2024-06-26 19:16:00.000,,UTC,STATION:1501,41.51701,-90.56797,,,,Transceiver,VR2TX,NOT USED,A69-1601-62680,,,,,STATION,"1501",POINT (-90.56797 41.51701),"Added this deploy record for RAFT format|Added this deploy record for RAFT format, Receiver missing from rebar, unlikely to find and recover it. Suspect worn/loose hose clamps"
"2025-03-12",TRANSMITTER,USGS,UMESCUMR,L19 ST01-VR2TX-480715-A69-1601-62715-2024-05-09T19,2024-05-09 19:37:00.000,2024-06-27 13:09:00.000,UTC,STATION:L19 ST01,40.39244,-91.37617,,,,Transceiver,VR2TX,NOT USED,A69-1601-62715,,,,,STATION,L19 ST01,POINT (-91.37617 40.39244),"Added this deploy record for RAFT format|Added this deploy record for RAFT format, battery 55%"
"2025-03-12",TRANSMITTER,USGS,UMESCUMR,L19 ST04-VR2TX-480706-A69-1601-62706-2024-05-09T19,2024-05-09 19:42:00.000,2024-06-27 14:50:00.000,UTC,STATION:L19 ST04,40.39252,-91.37657,,,,Transceiver,VR2TX,NOT USED,A69-1601-62706,,,,,STATION,L19 ST04,POINT (-91.37657 40.39252),"Added this deploy record for RAFT format|Added this deploy record for RAFT format, battery 55%"
"2025-09-16",TRANSMITTER,USGS,UMESCUMR,LD5_08D-VR2TX-491404-A69-1601-62863-2024-09-19T15,2024-09-19 15:12:00.000,2025-06-30 14:50:00.000,UTC,STATION:LD5_08D,44.16011,-91.81135,,,,Transceiver,VR2TX,NOT USED,A69-1601-62863,,,,,STATION,LD5_08D,POINT (-91.81135 44.16011),Added this deploy record for RAFT format
"2025-03-12",TRANSMITTER,USGS,UMESCUMR,LD5_10L-VR2TX-491376-A69-1601-62835-2024-08-21T15,2024-08-21 15:22:00.000,2024-09-19 17:18:00.000,UTC,STATION:LD5_10L,44.1596,-91.8104,,,,Transceiver,VR2TX,NOT USED,A69-1601-62835,,,,,STATION,LD5_10L,POINT (-91.8104 44.1596),"Deployment of same receiver but gave it a new name to easily comprehend locations at lock|Deployment of same receiver but gave it a new name to easily comprehend locations at lock, battery 80%"
"2025-03-12",TRANSMITTER,USGS,UMESCUMR,LD5_05D-VR2TX-491387-A69-1601-62846-2024-08-21T14,2024-08-21 14:58:00.000,2024-09-19 15:18:00.000,UTC,STATION:LD5_05D,44.15916,-91.8102,,,,Transceiver,VR2TX,NOT USED,A69-1601-62846,,,,,STATION,LD5_05D,POINT (-91.8102 44.15916),"Deployment of same receiver but gave it a new name to easily comprehend locations at lock|Deployment of same receiver but gave it a new name to easily comprehend locations at lock, out of water, battery 80%"
"2026-06-10",TRANSMITTER,USGS,UMESCUMR,LD5_07U-VR2TX-491395-A69-1601-62854-2024-09-19T17,2024-09-19 17:31:00.000,2025-06-30 14:08:00.000,UTC,STATION:LD5_07U,44.16061,-91.8125,,,,Transceiver,VR2TX,NOT USED,A69-1601-62854,,,,,STATION,LD5_07U,POINT (-91.8125 44.16061),"Added this deploy record for RAFT format|Red/Green LED error, battery replaced with new 100% battery before offload, Firmware updated to 7.0.1"
"2026-06-10",TRANSMITTER,USGS,UMESCUMR,LD5_10L-VR2TX-491376-A69-1601-62835-2024-09-19T17,2024-09-19 17:23:00.000,2025-06-30 15:08:00.000,UTC,STATION:LD5_10L,44.1596,-91.8104,,,,Transceiver,VR2TX,NOT USED,A69-1601-62835,,,,,STATION,LD5_10L,POINT (-91.8104 44.1596),Added this deploy record for RAFT format|firmware updated to 7.0.1
"2026-06-10",TRANSMITTER,USGS,UMESCUMR,LD5_13U-VR2TX-491403-A69-1601-62862-2024-09-19T17,2024-09-19 17:27:00.000,2025-06-30 14:19:00.000,UTC,STATION:LD5_13U,44.16082,-91.81199,,,,Transceiver,VR2TX,NOT USED,A69-1601-62862,,,,,STATION,LD5_13U,POINT (-91.81199 44.16082),"Added this deploy record for RAFT format|Red/Green LED error, battery replaced with new 100% battery before offload, Firmware updated to 7.0.1"
"2026-06-29",TRANSMITTER,USGS,UMESCUMR,L19 ST09-VR2TX-487150-A69-1601-62041-2024-10-29T18,2024-10-29 18:20:00.000,2025-09-04 12:21:00.000,UTC,STATION:L19 ST09,40.39141,-91.3765,,,,Transceiver,VR2TX,NOT USED,A69-1601-62041,,,,,STATION,L19 ST09,POINT (-91.3765 40.39141),Added this deploy record for RAFT format|Replaced by NexTrak 803121
"2025-03-12",TRANSMITTER,USGS,UMESCUMR,"14AUX1-VR2TX-480673-A69-1601-62673-2024-06-27T19",2024-06-27 19:17:00.000,2024-11-19 23:54:00.000,UTC,STATION:14AUX1,41.57416,-90.40539,,,,Transceiver,VR2TX,NOT USED,A69-1601-62673,,,,,STATION,"14AUX1",POINT (-90.40539 41.57416),"Added this deploy record for RAFT format|Added this deploy record for RAFT format, Battery 70%"
"2025-03-12",TRANSMITTER,USGS,UMESCUMR,"411B1-VR2TX-480683-A69-1601-62683-2017-05-24T17",2017-05-24 17:05:00.000,,UTC,STATION:411B1,40.88958,-91.02395,,,,Transceiver,VR2TX,NOT USED,A69-1601-62683,,,,,STATION,"411B1",POINT (-91.02395 40.88958),"Added this deploy record for RAFT format, Tried grappling one last time; buried and gone forever"
"2025-03-12",TRANSMITTER,USGS,UMESCUMR,"1403L-VR2TX-480686-A69-1601-62686-2024-06-27T18",2024-06-27 18:16:00.000,2024-11-19 23:15:00.000,UTC,STATION:1403L,41.57402,-90.40183,,,,Transceiver,VR2TX,NOT USED,A69-1601-62686,,,,,STATION,"1403L",POINT (-90.40183 41.57402),"Added this deploy record for RAFT format|Added this deploy record for RAFT format, Light not flashing, seems to be dead. Pulled and replaced with new receiver."
"2025-03-12",TRANSMITTER,USGS,UMESCUMR,"15 MID WALL-VR2TX-487153-A69-1601-62044-2024-06-26T19",2024-06-26 19:05:00.000,,UTC,STATION:15 MID WALL,41.51933,-90.56285,,,,Transceiver,VR2TX,NOT USED,A69-1601-62044,,,,,STATION,"15 MID WALL",POINT (-90.56285 41.51933),"Added this deploy record for RAFT format|Added this deploy record for RAFT format, Rebar & cable intact, unlikely to find and recover receiver, suspect worn/loose hose clamps"
"2025-03-12",TRANSMITTER,USGS,UMESCUMR,LD5_11D-VR2TX-489763-A69-1601-62636-2024-08-21T15,2024-08-21 15:10:00.000,2024-09-19 15:14:00.000,UTC,STATION:LD5_11D,44.15951,-91.81001,,,,Transceiver,VR2TX,NOT USED,A69-1601-62636,,,,,STATION,LD5_11D,POINT (-91.81001 44.15951),"Deployment of same receiver but gave it a new name to easily comprehend locations at lock. Changed coordinates to more accurately depict location|Deployment of same receiver but gave it a new name to easily comprehend locations at lock. Changed coordinates to more accurately depict location, out of water, battery 80%"
"2025-03-12",TRANSMITTER,USGS,UMESCUMR,LD5_14D-VR2TX-489774-A69-1601-62665-2024-08-21T15,2024-08-21 15:21:00.000,2024-09-19 15:02:00.000,UTC,STATION:LD5_14D,44.16058,-91.8116,,,,Transceiver,VR2TX,NOT USED,A69-1601-62665,,,,,STATION,LD5_14D,POINT (-91.8116 44.16058),"Deployment of same receiver but gave it a new name to easily comprehend locations at lock. Changed coordinates to more accurately depict location|Deployment of same receiver but gave it a new name to easily comprehend locations at lock. Changed coordinates to more accurately depict location, Battery dead, replaced"
"2025-03-12",TRANSMITTER,USGS,UMESCUMR,LD5_03U-VR2TX-491371-A69-1601-62830-2024-08-21T14,2024-08-21 14:58:00.000,2024-09-19 17:41:00.000,UTC,STATION:LD5_03U,44.16029,-91.8128,,,,Transceiver,VR2TX,NOT USED,A69-1601-62830,,,,,STATION,LD5_03U,POINT (-91.8128 44.16029),"Deployment of same receiver but gave it a new name to easily comprehend locations at lock|Deployment of same receiver but gave it a new name to easily comprehend locations at lock, battery 80%"
"2025-09-16",TRANSMITTER,USGS,UMESCUMR,"1406U-VR2TX-487151-A69-1601-62042-2024-11-19T23",2024-11-19 23:08:00.000,2025-08-19 15:10:00.000,UTC,STATION:1406U,41.5758,-90.39793,,,,Transceiver,VR2TX,NOT USED,A69-1601-62042,,,,,STATION,"1406U",POINT (-90.39793 41.5758),Added this deploy record for RAFT format|New battery
"2025-09-16",TRANSMITTER,USGS,UMESCUMR,"15 MID WALL-VR2TX-491386-A69-1601-62845-2024-11-19T19",2024-11-19 19:16:00.000,2025-08-19 12:48:00.000,UTC,STATION:15 MID WALL,41.51933,-90.56285,,,,Transceiver,VR2TX,NOT USED,A69-1601-62845,,,,,STATION,"15 MID WALL",POINT (-90.56285 41.51933),Replaced lost/missing receiver 487153
"2025-09-16",TRANSMITTER,USGS,UMESCUMR,"1501-VR2TX-491370-A69-1601-62829-2024-11-19T18",2024-11-19 18:25:00.000,2025-08-19 12:40:00.000,UTC,STATION:1501,41.51701,-90.56797,,,1.0,Transceiver,VR2TX,NOT USED,A69-1601-62829,,,,,STATION,"1501",POINT (-90.56797 41.51701),"Deployed to replace lost receiver 480680. Sync tag enabled, Gen2 map code, Firmware 7.0"
"2025-09-16",TRANSMITTER,USGS,UMESCUMR,LD5_04L-VR2TX-491400-A69-1601-62859-2024-08-21T15,2024-08-21 15:32:00.000,2025-06-30 15:44:00.000,UTC,STATION:LD5_04L,44.16016,-91.81243,,,,Transceiver,VR2TX,NOT USED,A69-1601-62859,,,,,STATION,LD5_04L,POINT (-91.81243 44.16016),Deployment of same receiver but gave it a new name to easily comprehend locations at lock. Changed coordinates to more accurately depict location
"2026-06-10",TRANSMITTER,USGS,UMESCUMR,LD5_02U-VR2TX-491378-A69-1601-62837-2024-09-19T17,2024-09-19 17:43:00.000,2025-06-30 15:34:00.000,UTC,STATION:LD5_02U,44.16072,-91.8137,,,,Transceiver,VR2TX,NOT USED,A69-1601-62837,,,,,STATION,LD5_02U,POINT (-91.8137 44.16072),"Added this deploy record for RAFT format|Red/Green LED error, battery replaced with new 100% battery before offload, Firmware updated to 7.0.1"
"2026-06-10",TRANSMITTER,USGS,UMESCUMR,LD5_01U-VR2TX-491373-A69-1601-62832-2024-09-19T17,2024-09-19 17:38:00.000,2025-06-30 15:23:00.000,UTC,STATION:LD5_01U,44.16112,-91.8146,,,,Transceiver,VR2TX,NOT USED,A69-1601-62832,,,,,STATION,LD5_01U,POINT (-91.8146 44.16112),"Added this deploy record for RAFT format|Red/Green LED error, battery replaced with new 100% battery before offload, Firmware updated to 7.0.1"
"2026-06-10",TRANSMITTER,USGS,UMESCUMR,LD5_03U-VR2TX-491371-A69-1601-62830-2024-09-19T17,2024-09-19 17:46:00.000,2025-06-30 15:38:00.000,UTC,STATION:LD5_03U,44.16029,-91.8128,,,,Transceiver,VR2TX,NOT USED,A69-1601-62830,,,,,STATION,LD5_03U,POINT (-91.8128 44.16029),"Added this deploy record for RAFT format|Red/Green LED error, battery replaced with new 100% battery before offload, Firmware updated to 7.0.1"
"2026-06-29",TRANSMITTER,USGS,UMESCUMR,LD5_06D-VR2TX-491394-A69-1601-62853-2024-08-21T14,2024-08-21 14:50:00.000,2025-06-30 16:29:00.000,UTC,STATION:LD5_06D,44.15877,-91.8093,,,,Transceiver,VR2TX,NOT USED,A69-1601-62853,,,,,STATION,LD5_06D,POINT (-91.8093 44.15877),"Deployment of same receiver but gave it a new name to easily comprehend locations at lock|Red/Green LED error, battery replaced with new 100% battery before offload, SoundTrap 604553228 deployed at 13' 2"" below lock wall on lock ladder mount|Red/Green LED error, battery replaced with new 100% battery before offload, SoundTrap 604553228 deployed at 13' 2' below lock wall on lock ladder mount"
"2026-06-29",TRANSMITTER,USGS,UMESCUMR,"1508-VR2TX-487143-A69-1601-62034-2024-11-19T18",2024-11-19 18:32:00.000,2025-08-19 11:32:00.000,UTC,STATION:1508,41.51767,-90.56515,,,,Transceiver,VR2TX,NOT USED,A69-1601-62034,,,,,STATION,"1508",POINT (-90.56515 41.51767),Added this deploy record for RAFT format|Updated firmware from 6 to 7
"2026-06-29",TRANSMITTER,USGS,UMESCUMR,"1511-VR2TX-487152-A69-1601-62043-2024-11-19T17",2024-11-19 17:52:00.000,2025-08-19 11:53:00.000,UTC,STATION:1511,41.51636,-90.56751,,,,Transceiver,VR2TX,NOT USED,A69-1601-62043,,,,,STATION,"1511",POINT (-90.56751 41.51636),Added this deploy record for RAFT format
"2026-06-29",TRANSMITTER,USGS,UMESCUMR,L19 L2-VR2TX-487149-A69-1601-62040-2024-10-29T17,2024-10-29 17:23:00.000,2025-09-04 11:16:00.000,UTC,STATION:L19 L2,40.39296,-91.37633,,,,Transceiver,VR2TX,NOT USED,A69-1601-62040,,,,,STATION,L19 L2,POINT (-91.37633 40.39296),Added this deploy record for RAFT format|Firmware Updated
"2026-06-29",TRANSMITTER,USGS,UMESCUMR,LD5_09D-VR2TX-491381-A69-1601-62840-2024-09-19T15,2024-09-19 15:16:00.000,2024-12-09 20:30:00.000,UTC,STATION:LD5_09D,44.15972,-91.8105,,,,Transceiver,VR2TX,NOT USED,A69-1601-62840,,,,,STATION,LD5_09D,POINT (-91.8105 44.15972),"Added this deploy record for RAFT format, remove for winter, battery 65%"
"2026-06-29",TRANSMITTER,USGS,UMESCUMR,LD5_11D-VR2TX-489763-A69-1601-62636-2024-09-19T15,2024-09-19 15:19:00.000,2024-12-09 20:30:00.000,UTC,STATION:LD5_11D,44.15951,-91.81001,,,,Transceiver,VR2TX,NOT USED,A69-1601-62636,,,,,STATION,LD5_11D,POINT (-91.81001 44.15951),"Added this deploy record for RAFT format, remove for winter, battery 65%|remove for winter, battery 65%"
"2026-06-29",TRANSMITTER,USGS,UMESCUMR,LD5_14-VR2TX-491404-A69-1601-62863-2024-06-12T16,2024-06-12 16:55:00.000,2024-07-29 16:10:00.000,UTC,STATION:LD5_14,44.16008,-91.8114,,,,Transceiver,VR2TX,NOT USED,A69-1601-62863,,,,,STATION,LD5_14,POINT (-91.8114 44.16008),"1601-62863|Firmware updated to 7.0.1"
"2026-06-29",TRANSMITTER,USGS,UMESCUMR,UPPER_19-VR2TX-491375-A69-1601-62834-2024-10-29T15,2024-10-29 15:55:00.000,2025-09-04 08:07:00.000,UTC,STATION:UPPER_19,40.39613,-91.37424,,,,Transceiver,VR2TX,NOT USED,A69-1601-62834,,,,,STATION,UPPER_19,POINT (-91.37424 40.39613),Added this deploy record for RAFT format|Replaced by nextrak 803123
"2025-03-12",TRANSMITTER,USACE,USACECDILR,BR 40-VR2TX-489625-A69-1601-62563-2024-06-04T23,2024-06-04 23:36:19.000,2024-11-18 23:09:16.000,UTC,STATION:BR 40,41.50365,-88.10288,,2.0,1.0,Transceiver,VR2TX,NOT USED,A69-1601-62563,,,,,STATION,BR 40,POINT (-88.10288 41.50365),Added this deploy record for RAFT format
"2025-03-12",TRANSMITTER,USACE,USACECDILR,DI 100-VR2TX-489620-A69-1601-62552-2023-05-31T23,2023-05-31 23:39:30.000,2023-09-18 22:28:10.000,UTC,STATION:DI 100,41.39818,-88.27533,,2.0,1.0,Transceiver,VR2TX,NOT USED,A69-1601-62552,,,,,STATION,DI 100,POINT (-88.27533 41.39818),"Water inside reciver, replaced by 489620"
"2025-03-12",TRANSMITTER,USACE,USACECDILR,DI 100-VR2TX-489620-A69-1601-62552-2023-09-18T22,2023-09-18 22:33:10.000,2023-09-29 19:36:01.000,UTC,STATION:DI 100,41.39818,-88.27533,,2.0,1.0,Transceiver,VR2TX,NOT USED,A69-1601-62552,,,,,STATION,DI 100,POINT (-88.27533 41.39818),Added this deploy record for RAFT format
"2025-03-12",TRANSMITTER,USACE,USACECDILR,DI 100-VR2TX-489620-A69-1601-62552-2023-09-29T19,2023-09-29 19:41:01.000,2023-10-06 18:23:41.000,UTC,STATION:DI 100,41.39818,-88.27533,,2.0,1.0,Transceiver,VR2TX,NOT USED,A69-1601-62552,,,,,STATION,DI 100,POINT (-88.27533 41.39818),Added this deploy record for RAFT format
"2025-03-12",TRANSMITTER,USACE,USACECDILR,DI 100-VR2TX-489620-A69-1601-62552-2023-10-06T18,2023-10-06 18:28:41.000,2023-11-14 22:15:52.000,UTC,STATION:DI 100,41.39818,-88.27533,,2.0,1.0,Transceiver,VR2TX,NOT USED,A69-1601-62552,,,,,STATION,DI 100,POINT (-88.27533 41.39818),Added this deploy record for RAFT format
"2025-03-12",TRANSMITTER,USACE,USACECDILR,DI 100-VR2TX-489620-A69-1601-62552-2023-11-14T22,2023-11-14 22:20:52.000,2024-03-13 19:13:20.000,UTC,STATION:DI 100,41.39818,-88.27533,,2.0,1.0,Transceiver,VR2TX,NOT USED,A69-1601-62552,,,,,STATION,DI 100,POINT (-88.27533 41.39818),Added this deploy record for RAFT format
"2025-03-12",TRANSMITTER,USACE,USACECDILR,DI 100-VR2TX-489620-A69-1601-62552-2024-03-13T19,2024-03-13 19:18:20.000,2024-05-29 22:22:37.000,UTC,STATION:DI 100,41.39818,-88.27533,,2.0,1.0,Transceiver,VR2TX,NOT USED,A69-1601-62552,,,,,STATION,DI 100,POINT (-88.27533 41.39818),Added this deploy record for RAFT format
"2025-03-12",TRANSMITTER,USACE,USACECDILR,DI 100-VR2TX-489620-A69-1601-62552-2024-05-29T22,2024-05-29 22:27:37.000,2024-09-27 14:06:39.000,UTC,STATION:DI 100,41.39818,-88.27533,,2.0,1.0,Transceiver,VR2TX,NOT USED,A69-1601-62552,,,,,STATION,DI 100,POINT (-88.27533 41.39818),"Added this deploy record for RAFT format, Range Testing"
"2025-03-12",TRANSMITTER,USACE,USACECDILR,DI 100-VR2TX-489620-A69-1601-62552-2024-09-27T14,2024-09-27 14:06:39.000,2024-11-20 16:36:30.000,UTC,STATION:DI 100,41.39818,-88.27533,,2.0,1.0,Transceiver,VR2TX,NOT USED,A69-1601-62552,,,,,STATION,DI 100,POINT (-88.27533 41.39818),"Added this deploy record for RAFT format, Range Testing"
"2025-03-12",TRANSMITTER,USACE,USACECDILR,DI 110-VR2TX-489636-A69-1601-62599-2024-04-02T21,2024-04-02 21:46:07.000,2024-05-30 00:01:58.000,UTC,STATION:DI 110,41.39773,-88.28302,,2.0,1.0,Transceiver,VR2TX,NOT USED,A69-1601-62599,,,,,STATION,DI 110,POINT (-88.28302 41.39773),New Station
"2025-03-12",TRANSMITTER,USACE,USACECDILR,DI 110-VR2TX-489636-A69-1601-62599-2024-05-30T00,2024-05-30 00:06:58.000,2024-12-05 16:48:43.000,UTC,STATION:DI 110,41.39773,-88.28302,,2.0,1.0,Transceiver,VR2TX,NOT USED,A69-1601-62599,,,,,STATION,DI 110,POINT (-88.28302 41.39773),Added this deploy record for RAFT format
"2025-03-12",TRANSMITTER,USACE,USACECDILR,DI 68-VR2TX-489626-A69-1601-62584-2024-03-13T20,2024-03-13 20:07:35.000,2024-05-29 21:17:54.000,UTC,STATION:DI 68,41.41899,-88.19948,,2.0,1.0,Transceiver,VR2TX,NOT USED,A69-1601-62584,,,,,STATION,DI 68,POINT (-88.19948 41.41899),New Station
"2025-03-12",TRANSMITTER,USACE,USACECDILR,DI 68-VR2TX-489626-A69-1601-62584-2024-05-29T21,2024-05-29 21:22:54.000,2024-11-27 02:05:51.000,UTC,STATION:DI 68,41.41899,-88.19948,,2.0,1.0,Transceiver,VR2TX,NOT USED,A69-1601-62584,,,,,STATION,DI 68,POINT (-88.19948 41.41899),Added this deploy record for RAFT format
"2025-03-12",TRANSMITTER,USACE,USACECDILR,DI 94-VR2TX-489628-A69-1601-62591-2024-03-18T23,2024-03-18 23:22:29.000,2024-05-29 21:58:07.000,UTC,STATION:DI 94,41.38134,-88.24798,,2.0,1.0,Transceiver,VR2TX,NOT USED,A69-1601-62591,,,,,STATION,DI 94,POINT (-88.24798 41.38134),New Reciever station
"2025-03-12",TRANSMITTER,USACE,USACECDILR,DI 94-VR2TX-489628-A69-1601-62591-2024-05-29T22,2024-05-29 22:03:07.000,2024-11-26 22:06:56.000,UTC,STATION:DI 94,41.38134,-88.24798,,2.0,1.0,Transceiver,VR2TX,NOT USED,A69-1601-62591,,,,,STATION,DI 94,POINT (-88.24798 41.38134),Added this deploy record for RAFT format
"2025-03-12",TRANSMITTER,USACE,USACECDILR,DI 95-VR2TX-489631-A69-1601-62594-2023-05-31T23,2023-05-31 23:29:53.000,2023-09-18 22:19:55.000,UTC,STATION:DI 95,41.38563,-88.2484,,2.0,1.0,Transceiver,VR2TX,NOT USED,A69-1601-62594,,,,,STATION,DI 95,POINT (-88.2484 41.38563),TOP
"2025-03-12",TRANSMITTER,USACE,USACECDILR,DI 95-VR2TX-489631-A69-1601-62594-2023-09-18T22,2023-09-18 22:24:55.000,2023-10-03 17:45:11.000,UTC,STATION:DI 95,41.38563,-88.2484,,2.0,1.0,Transceiver,VR2TX,NOT USED,A69-1601-62594,,,,,STATION,DI 95,POINT (-88.2484 41.38563),Added this deploy record for RAFT format
"2025-03-12",TRANSMITTER,USACE,USACECDILR,DI 95-VR2TX-489631-A69-1601-62594-2023-10-03T17,2023-10-03 17:50:11.000,2023-11-14 22:06:52.000,UTC,STATION:DI 95,41.38563,-88.2484,,2.0,1.0,Transceiver,VR2TX,NOT USED,A69-1601-62594,,,,,STATION,DI 95,POINT (-88.2484 41.38563),Added this deploy record for RAFT format
"2025-03-12",TRANSMITTER,USACE,USACECDILR,DI 95-VR2TX-489631-A69-1601-62594-2023-11-14T22,2023-11-14 22:11:52.000,2024-03-13 19:25:52.000,UTC,STATION:DI 95,41.38563,-88.2484,,2.0,1.0,Transceiver,VR2TX,NOT USED,A69-1601-62594,,,,,STATION,DI 95,POINT (-88.2484 41.38563),Added this deploy record for RAFT format
"2025-03-12",TRANSMITTER,USACE,USACECDILR,DI 95-VR2TX-489631-A69-1601-62594-2024-03-13T19,2024-03-13 19:30:52.000,2024-05-29 22:11:18.000,UTC,STATION:DI 95,41.38563,-88.2484,,2.0,1.0,Transceiver,VR2TX,NOT USED,A69-1601-62594,,,,,STATION,DI 95,POINT (-88.2484 41.38563),Added this deploy record for RAFT format
"2025-03-12",TRANSMITTER,USACE,USACECDILR,DI 95-VR2TX-489631-A69-1601-62594-2024-05-29T22,2024-05-29 22:16:18.000,2024-11-26 21:56:08.000,UTC,STATION:DI 95,41.38563,-88.2484,,2.0,1.0,Transceiver,VR2TX,NOT USED,A69-1601-62594,,,,,STATION,DI 95,POINT (-88.2484 41.38563),Added this deploy record for RAFT format
"2025-03-12",TRANSMITTER,USACE,USACECDILR,DI 96-VR2TX-489638-A69-1601-62601-2024-07-17T18,2024-07-17 18:39:44.000,2024-09-18 13:33:21.000,UTC,STATION:DI 96,41.39719,-88.26841,,2.0,1.0,Transceiver,VR2TX,NOT USED,A69-1601-62601,,,,,STATION,DI 96,POINT (-88.26841 41.39719),Added this deploy record for RAFT format
"2025-03-12",TRANSMITTER,USACE,USACECDILR,DI 96-VR2TX-489638-A69-1601-62601-2024-09-18T13,2024-09-18 13:33:21.000,2024-09-27 14:31:20.000,UTC,STATION:DI 96,41.39719,-88.26841,,2.0,1.0,Transceiver,VR2TX,NOT USED,A69-1601-62601,,,,,STATION,DI 96,POINT (-88.26841 41.39719),Added this deploy record for RAFT format
"2025-03-12",TRANSMITTER,USACE,USACECDILR,DI 96-VR2TX-489638-A69-1601-62601-2024-09-27T14,2024-09-27 14:31:20.000,2024-11-20 10:31:30.000,UTC,STATION:DI 96,41.39719,-88.26841,,2.0,1.0,Transceiver,VR2TX,NOT USED,A69-1601-62601,,,,,STATION,DI 96,POINT (-88.26841 41.39719),Added this deploy record for RAFT format
"2025-03-12",TRANSMITTER,USACE,USACECDILR,DI 97-VR2TX-489632-A69-1601-62595-2023-03-22T23,2023-03-22 23:50:35.000,2023-06-08 23:30:51.000,UTC,STATION:DI 97,41.39486,-88.26934,,2.0,1.0,Transceiver,VR2TX,NOT USED,A69-1601-62595,,,,,STATION,DI 97,POINT (-88.26934 41.39486),""
"2025-12-01",TRANSMITTER,USACE,USACECDILR,DI 110-VR2TX-489636-A69-1601-62599-2024-12-05T16,2024-12-05 16:48:43.000,2025-03-03 20:25:50.000,UTC,STATION:DI 110,41.39773,-88.28302,,2.0,1.0,Transceiver,VR2TX,NOT USED,A69-1601-62599,,,,,STATION,DI 110,POINT (-88.28302 41.39773),
"2025-12-01",TRANSMITTER,USACE,USACECDILR,DI 68-VR2TX-489626-A69-1601-62584-2024-11-27T02,2024-11-27 02:10:51.000,2025-04-03 15:15:23.000,UTC,STATION:DI 68,41.41899,-88.19948,,2.0,1.0,Transceiver,VR2TX,NOT USED,A69-1601-62584,,,,,STATION,DI 68,POINT (-88.19948 41.41899),
"2025-12-01",TRANSMITTER,USACE,USACECDILR,DI 94-VR2TX-489628-A69-1601-62591-2024-11-26T22,2024-11-26 22:11:56.000,2025-03-03 15:55:00.000,UTC,STATION:DI 94,41.38134,-88.24798,,2.0,1.0,Transceiver,VR2TX,NOT USED,A69-1601-62591,,,,,STATION,DI 94,POINT (-88.24798 41.38134),
"2025-12-01",TRANSMITTER,USACE,USACECDILR,DI 95-VR2TX-489631-A69-1601-62594-2024-11-26T22,2024-11-26 22:01:08.000,2025-04-03 14:57:59.000,UTC,STATION:DI 95,41.38563,-88.2484,,2.0,1.0,Transceiver,VR2TX,NOT USED,A69-1601-62594,,,,,STATION,DI 95,POINT (-88.2484 41.38563),
"2025-12-01",TRANSMITTER,USACE,USACECDILR,DI 96-VR2TX-489638-A69-1601-62601-2024-11-20T10,2024-11-20 10:31:30.000,2025-03-03 19:35:56.000,UTC,STATION:DI 96,41.39719,-88.26841,,2.0,1.0,Transceiver,VR2TX,NOT USED,A69-1601-62601,,,,,STATION,DI 96,POINT (-88.26841 41.39719),
"2025-03-12",TRANSMITTER,USACE,USACECDILR,DI 97-VR2TX-489632-A69-1601-62595-2023-06-08T23,2023-06-08 23:35:51.000,2023-09-19 00:01:47.000,UTC,STATION:DI 97,41.39486,-88.26934,,2.0,1.0,Transceiver,VR2TX,NOT USED,A69-1601-62595,,,,,STATION,DI 97,POINT (-88.26934 41.39486),Added this deploy record for RAFT format
"2025-03-12",TRANSMITTER,USACE,USACECDILR,DI 97-VR2TX-489632-A69-1601-62595-2023-09-19T00,2023-09-19 00:06:47.000,2023-09-29 18:21:31.000,UTC,STATION:DI 97,41.39486,-88.26934,,2.0,1.0,Transceiver,VR2TX,NOT USED,A69-1601-62595,,,,,STATION,DI 97,POINT (-88.26934 41.39486),Added this deploy record for RAFT format
"2025-03-12",TRANSMITTER,USACE,USACECDILR,DI 97-VR2TX-489632-A69-1601-62595-2023-09-29T18,2023-09-29 18:26:31.000,2023-11-15 00:23:25.000,UTC,STATION:DI 97,41.39486,-88.26934,,2.0,1.0,Transceiver,VR2TX,NOT USED,A69-1601-62595,,,,,STATION,DI 97,POINT (-88.26934 41.39486),Added this deploy record for RAFT format
"2025-03-12",TRANSMITTER,USACE,USACECDILR,DI 97-VR2TX-489632-A69-1601-62595-2023-11-15T00,2023-11-15 00:28:25.000,2024-03-18 22:03:17.000,UTC,STATION:DI 97,41.39486,-88.26934,,2.0,1.0,Transceiver,VR2TX,NOT USED,A69-1601-62595,,,,,STATION,DI 97,POINT (-88.26934 41.39486),Added this deploy record for RAFT format
"2025-03-12",TRANSMITTER,USACE,USACECDILR,DI 97-VR2TX-489632-A69-1601-62595-2024-03-18T22,2024-03-18 22:08:17.000,2024-04-22 20:25:59.000,UTC,STATION:DI 97,41.39486,-88.26934,,2.0,1.0,Transceiver,VR2TX,NOT USED,A69-1601-62595,,,,,STATION,DI 97,POINT (-88.26934 41.39486),Added this deploy record for RAFT format
"2025-03-12",TRANSMITTER,USACE,USACECDILR,DI 97-VR2TX-489632-A69-1601-62595-2024-04-22T20,2024-04-22 20:30:59.000,2024-07-17 22:09:09.000,UTC,STATION:DI 97,41.39486,-88.26934,,2.0,1.0,Transceiver,VR2TX,NOT USED,A69-1601-62595,,,,,STATION,DI 97,POINT (-88.26934 41.39486),Added this deploy record for RAFT format
"2025-03-12",TRANSMITTER,USACE,USACECDILR,DI 97-VR2TX-489632-A69-1601-62595-2024-07-17T22,2024-07-17 22:14:09.000,2024-09-18 07:57:00.000,UTC,STATION:DI 97,41.39486,-88.26934,,2.0,1.0,Transceiver,VR2TX,NOT USED,A69-1601-62595,,,,,STATION,DI 97,POINT (-88.26934 41.39486),"Added this deploy record for RAFT format, Range Testing"
"2025-03-12",TRANSMITTER,USACE,USACECDILR,DI 97-VR2TX-489632-A69-1601-62595-2024-09-18T07,2024-09-18 07:57:00.000,2024-11-20 14:39:47.000,UTC,STATION:DI 97,41.39486,-88.26934,,2.0,1.0,Transceiver,VR2TX,NOT USED,A69-1601-62595,,,,,STATION,DI 97,POINT (-88.26934 41.39486),"Added this deploy record for RAFT format, Range Testing"
"2025-03-12",TRANSMITTER,USACE,USACECDILR,DI 98-VR2TX-489635-A69-1601-62598-2024-07-17T17,2024-07-17 17:16:19.000,2024-09-18 13:15:00.000,UTC,STATION:DI 98,41.39343,-88.26986,,2.0,1.0,Transceiver,VR2TX,NOT USED,A69-1601-62598,,,,,STATION,DI 98,POINT (-88.26986 41.39343),Added this deploy record for RAFT format
"2025-03-12",TRANSMITTER,USACE,USACECDILR,DI 98-VR2TX-489635-A69-1601-62598-2024-09-18T13,2024-09-18 13:15:00.000,2024-09-27 08:25:00.000,UTC,STATION:DI 98,41.39343,-88.26986,,2.0,1.0,Transceiver,VR2TX,NOT USED,A69-1601-62598,,,,,STATION,DI 98,POINT (-88.26986 41.39343),Added this deploy record for RAFT format
"2025-03-12",TRANSMITTER,USACE,USACECDILR,DI 98-VR2TX-489635-A69-1601-62598-2024-09-27T08,2024-09-27 08:25:00.000,2024-11-20 14:45:33.000,UTC,STATION:DI 98,41.39343,-88.26986,,2.0,1.0,Transceiver,VR2TX,NOT USED,A69-1601-62598,,,,,STATION,DI 98,POINT (-88.26986 41.39343),Added this deploy record for RAFT format
"2025-03-12",TRANSMITTER,USACE,USACECDILR,DI 99-VR2TX-489644-A69-1601-62607-2024-09-27T14,2024-09-27 14:17:41.000,2024-11-20 16:24:28.000,UTC,STATION:DI 99,41.40043,-88.26637,,2.0,1.0,Transceiver,VR2TX,NOT USED,A69-1601-62607,,,,,STATION,DI 99,POINT (-88.26637 41.40043),Added this deploy record for RAFT format
"2025-03-12",TRANSMITTER,USACE,USACECDILR,DI 99-VR2TX-489644-A69-1601-62607-2024-11-20T16,2024-11-20 16:24:28.000,2024-12-17 08:42:34.000,UTC,STATION:DI 99,41.40043,-88.26637,,2.0,1.0,Transceiver,VR2TX,NOT USED,A69-1601-62607,,,,,STATION,DI 99,POINT (-88.26637 41.40043),Added this deploy record for RAFT format
"2025-03-12",TRANSMITTER,USACE,USACECDILR,DN 05-VR2TX-489634-A69-1601-62597-2024-03-18T22,2024-03-18 22:05:13.000,2024-04-22 20:08:05.000,UTC,STATION:DN 05,41.39489,-88.26767,,2.0,1.0,Transceiver,VR2TX,NOT USED,A69-1601-62597,,,,,STATION,DN 05,POINT (-88.26767 41.39489),New Station
"2025-03-12",TRANSMITTER,USACE,USACECDILR,DN 05-VR2TX-489634-A69-1601-62597-2024-04-22T20,2024-04-22 20:08:05.000,2024-07-17 21:53:00.000,UTC,STATION:DN 05,41.39489,-88.26767,,2.0,1.0,Transceiver,VR2TX,NOT USED,A69-1601-62597,,,,,STATION,DN 05,POINT (-88.26767 41.39489),Added this deploy record for RAFT format
"2025-03-12",TRANSMITTER,USACE,USACECDILR,DN 05-VR2TX-489634-A69-1601-62597-2024-07-17T21,2024-07-17 21:58:00.000,2024-11-20 15:03:26.000,UTC,STATION:DN 05,41.39489,-88.26767,,2.0,1.0,Transceiver,VR2TX,NOT USED,A69-1601-62597,,,,,STATION,DN 05,POINT (-88.26767 41.39489),"Added this deploy record for RAFT format, Range Testing"
"2025-03-12",TRANSMITTER,USACE,USACECDILR,DN 10-VR2TX-489621-A69-1601-62559-2024-03-18T21,2024-03-18 21:36:53.000,2024-07-17 23:24:08.000,UTC,STATION:DN 10,41.39289,-88.26827,,2.0,1.0,Transceiver,VR2TX,NOT USED,A69-1601-62559,,,,,STATION,DN 10,POINT (-88.26827 41.39289),New Station
"2025-03-12",TRANSMITTER,USACE,USACECDILR,DN 10-VR2TX-489621-A69-1601-62559-2024-07-17T23,2024-07-17 23:29:08.000,2024-11-20 14:56:09.000,UTC,STATION:DN 10,41.39289,-88.26827,,2.0,1.0,Transceiver,VR2TX,NOT USED,A69-1601-62559,,,,,STATION,DN 10,POINT (-88.26827 41.39289),Added this deploy record for RAFT format
"2025-03-12",TRANSMITTER,USACE,USACECDILR,DN 20-VR2TX-489624-A69-1601-62562-2024-03-18T18,2024-03-18 18:51:40.000,2024-04-22 20:13:02.000,UTC,STATION:DN 20,41.38554,-88.27247,,2.0,1.0,Transceiver,VR2TX,NOT USED,A69-1601-62562,,,,,STATION,DN 20,POINT (-88.27247 41.38554),New Station
"2025-03-12",TRANSMITTER,USACE,USACECDILR,DN 20-VR2TX-489624-A69-1601-62562-2024-04-22T20,2024-04-22 20:18:02.000,2024-07-17 21:59:30.000,UTC,STATION:DN 20,41.38554,-88.27247,,2.0,1.0,Transceiver,VR2TX,NOT USED,A69-1601-62562,,,,,STATION,DN 20,POINT (-88.27247 41.38554),Added this deploy record for RAFT format
"2025-03-12",TRANSMITTER,USACE,USACECDILR,DN 20-VR2TX-489624-A69-1601-62562-2024-07-17T22,2024-07-17 22:04:30.000,2024-12-05 10:04:51.000,UTC,STATION:DN 20,41.38554,-88.27247,,2.0,1.0,Transceiver,VR2TX,NOT USED,A69-1601-62562,,,,,STATION,DN 20,POINT (-88.27247 41.38554),Added this deploy record for RAFT format
"2025-12-01",TRANSMITTER,USACE,USACECDILR,DI 98-VR2TX-489635-A69-1601-62598-2024-11-20T14,2024-11-20 14:45:33.000,2025-03-03 19:26:33.000,UTC,STATION:DI 98,41.39343,-88.26986,,2.0,1.0,Transceiver,VR2TX,NOT USED,A69-1601-62598,,,,,STATION,DI 98,POINT (-88.26986 41.39343),
"2025-12-01",TRANSMITTER,USACE,USACECDILR,DI 99-VR2TX-489644-A69-1601-62607-2024-12-17T08,2024-12-17 08:42:34.000,2025-03-03 15:52:01.000,UTC,STATION:DI 99,41.40043,-88.26637,,2.0,1.0,Transceiver,VR2TX,NOT USED,A69-1601-62607,,,,,STATION,DI 99,POINT (-88.26637 41.40043),"critical fault in receiver, would not launch. Replaced with 489640"
"2025-12-01",TRANSMITTER,USACE,USACECDILR,DN 05-VR2TX-489634-A69-1601-62597-2024-11-20T15,2024-11-20 15:08:26.000,2025-03-03 19:15:32.000,UTC,STATION:DN 05,41.39489,-88.26767,,2.0,1.0,Transceiver,VR2TX,NOT USED,A69-1601-62597,,,,,STATION,DN 05,POINT (-88.26767 41.39489),
"2025-12-01",TRANSMITTER,USACE,USACECDILR,DN 10-VR2TX-489621-A69-1601-62559-2024-11-20T14,2024-11-20 14:56:09.000,2025-03-03 18:54:37.000,UTC,STATION:DN 10,41.39289,-88.26827,,2.0,1.0,Transceiver,VR2TX,NOT USED,A69-1601-62559,,,,,STATION,DN 10,POINT (-88.26827 41.39289),"receiver damaged, removed"
"2025-03-12",TRANSMITTER,USACE,USACECDILR,DN 30-VR2TX-489633-A69-1601-62596-2024-03-18T18,2024-03-18 18:22:20.000,2024-07-17 23:17:39.000,UTC,STATION:DN 30,41.37648,-88.26997,,2.0,1.0,Transceiver,VR2TX,NOT USED,A69-1601-62596,,,,,STATION,DN 30,POINT (-88.26997 41.37648),New Station
"2025-03-12",TRANSMITTER,USACE,USACECDILR,DN 30-VR2TX-489633-A69-1601-62596-2024-07-17T23,2024-07-17 23:17:39.000,2024-12-05 15:47:50.000,UTC,STATION:DN 30,41.37648,-88.26997,,2.0,1.0,Transceiver,VR2TX,NOT USED,A69-1601-62596,,,,,STATION,DN 30,POINT (-88.26997 41.37648),Added this deploy record for RAFT format
"2025-03-12",TRANSMITTER,USACE,USACECDILR,DN 40-VR2TX-489627-A69-1601-62585-2024-03-18T17,2024-03-18 17:41:01.000,2024-04-22 19:23:30.000,UTC,STATION:DN 40,41.3679,-88.26322,,2.0,1.0,Transceiver,VR2TX,NOT USED,A69-1601-62585,,,,,STATION,DN 40,POINT (-88.26322 41.3679),New Station
"2025-03-12",TRANSMITTER,USACE,USACECDILR,DN 40-VR2TX-489627-A69-1601-62585-2024-04-22T19,2024-04-22 19:28:30.000,2024-07-17 22:50:56.000,UTC,STATION:DN 40,41.3679,-88.26322,,2.0,1.0,Transceiver,VR2TX,NOT USED,A69-1601-62585,,,,,STATION,DN 40,POINT (-88.26322 41.3679),Added this deploy record for RAFT format
"2025-03-12",TRANSMITTER,USACE,USACECDILR,DN 40-VR2TX-489627-A69-1601-62585-2024-07-17T22,2024-07-17 22:55:56.000,2024-12-05 15:22:33.000,UTC,STATION:DN 40,41.3679,-88.26322,,2.0,1.0,Transceiver,VR2TX,NOT USED,A69-1601-62585,,,,,STATION,DN 40,POINT (-88.26322 41.3679),Added this deploy record for RAFT format
"2025-03-12",TRANSMITTER,USACE,USACECDILR,KR 10-VR2TX-489622-A69-1601-62560-2023-06-08T17,2023-06-08 17:00:00.000,2023-09-18 22:38:30.000,UTC,STATION:KR 10,41.37033,-88.25486,,2.0,1.0,Transceiver,VR2TX,NOT USED,A69-1601-62560,,,,,STATION,KR 10,POINT (-88.25486 41.37033),""
"2025-03-12",TRANSMITTER,USACE,USACECDILR,KR 10-VR2TX-489622-A69-1601-62560-2023-09-18T22,2023-09-18 22:43:30.000,2023-10-03 21:10:54.000,UTC,STATION:KR 10,41.37033,-88.25486,,2.0,1.0,Transceiver,VR2TX,NOT USED,A69-1601-62560,,,,,STATION,KR 10,POINT (-88.25486 41.37033),Added this deploy record for RAFT format
"2025-03-12",TRANSMITTER,USACE,USACECDILR,KR 10-VR2TX-489622-A69-1601-62560-2023-10-03T21,2023-10-03 21:15:54.000,2023-11-14 18:00:00.000,UTC,STATION:KR 10,41.37033,-88.25486,,2.0,1.0,Transceiver,VR2TX,NOT USED,A69-1601-62560,,,,,STATION,KR 10,POINT (-88.25486 41.37033),Added this deploy record for RAFT format
"2025-03-12",TRANSMITTER,USACE,USACECDILR,KR 10-VR2TX-489622-A69-1601-62560-2024-03-13T18,2024-03-13 18:48:40.000,2024-05-29 22:32:21.000,UTC,STATION:KR 10,41.37033,-88.25486,,2.0,1.0,Transceiver,VR2TX,NOT USED,A69-1601-62560,,,,,STATION,KR 10,POINT (-88.25486 41.37033),""
"2025-03-12",TRANSMITTER,USACE,USACECDILR,KR 10-VR2TX-489622-A69-1601-62560-2024-05-29T22,2024-05-29 22:37:21.000,2024-11-26 21:08:29.000,UTC,STATION:KR 10,41.37033,-88.25486,,2.0,1.0,Transceiver,VR2TX,NOT USED,A69-1601-62560,,,,,STATION,KR 10,POINT (-88.25486 41.37033),Added this deploy record for RAFT format
"2025-03-12",TRANSMITTER,USACE,USACECDILR,LL 10-VR2TX-489629-A69-1601-62592-2024-05-31T20,2024-05-31 20:03:36.000,2024-11-26 00:18:16.000,UTC,STATION:LL 10,41.64028,-88.06073,,2.0,1.0,Transceiver,VR2TX,NOT USED,A69-1601-62592,,,,,STATION,LL 10,POINT (-88.06073 41.64028),Added this deploy record for RAFT format
"2025-03-12",TRANSMITTER,USACE,USACECDILR,LL 70-VR2TX-489639-A69-1601-62602-2024-04-10T23,2024-04-10 23:21:28.000,2024-06-12 22:06:01.000,UTC,STATION:LL 70,41.56921,-88.0772,,2.0,1.0,Transceiver,VR2TX,NOT USED,A69-1601-62602,,,,,STATION,LL 70,POINT (-88.0772 41.56921),""
"2025-03-12",TRANSMITTER,USACE,USACECDILR,LL 70-VR2TX-489639-A69-1601-62602-2024-06-12T22,2024-06-12 22:11:01.000,2024-11-18 23:46:05.000,UTC,STATION:LL 70,41.56921,-88.0772,,2.0,1.0,Transceiver,VR2TX,NOT USED,A69-1601-62602,,,,,STATION,LL 70,POINT (-88.0772 41.56921),Added this deploy record for RAFT format
"2025-03-12",TRANSMITTER,USACE,USACECDILR,RR 20-VR2TX-489623-A69-1601-62561-2023-09-29T22,2023-09-29 22:16:54.000,2023-11-14 21:07:20.000,UTC,STATION:RR 20,41.46763,-88.17192,,2.0,1.0,Transceiver,VR2TX,NOT USED,A69-1601-62561,,,,,STATION,RR 20,POINT (-88.17192 41.46763),""
"2025-03-12",TRANSMITTER,USACE,USACECDILR,RR 20-VR2TX-489623-A69-1601-62561-2023-11-14T21,2023-11-14 21:12:20.000,2024-03-13 21:00:59.000,UTC,STATION:RR 20,41.46763,-88.17192,,2.0,1.0,Transceiver,VR2TX,NOT USED,A69-1601-62561,,,,,STATION,RR 20,POINT (-88.17192 41.46763),Added this deploy record for RAFT format
"2025-03-12",TRANSMITTER,USACE,USACECDILR,RR 20-VR2TX-489623-A69-1601-62561-2024-03-13T21,2024-03-13 21:05:59.000,2024-05-29 20:35:25.000,UTC,STATION:RR 20,41.46763,-88.17192,,2.0,1.0,Transceiver,VR2TX,NOT USED,A69-1601-62561,,,,,STATION,RR 20,POINT (-88.17192 41.46763),Added this deploy record for RAFT format
"2025-03-12",TRANSMITTER,USACE,USACECDILR,RR 20-VR2TX-489623-A69-1601-62561-2024-05-29T20,2024-05-29 20:40:25.000,2024-11-27 00:45:57.000,UTC,STATION:RR 20,41.46763,-88.17192,,2.0,1.0,Transceiver,VR2TX,NOT USED,A69-1601-62561,,,,,STATION,RR 20,POINT (-88.17192 41.46763),Added this deploy record for RAFT format
"2025-12-01",TRANSMITTER,USACE,USACECDILR,DN 20-VR2TX-489624-A69-1601-62562-2024-12-05T10,2024-12-05 10:04:51.000,2025-03-03 18:54:37.000,UTC,STATION:DN 20,41.38554,-88.27247,,2.0,1.0,Transceiver,VR2TX,NOT USED,A69-1601-62562,,,,,STATION,DN 20,POINT (-88.27247 41.38554),""
"2025-12-01",TRANSMITTER,USACE,USACECDILR,DN 30-VR2TX-489633-A69-1601-62596-2024-12-05T15,2024-12-05 15:47:50.000,2025-03-03 18:45:15.000,UTC,STATION:DN 30,41.37648,-88.26997,,2.0,1.0,Transceiver,VR2TX,NOT USED,A69-1601-62596,,,,,STATION,DN 30,POINT (-88.26997 41.37648),
"2025-12-01",TRANSMITTER,USACE,USACECDILR,DN 40-VR2TX-489627-A69-1601-62585-2024-12-05T15,2024-12-05 15:22:33.000,2025-03-03 19:57:09.000,UTC,STATION:DN 40,41.3679,-88.26322,,2.0,1.0,Transceiver,VR2TX,NOT USED,A69-1601-62585,,,,,STATION,DN 40,POINT (-88.26322 41.3679),
"2025-12-01",TRANSMITTER,USACE,USACECDILR,KR 10-VR2TX-489622-A69-1601-62560-2024-11-26T21,2024-11-26 21:13:29.000,2025-03-03 15:13:11.000,UTC,STATION:KR 10,41.37033,-88.25486,,2.0,1.0,Transceiver,VR2TX,NOT USED,A69-1601-62560,,,,,STATION,KR 10,POINT (-88.25486 41.37033),
"2025-12-01",TRANSMITTER,USACE,USACECDILR,LL 10-VR2TX-489629-A69-1601-62592-2024-11-26T00,2024-11-26 00:23:16.000,2025-04-04 10:05:00.000,UTC,STATION:LL 10,41.64028,-88.06073,,2.0,1.0,Transceiver,VR2TX,NOT USED,A69-1601-62592,,,,,STATION,LL 10,POINT (-88.06073 41.64028),
"2025-12-01",TRANSMITTER,USACE,USACECDILR,LL 70-VR2TX-489639-A69-1601-62602-2024-11-18T23,2024-11-18 23:51:05.000,2025-04-04 13:09:46.000,UTC,STATION:LL 70,41.56921,-88.0772,,2.0,1.0,Transceiver,VR2TX,NOT USED,A69-1601-62602,,,,,STATION,LL 70,POINT (-88.0772 41.56921),
"2025-12-01",TRANSMITTER,USACE,USACECDILR,RR 20-VR2TX-489623-A69-1601-62561-2024-11-27T00,2024-11-27 00:50:57.000,2025-04-03 16:37:34.000,UTC,STATION:RR 20,41.46763,-88.17192,,2.0,1.0,Transceiver,VR2TX,NOT USED,A69-1601-62561,,,,,STATION,RR 20,POINT (-88.17192 41.46763),
"2025-12-01",TRANSMITTER,USACE,USACECDILR,UL 20-VR2TX-489630-A69-1601-62593-2024-11-19T21,2024-11-19 21:56:20.000,2025-04-04 11:05:37.000,UTC,STATION:UL 20,41.70681,-87.92984,,2.0,1.0,Transceiver,VR2TX,NOT USED,A69-1601-62593,,,,,STATION,UL 20,POINT (-87.92984 41.70681),
"2025-12-01",TRANSMITTER,USACE,USACECDILR,BR 40-VR2TX-489625-A69-1601-62563-2024-11-18T23,2024-11-18 23:14:16.000,2025-04-03 18:37:12.000,UTC,STATION:BR 40,41.50365,-88.10288,,2.0,1.0,Transceiver,VR2TX,NOT USED,A69-1601-62563,,,,,STATION,BR 40,POINT (-88.10288 41.50365),
"2025-12-01",TRANSMITTER,USACE,USACECDILR,DI 100-VR2TX-489620-A69-1601-62552-2024-11-20T16,2024-11-20 16:36:30.000,2025-03-03 15:26:41.000,UTC,STATION:DI 100,41.39818,-88.27533,,2.0,1.0,Transceiver,VR2TX,NOT USED,A69-1601-62552,,,,,STATION,DI 100,POINT (-88.27533 41.39818),
"2025-12-01",TRANSMITTER,USACE,USACECDILR,DI 97-VR2TX-489632-A69-1601-62595-2024-11-20T14,2024-11-20 14:39:47.000,2025-03-03 19:07:41.000,UTC,STATION:DI 97,41.39486,-88.26934,,2.0,1.0,Transceiver,VR2TX,NOT USED,A69-1601-62595,,,,,STATION,DI 97,POINT (-88.26934 41.39486),
"2025-03-12",TRANSMITTER,USGS,USGSUMESCILR,FARWESTPIT-VR2TX-485476-A69-1601-62873-2022-04-12T21,2022-04-12 21:00:00.000,2022-04-14 15:08:00.000,UTC,STATION:FARWESTPIT,41.32971,-88.50066,,6.33,,Transceiver,VR2TX,NOT USED,A69-1601-62873,,,,,STATION,FARWESTPIT,POINT (-88.50066 41.32971),New Battery
"2025-03-12",TRANSMITTER,USGS,USGSUMESCILR,FARWESTPIT-VR2TX-485476-A69-1601-62873-2022-04-14T15,2022-04-14 15:13:00.000,2022-07-11 21:42:00.000,UTC,STATION:FARWESTPIT,41.32971,-88.50066,,6.33,,Transceiver,VR2TX,NOT USED,A69-1601-62873,,,,,STATION,FARWESTPIT,POINT (-88.50066 41.32971),"Added this deploy record for RAFT format, Updated firmware to 5.2.2"
"2025-03-12",TRANSMITTER,USGS,USGSUMESCILR,FARWESTPIT-VR2TX-485476-A69-1601-62873-2022-07-11T21,2022-07-11 21:47:00.000,2022-11-09 20:02:00.000,UTC,STATION:FARWESTPIT,41.32971,-88.50066,,6.33,,Transceiver,VR2TX,NOT USED,A69-1601-62873,,,,,STATION,FARWESTPIT,POINT (-88.50066 41.32971),"Added this deploy record for RAFT format, 60% battery, replaced"
"2025-03-12",TRANSMITTER,USGS,USGSUMESCILR,FARWESTPIT-VR2TX-485476-A69-1601-62873-2022-11-09T20,2022-11-09 20:07:00.000,2023-04-11 19:57:00.000,UTC,STATION:FARWESTPIT,41.32971,-88.50066,,6.33,,Transceiver,VR2TX,NOT USED,A69-1601-62873,,,,,STATION,FARWESTPIT,POINT (-88.50066 41.32971),"Added this deploy record for RAFT format, 70% Battery, Firmware updated to 6.0.0"
"2025-03-12",TRANSMITTER,USGS,USGSUMESCILR,FARWESTPIT-VR2TX-485476-A69-1601-62873-2023-04-11T20,2023-04-11 20:02:00.000,2023-11-06 21:28:00.000,UTC,STATION:FARWESTPIT,41.32971,-88.50066,,6.33,,Transceiver,VR2TX,NOT USED,A69-1601-62873,,,,,STATION,FARWESTPIT,POINT (-88.50066 41.32971),"Added this deploy record for RAFT format, New Battery"
"2025-03-12",TRANSMITTER,USGS,USGSUMESCILR,FARWESTPIT-VR2TX-485476-A69-1601-62873-2023-11-06T21,2023-11-06 21:33:00.000,2024-04-18 19:11:00.000,UTC,STATION:FARWESTPIT,41.32971,-88.50066,,6.33,,Transceiver,VR2TX,NOT USED,A69-1601-62873,,,,,STATION,FARWESTPIT,POINT (-88.50066 41.32971),"Added this deploy record for RAFT format, 70% Battery"
"2025-03-12",TRANSMITTER,USGS,USGSUMESCILR,FARWESTPIT-VR2TX-485476-A69-1601-62873-2024-04-18T19,2024-04-18 19:16:00.000,2024-11-13 22:00:00.000,UTC,STATION:FARWESTPIT,41.32971,-88.50066,,6.33,,Transceiver,VR2TX,NOT USED,A69-1601-62873,,,,,STATION,FARWESTPIT,POINT (-88.50066 41.32971),Added this deploy record for RAFT format
"2025-03-12",TRANSMITTER,USGS,USGSUMESCILR,FARWESTPIT-VR2TX-485476-A69-1601-62873-2024-11-13T22,2024-11-13 22:05:00.000,,UTC,STATION:FARWESTPIT,41.32971,-88.50066,,6.33,,Transceiver,VR2TX,NOT USED,A69-1601-62873,,,,,STATION,FARWESTPIT,POINT (-88.50066 41.32971),Added this deploy record for RAFT format
"2025-03-12",TRANSMITTER,USGS,USGSUMESCILR,MAIN_PIT_MOUTH-VR2TX-485474-A69-1601-62866-2022-07-12T14,2022-07-12 14:46:00.000,2022-11-09 20:59:00.000,UTC,STATION:MAIN_PIT_MOUTH,41.34801,-88.45129,,3.05,,Transceiver,VR2TX,NOT USED,A69-1601-62866,,,,,STATION,MAIN_PIT_MOUTH,POINT (-88.45129 41.34801),"deployed in the main channel at the mouth of the pits. Steel cable to a large tree on shore, 75% battery, replaced"
"2025-03-12",TRANSMITTER,USGS,USGSUMESCILR,MAIN_PIT_MOUTH-VR2TX-485474-A69-1601-62866-2022-11-09T21,2022-11-09 21:04:00.000,2023-04-12 19:01:00.000,UTC,STATION:MAIN_PIT_MOUTH,41.34793,-88.45158,,9.33,,Transceiver,VR2TX,NOT USED,A69-1601-62866,,,,,STATION,MAIN_PIT_MOUTH,POINT (-88.45158 41.34793),"Added this deploy record for RAFT format, 70% Battery, Firmware updated to 6.0.0"
"2025-03-12",TRANSMITTER,USGS,USGSUMESCILR,MAIN_PIT_MOUTH-VR2TX-485474-A69-1601-62866-2023-04-12T19,2023-04-12 19:06:00.000,2023-11-07 14:54:00.000,UTC,STATION:MAIN_PIT_MOUTH,41.34793,-88.45158,,9.33,,Transceiver,VR2TX,NOT USED,A69-1601-62866,,,,,STATION,MAIN_PIT_MOUTH,POINT (-88.45158 41.34793),"Added this deploy record for RAFT format, New Battery"
"2025-03-12",TRANSMITTER,USGS,USGSUMESCILR,MAIN_PIT_MOUTH-VR2TX-485474-A69-1601-62866-2023-11-07T14,2023-11-07 14:59:00.000,2024-04-18 17:16:00.000,UTC,STATION:MAIN_PIT_MOUTH,41.34793,-88.45158,,9.33,,Transceiver,VR2TX,NOT USED,A69-1601-62866,,,,,STATION,MAIN_PIT_MOUTH,POINT (-88.45158 41.34793),"Added this deploy record for RAFT format, 70% Battery"
"2025-03-12",TRANSMITTER,USGS,USGSUMESCILR,MAIN_PIT_MOUTH-VR2TX-485474-A69-1601-62866-2024-04-18T17,2024-04-18 17:21:00.000,2024-11-13 14:25:00.000,UTC,STATION:MAIN_PIT_MOUTH,41.34793,-88.45158,,9.33,,Transceiver,VR2TX,NOT USED,A69-1601-62866,,,,,STATION,MAIN_PIT_MOUTH,POINT (-88.45158 41.34793),"Added this deploy record for RAFT format, New battery"
"2025-03-12",TRANSMITTER,USGS,USGSUMESCILR,MAIN_PIT_MOUTH-VR2TX-485474-A69-1601-62866-2024-11-13T14,2024-11-13 14:30:00.000,,UTC,STATION:MAIN_PIT_MOUTH,41.34793,-88.45158,,9.33,,Transceiver,VR2TX,NOT USED,A69-1601-62866,,,,,STATION,MAIN_PIT_MOUTH,POINT (-88.45158 41.34793),Added this deploy record for RAFT format
"2025-03-12",TRANSMITTER,USGS,USGSUMESCILR,NE_BAY-VR2TX-485472-A69-1601-62864-2022-04-13T18,2022-04-13 18:34:00.000,2022-07-12 15:44:00.000,UTC,STATION:NE_BAY,41.34596,-88.43661,,9.75,,Transceiver,VR2TX,NOT USED,A69-1601-62864,,,,,STATION,NE_BAY,POINT (-88.43661 41.34596),"New battery, WP 009, Updated firmware to 5.2.2, 85% Battery"
"2025-03-12",TRANSMITTER,USGS,USGSUMESCILR,NE_BAY-VR2TX-485472-A69-1601-62864-2022-07-12T15,2022-07-12 15:49:00.000,2022-11-09 21:13:00.000,UTC,STATION:NE_BAY,41.34596,-88.43661,,9.75,,Transceiver,VR2TX,NOT USED,A69-1601-62864,,,,,STATION,NE_BAY,POINT (-88.43661 41.34596),"Added this deploy record for RAFT format, 75% battery, replaced"
"2025-03-12",TRANSMITTER,USGS,USGSUMESCILR,NE_BAY-VR2TX-485472-A69-1601-62864-2022-11-09T21,2022-11-09 21:18:00.000,2023-04-12 19:17:00.000,UTC,STATION:NE_BAY,41.34596,-88.43661,,9.75,,Transceiver,VR2TX,NOT USED,A69-1601-62864,,,,,STATION,NE_BAY,POINT (-88.43661 41.34596),"Added this deploy record for RAFT format, 70% Battery, Firmware updated to 6.0.0"
"2025-03-12",TRANSMITTER,USGS,USGSUMESCILR,NE_BAY-VR2TX-485472-A69-1601-62864-2023-04-12T19,2023-04-12 19:22:00.000,2023-11-07 15:22:00.000,UTC,STATION:NE_BAY,41.34596,-88.43661,,9.75,,Transceiver,VR2TX,NOT USED,A69-1601-62864,,,,,STATION,NE_BAY,POINT (-88.43661 41.34596),"Added this deploy record for RAFT format, New Battery"
"2025-03-12",TRANSMITTER,USGS,USGSUMESCILR,NE_BAY-VR2TX-485472-A69-1601-62864-2023-11-07T15,2023-11-07 15:27:00.000,2024-04-18 16:17:00.000,UTC,STATION:NE_BAY,41.34596,-88.43661,,9.75,,Transceiver,VR2TX,NOT USED,A69-1601-62864,,,,,STATION,NE_BAY,POINT (-88.43661 41.34596),"Added this deploy record for RAFT format, 70% Battery"
"2025-03-12",TRANSMITTER,USGS,USGSUMESCILR,NE_BAY-VR2TX-485472-A69-1601-62864-2024-04-18T16,2024-04-18 16:22:00.000,2024-11-13 14:42:00.000,UTC,STATION:NE_BAY,41.34596,-88.43661,,9.75,,Transceiver,VR2TX,NOT USED,A69-1601-62864,,,,,STATION,NE_BAY,POINT (-88.43661 41.34596),"Added this deploy record for RAFT format, Eye of bottom set mount wearing, replace in 2025"
"2025-03-12",TRANSMITTER,USGS,USGSUMESCILR,NE_BAY-VR2TX-485472-A69-1601-62864-2024-11-13T14,2024-11-13 14:47:00.000,,UTC,STATION:NE_BAY,41.34596,-88.43661,,9.75,,Transceiver,VR2TX,NOT USED,A69-1601-62864,,,,,STATION,NE_BAY,POINT (-88.43661 41.34596),Added this deploy record for RAFT format
"2025-03-12",TRANSMITTER,USGS,USGSUMESCILR,SE_BAY-VR2TX-485468-A69-1601-62860-2022-04-14T17,2022-04-14 17:28:00.000,2022-07-12 16:07:00.000,UTC,STATION:SE_BAY,41.3367,-88.4449,,7.42,,Transceiver,VR2TX,NOT USED,A69-1601-62860,,,,,STATION,SE_BAY,POINT (-88.4449 41.3367),"Change battery ASAP, Updated firmware to 5.2.2; battery replaced"
"2025-03-12",TRANSMITTER,USGS,USGSUMESCILR,SE_BAY-VR2TX-485468-A69-1601-62860-2022-07-12T16,2022-07-12 16:12:00.000,2022-11-09 21:27:00.000,UTC,STATION:SE_BAY,41.3367,-88.4449,,7.42,,Transceiver,VR2TX,NOT USED,A69-1601-62860,,,,,STATION,SE_BAY,POINT (-88.4449 41.3367),"Added this deploy record for RAFT format, 75% battery, replaced"
"2025-03-12",TRANSMITTER,USGS,USGSUMESCILR,SE_BAY-VR2TX-485468-A69-1601-62860-2022-11-09T21,2022-11-09 21:32:00.000,2023-04-12 19:40:00.000,UTC,STATION:SE_BAY,41.3367,-88.4449,,7.42,,Transceiver,VR2TX,NOT USED,A69-1601-62860,,,,,STATION,SE_BAY,POINT (-88.4449 41.3367),"Added this deploy record for RAFT format, 70% Battery, Firmware updated to 6.0.0"
"2025-03-12",TRANSMITTER,USGS,USGSUMESCILR,SE_BAY-VR2TX-485468-A69-1601-62860-2023-04-12T19,2023-04-12 19:45:00.000,2023-11-07 15:45:00.000,UTC,STATION:SE_BAY,41.3367,-88.4449,,7.42,,Transceiver,VR2TX,NOT USED,A69-1601-62860,,,,,STATION,SE_BAY,POINT (-88.4449 41.3367),"Added this deploy record for RAFT format, New Battery"
"2025-03-12",TRANSMITTER,USGS,USGSUMESCILR,SE_BAY-VR2TX-485468-A69-1601-62860-2023-11-07T15,2023-11-07 15:50:00.000,2024-04-18 16:00:00.000,UTC,STATION:SE_BAY,41.3367,-88.4449,,7.42,,Transceiver,VR2TX,NOT USED,A69-1601-62860,,,,,STATION,SE_BAY,POINT (-88.4449 41.3367),"Added this deploy record for RAFT format, 70% Battery"
"2025-03-12",TRANSMITTER,USGS,USGSUMESCILR,SE_BAY-VR2TX-485468-A69-1601-62860-2024-04-18T16,2024-04-18 16:05:00.000,2024-11-13 15:02:00.000,UTC,STATION:SE_BAY,41.3367,-88.4449,,7.42,,Transceiver,VR2TX,NOT USED,A69-1601-62860,,,,,STATION,SE_BAY,POINT (-88.4449 41.3367),"Added this deploy record for RAFT format, Removed and moved to new location"
"2025-03-12",TRANSMITTER,USGS,USGSUMESCILR,SE_BAY_2-VR2TX-485468-A69-1601-62860-2024-11-13T15,2024-11-13 15:17:00.000,,UTC,STATION:SE_BAY_2,41.33735,-88.43626,,7.58,,Transceiver,VR2TX,NOT USED,A69-1601-62860,,,,,STATION,SE_BAY_2,POINT (-88.43626 41.33735),"New battery, moved from island location"
"2025-03-12",TRANSMITTER,USGS,USGSUMESCILR,ST03A-VR2TX-485479-A69-1601-62876-2022-04-13T16,2022-04-13 16:47:00.000,2022-07-12 18:53:00.000,UTC,STATION:ST03A,41.3327,-88.46697,,,,Transceiver,VR2TX,NOT USED,A69-1601-62876,,,,,STATION,ST03A,POINT (-88.46697 41.3327),"New battery. WP 007, bad GPS, corrected with Hummingbird., Updated firmware to 5.2.2, 85% Battery"
"2025-03-12",TRANSMITTER,USGS,USGSUMESCILR,ST03A-VR2TX-485479-A69-1601-62876-2022-07-12T18,2022-07-12 18:58:00.000,2022-11-10 16:15:00.000,UTC,STATION:ST03A,41.3327,-88.46697,,,,Transceiver,VR2TX,NOT USED,A69-1601-62876,,,,,STATION,ST03A,POINT (-88.46697 41.3327),"Added this deploy record for RAFT format, 60% battery, replaced"
"2025-03-12",TRANSMITTER,USGS,USGSUMESCILR,ST03A-VR2TX-485479-A69-1601-62876-2022-11-10T16,2022-11-10 16:20:00.000,2023-04-13 13:46:00.000,UTC,STATION:ST03A,41.3327,-88.46697,,,,Transceiver,VR2TX,NOT USED,A69-1601-62876,,,,,STATION,ST03A,POINT (-88.46697 41.3327),"Added this deploy record for RAFT format, 70% Battery, Firmware updated to 6.0.0"
"2025-03-12",TRANSMITTER,USGS,USGSUMESCILR,ST03A-VR2TX-485479-A69-1601-62876-2023-04-13T13,2023-04-13 13:51:00.000,2023-11-07 15:11:00.000,UTC,STATION:ST03A,41.3327,-88.46697,,,,Transceiver,VR2TX,NOT USED,A69-1601-62876,,,,,STATION,ST03A,POINT (-88.46697 41.3327),"Added this deploy record for RAFT format, New Battery"
"2025-03-12",TRANSMITTER,USGS,USGSUMESCILR,ST03A-VR2TX-485479-A69-1601-62876-2023-11-07T15,2023-11-07 15:16:00.000,2024-04-18 13:50:00.000,UTC,STATION:ST03A,41.3327,-88.46697,,,,Transceiver,VR2TX,NOT USED,A69-1601-62876,,,,,STATION,ST03A,POINT (-88.46697 41.3327),"Added this deploy record for RAFT format, 70% Battery"
"2025-03-12",TRANSMITTER,USGS,USGSUMESCILR,ST03A-VR2TX-485479-A69-1601-62876-2024-04-18T13,2024-04-18 13:55:00.000,2024-11-13 16:57:00.000,UTC,STATION:ST03A,41.3327,-88.46697,,,,Transceiver,VR2TX,NOT USED,A69-1601-62876,,,,,STATION,ST03A,POINT (-88.46697 41.3327),"Added this deploy record for RAFT format, Removed at 10:57AM; offloaded at 12:58PM"
"2025-03-12",TRANSMITTER,USGS,USGSUMESCILR,ST04A-VR2TX-485475-A69-1601-62867-2022-04-13T16,2022-04-13 16:15:00.000,2022-07-12 19:12:00.000,UTC,STATION:ST04A,41.33361,-88.46684,,,,Transceiver,VR2TX,NOT USED,A69-1601-62867,,,,,STATION,ST04A,POINT (-88.46684 41.33361),"New battery, WP 006, bad GPS, corrected with Hummingbird., Updated firmware to 5.2.2, 85% Battery"
"2025-03-12",TRANSMITTER,USGS,USGSUMESCILR,ST04A-VR2TX-485475-A69-1601-62867-2022-07-12T19,2022-07-12 19:17:00.000,2022-11-10 16:04:00.000,UTC,STATION:ST04A,41.33361,-88.46684,,,,Transceiver,VR2TX,NOT USED,A69-1601-62867,,,,,STATION,ST04A,POINT (-88.46684 41.33361),"Added this deploy record for RAFT format, 60% battery, replaced"
"2025-03-12",TRANSMITTER,USGS,USGSUMESCILR,ST04A-VR2TX-485475-A69-1601-62867-2022-11-10T16,2022-11-10 16:09:00.000,2023-04-13 13:34:00.000,UTC,STATION:ST04A,41.33361,-88.46684,,,,Transceiver,VR2TX,NOT USED,A69-1601-62867,,,,,STATION,ST04A,POINT (-88.46684 41.33361),"Added this deploy record for RAFT format, 70% Battery, Firmware updated to 6.0.0"
"2025-03-12",TRANSMITTER,USGS,USGSUMESCILR,ST04A-VR2TX-485475-A69-1601-62867-2023-04-13T13,2023-04-13 13:39:00.000,2023-11-07 15:27:00.000,UTC,STATION:ST04A,41.33361,-88.46684,,,,Transceiver,VR2TX,NOT USED,A69-1601-62867,,,,,STATION,ST04A,POINT (-88.46684 41.33361),"Added this deploy record for RAFT format, New Battery"
"2025-03-12",TRANSMITTER,USGS,USGSUMESCILR,ST04A-VR2TX-485475-A69-1601-62867-2023-11-07T15,2023-11-07 15:32:00.000,2024-04-18 13:29:00.000,UTC,STATION:ST04A,41.33361,-88.46684,,,,Transceiver,VR2TX,NOT USED,A69-1601-62867,,,,,STATION,ST04A,POINT (-88.46684 41.33361),"Added this deploy record for RAFT format, 70% Battery"
"2025-03-12",TRANSMITTER,USGS,USGSUMESCILR,ST04A-VR2TX-485475-A69-1601-62867-2024-04-18T13,2024-04-18 13:34:00.000,2024-11-13 16:53:00.000,UTC,STATION:ST04A,41.33361,-88.46684,,,,Transceiver,VR2TX,NOT USED,A69-1601-62867,,,,,STATION,ST04A,POINT (-88.46684 41.33361),"Added this deploy record for RAFT format, Removed at 10:53AM; offloaded at 12:49PM"
"2025-03-12",TRANSMITTER,USGS,USGSUMESCILR,ST1-VR2TX-481296-A69-1601-63296-2019-10-09T20,2019-10-09 20:57:00.000,2019-12-11 20:56:18.000,UTC,STATION:ST1,41.33709,-88.46889,,,,Transceiver,VR2TX,NOT USED,A69-1601-63296,,,,,STATION,ST1,POINT (-88.46889 41.33709),"heard 10/9/2019 - 16:39, 90% battery"
"2025-03-12",TRANSMITTER,USGS,USGSUMESCILR,ST1-VR2TX-481296-A69-1601-63296-2019-12-11T21,2019-12-11 21:01:18.000,2020-03-12 19:02:00.000,UTC,STATION:ST1,41.33709,-88.46889,,,,Transceiver,VR2TX,NOT USED,A69-1601-63296,,,,,STATION,ST1,POINT (-88.46889 41.33709),"Added this deploy record for RAFT format, 45% Battery; map 114; replaced battery"
"2025-03-12",TRANSMITTER,USGS,USGSUMESCILR,ST1-VR2TX-481296-A69-1601-63296-2020-03-12T19,2020-03-12 19:07:00.000,2020-10-27 22:05:00.000,UTC,STATION:ST1,41.33709,-88.46889,,,,Transceiver,VR2TX,NOT USED,A69-1601-63296,,,,,STATION,ST1,POINT (-88.46889 41.33709),"Added this deploy record for RAFT format, Battery replaced first, 3.68MB, used last known gps coordinates because no new ones recorded"
"2025-03-12",TRANSMITTER,USGS,USGSUMESCILR,ST1-VR2TX-481296-A69-1601-63296-2020-10-27T22,2020-10-27 22:10:00.000,2021-04-21 19:53:00.000,UTC,STATION:ST1,41.33709,-88.46889,,,,Transceiver,VR2TX,NOT USED,A69-1601-63296,,,,,STATION,ST1,POINT (-88.46889 41.33709),"Added this deploy record for RAFT format, 65% Battery; update firmware to 5.0"
"2025-03-12",TRANSMITTER,USGS,USGSUMESCILR,ST1-VR2TX-481296-A69-1601-63296-2021-04-21T19,2021-04-21 19:58:00.000,2021-05-13 13:45:00.000,UTC,STATION:ST1,41.33709,-88.46889,,,,Transceiver,VR2TX,NOT USED,A69-1601-63296,,,,,STATION,ST1,POINT (-88.46889 41.33709),"Added this deploy record for RAFT format, Offload after tag drag"
"2025-03-12",TRANSMITTER,USGS,USGSUMESCILR,ST1-VR2TX-481296-A69-1601-63296-2021-05-13T13,2021-05-13 13:50:00.000,2021-08-16 14:28:00.000,UTC,STATION:ST1,41.33709,-88.46889,,,,Transceiver,VR2TX,NOT USED,A69-1601-63296,,,,,STATION,ST1,POINT (-88.46889 41.33709),"Added this deploy record for RAFT format, 45% Battery"
"2025-03-12",TRANSMITTER,USGS,USGSUMESCILR,ST1-VR2TX-481296-A69-1601-63296-2021-08-16T14,2021-08-16 14:33:00.000,2021-11-10 15:30:00.000,UTC,STATION:ST1,41.33709,-88.46889,,,,Transceiver,VR2TX,NOT USED,A69-1601-63296,,,,,STATION,ST1,POINT (-88.46889 41.33709),Added this deploy record for RAFT format
"2025-03-12",TRANSMITTER,USGS,USGSUMESCILR,ST1-VR2TX-481296-A69-1601-63296-2021-11-10T15,2021-11-10 15:35:00.000,2021-11-10 17:52:00.000,UTC,STATION:ST1,41.33709,-88.46889,,,,Transceiver,VR2TX,NOT USED,A69-1601-63296,,,,,STATION,ST1,POINT (-88.46889 41.33709),""
"2025-03-12",TRANSMITTER,USGS,USGSUMESCILR,ST1-VR2TX-481296-A69-1601-63296-2021-11-10T18,2021-11-10 18:43:00.000,2021-12-01 21:20:00.000,UTC,STATION:ST1,41.33709,-88.46889,,,,Transceiver,VR2TX,NOT USED,A69-1601-63296,,,,,STATION,ST1,POINT (-88.46889 41.33709),"New battery, Firmware 5.18 installed"
"2025-03-12",TRANSMITTER,USGS,USGSUMESCILR,ST1-VR2TX-481296-A69-1601-63296-2021-12-01T21,2021-12-01 21:25:00.000,2022-04-14 15:20:00.000,UTC,STATION:ST1,41.33709,-88.46889,,,,Transceiver,VR2TX,NOT USED,A69-1601-63296,,,,,STATION,ST1,POINT (-88.46889 41.33709),"Added this deploy record for RAFT format, 75% battery, Updated to Map-115,  GPS point not collected, used last known location"
"2025-03-12",TRANSMITTER,USGS,USGSUMESCILR,ST1-VR2TX-481296-A69-1601-63296-2022-04-14T15,2022-04-14 15:25:00.000,2022-07-11 22:00:00.000,UTC,STATION:ST1,41.33709,-88.46889,,,,Transceiver,VR2TX,NOT USED,A69-1601-63296,,,,,STATION,ST1,POINT (-88.46889 41.33709),"Added this deploy record for RAFT format, Updated firmware to 5.2.2"
"2025-03-12",TRANSMITTER,USGS,USGSUMESCILR,ST1-VR2TX-481296-A69-1601-63296-2022-07-11T22,2022-07-11 22:05:00.000,2022-11-09 19:36:00.000,UTC,STATION:ST1,41.33709,-88.46889,,,,Transceiver,VR2TX,NOT USED,A69-1601-63296,,,,,STATION,ST1,POINT (-88.46889 41.33709),"Added this deploy record for RAFT format, 30% battery, replaced"
"2025-03-12",TRANSMITTER,USGS,USGSUMESCILR,ST1-VR2TX-481296-A69-1601-63296-2022-11-09T19,2022-11-09 19:41:00.000,2023-04-11 19:18:00.000,UTC,STATION:ST1,41.33709,-88.46889,,,,Transceiver,VR2TX,NOT USED,A69-1601-63296,,,,,STATION,ST1,POINT (-88.46889 41.33709),"Added this deploy record for RAFT format, 70% Battery,""Raw logging stopped warning"", Firmware updated to 6.0.0"
"2025-03-12",TRANSMITTER,USGS,USGSUMESCILR,ST1-VR2TX-481296-A69-1601-63296-2023-04-11T19,2023-04-11 19:23:00.000,2023-11-06 20:49:00.000,UTC,STATION:ST1,41.33709,-88.46889,,,,Transceiver,VR2TX,NOT USED,A69-1601-63296,,,,,STATION,ST1,POINT (-88.46889 41.33709),"Added this deploy record for RAFT format, New Battery"
"2025-03-12",TRANSMITTER,USGS,USGSUMESCILR,ST1-VR2TX-481296-A69-1601-63296-2023-11-06T20,2023-11-06 20:54:00.000,2024-04-18 18:50:00.000,UTC,STATION:ST1,41.33709,-88.46889,,,,Transceiver,VR2TX,NOT USED,A69-1601-63296,,,,,STATION,ST1,POINT (-88.46889 41.33709),"Added this deploy record for RAFT format, 70% Battery"
"2025-03-12",TRANSMITTER,USGS,USGSUMESCILR,ST1-VR2TX-481296-A69-1601-63296-2024-04-18T18,2024-04-18 18:55:00.000,2024-11-13 19:25:00.000,UTC,STATION:ST1,41.33709,-88.46889,,,,Transceiver,VR2TX,NOT USED,A69-1601-63296,,,,,STATION,ST1,POINT (-88.46889 41.33709),"Added this deploy record for RAFT format, Removed, offload at 13:25"
"2025-03-12",TRANSMITTER,USGS,USGSUMESCILR,ST6-VR2TX-491390-A69-1601-62849-2024-11-13T16,2024-11-13 16:01:00.000,,UTC,STATION:ST6,41.33637,-88.46334,,2.58,,Transceiver,VR2TX,NOT USED,A69-1601-62849,,,,,STATION,ST6,POINT (-88.46334 41.33637),"New receiver for St6, replaced 480685"
"2025-03-12",TRANSMITTER,USGS,USGSUMESCILR,ST2-VR2TX-481292-A69-1601-63292-2019-10-10T18,2019-10-10 18:05:00.000,2019-12-11 00:19:35.000,UTC,STATION:ST2,41.3323,-88.46729,,,,Transceiver,VR2TX,NOT USED,A69-1601-63292,,,,,STATION,ST2,POINT (-88.46729 41.3323),"heard 13:16, New point saved as WP 29 on BK3 Garmin GPS; battery 90%"
"2025-03-12",TRANSMITTER,USGS,USGSUMESCILR,ST2-VR2TX-481292-A69-1601-63292-2019-12-11T00,2019-12-11 00:24:35.000,2020-03-12 16:41:00.000,UTC,STATION:ST2,41.3323,-88.46729,,,,Transceiver,VR2TX,NOT USED,A69-1601-63292,,,,,STATION,ST2,POINT (-88.46729 41.3323),"Added this deploy record for RAFT format, 70% Battery; map 114"
"2025-03-12",TRANSMITTER,USGS,USGSUMESCILR,ST2-VR2TX-481292-A69-1601-63292-2020-03-12T16,2020-03-12 16:46:00.000,2020-10-27 14:49:00.000,UTC,STATION:ST2,41.3323,-88.46729,,,,Transceiver,VR2TX,NOT USED,A69-1601-63292,,,,,STATION,ST2,POINT (-88.46729 41.3323),"Added this deploy record for RAFT format, Battery Replaced first, 1.58MB, used last known gps coordinates because no new ones recorded"
"2025-03-12",TRANSMITTER,USGS,USGSUMESCILR,ST2-VR2TX-481292-A69-1601-63292-2020-10-27T14,2020-10-27 14:54:00.000,2021-04-21 21:58:00.000,UTC,STATION:ST2,41.3323,-88.46729,,,,Transceiver,VR2TX,NOT USED,A69-1601-63292,,,,,STATION,ST2,POINT (-88.46729 41.3323),"Added this deploy record for RAFT format, 65% Battery, used last known gps coordinates because no new ones recorded"
"2025-03-12",TRANSMITTER,USGS,USGSUMESCILR,ST2-VR2TX-481292-A69-1601-63292-2021-04-21T22,2021-04-21 22:03:00.000,2021-05-13 15:56:00.000,UTC,STATION:ST2,41.3323,-88.46729,,,,Transceiver,VR2TX,NOT USED,A69-1601-63292,,,,,STATION,ST2,POINT (-88.46729 41.3323),"Added this deploy record for RAFT format, Update Firmware"
"2025-03-12",TRANSMITTER,USGS,USGSUMESCILR,ST2-VR2TX-481292-A69-1601-63292-2021-05-13T16,2021-05-13 16:01:00.000,2021-08-16 15:53:00.000,UTC,STATION:ST2,41.3323,-88.46729,,,,Transceiver,VR2TX,NOT USED,A69-1601-63292,,,,,STATION,ST2,POINT (-88.46729 41.3323),"Added this deploy record for RAFT format, 40% Battery"
"2025-03-12",TRANSMITTER,USGS,USGSUMESCILR,ST2-VR2TX-481292-A69-1601-63292-2021-08-16T15,2021-08-16 15:58:00.000,2021-08-25 21:00:00.000,UTC,STATION:ST2,41.3323,-88.46729,,,,Transceiver,VR2TX,NOT USED,A69-1601-63292,,,,,STATION,ST2,POINT (-88.46729 41.3323),"Added this deploy record for RAFT format, 40% Battery"
"2025-03-12",TRANSMITTER,USGS,USGSUMESCILR,ST2-VR2TX-481292-A69-1601-63292-2021-08-25T21,2021-08-25 21:05:00.000,2021-11-10 17:08:00.000,UTC,STATION:ST2,41.3323,-88.46729,,,,Transceiver,VR2TX,NOT USED,A69-1601-63292,,,,,STATION,ST2,POINT (-88.46729 41.3323),Added this deploy record for RAFT format
"2025-03-12",TRANSMITTER,USGS,USGSUMESCILR,ST2-VR2TX-481292-A69-1601-63292-2021-11-10T17,2021-11-10 17:13:00.000,2021-12-01 19:10:00.000,UTC,STATION:ST2,41.3323,-88.46729,,,,Transceiver,VR2TX,NOT USED,A69-1601-63292,,,,,STATION,ST2,POINT (-88.46729 41.3323),"Added this deploy record for RAFT format, New battery"
"2025-03-12",TRANSMITTER,USGS,USGSUMESCILR,ST2-VR2TX-481292-A69-1601-63292-2021-12-01T19,2021-12-01 19:15:00.000,2022-04-14 19:31:00.000,UTC,STATION:ST2,41.3323,-88.46729,,,,Transceiver,VR2TX,NOT USED,A69-1601-63292,,,,,STATION,ST2,POINT (-88.46729 41.3323),"Added this deploy record for RAFT format, 75% battery, updated to Map-115"
"2025-03-12",TRANSMITTER,USGS,USGSUMESCILR,ST2-VR2TX-481292-A69-1601-63292-2022-04-14T19,2022-04-14 19:36:00.000,2022-07-12 18:40:00.000,UTC,STATION:ST2,41.3323,-88.46729,,,,Transceiver,VR2TX,NOT USED,A69-1601-63292,,,,,STATION,ST2,POINT (-88.46729 41.3323),"Added this deploy record for RAFT format, Updated firmware to 5.2.2, 55% Battery"
"2025-03-12",TRANSMITTER,USGS,USGSUMESCILR,ST2-VR2TX-481292-A69-1601-63292-2022-07-12T18,2022-07-12 18:45:00.000,2022-11-10 16:35:00.000,UTC,STATION:ST2,41.3323,-88.46729,,,,Transceiver,VR2TX,NOT USED,A69-1601-63292,,,,,STATION,ST2,POINT (-88.46729 41.3323),"Added this deploy record for RAFT format, 30% battery, replaced"
"2025-03-12",TRANSMITTER,USGS,USGSUMESCILR,ST2-VR2TX-481292-A69-1601-63292-2022-11-10T16,2022-11-10 16:40:00.000,2022-12-14 20:21:00.000,UTC,STATION:ST2,41.3323,-88.46729,,,,Transceiver,VR2TX,NOT USED,A69-1601-63292,,,,,STATION,ST2,POINT (-88.46729 41.3323),"Added this deploy record for RAFT format, receiver removed due to time errors. Replaced with 487141. Offloaded on 12/29/2022"
"2025-03-12",TRANSMITTER,USGS,USGSUMESCILR,ST2-VR2TX-481292-A69-1601-63292-2022-12-14T20,2022-12-14 20:26:00.000,2022-12-29 18:35:00.000,UTC,STATION:ST2,41.3323,-88.46729,,,,Transceiver,VR2TX,NOT USED,A69-1601-63292,,,,,STATION,ST2,POINT (-88.46729 41.3323),offloaded 12/29/2022 at UMESC
"2025-03-12",TRANSMITTER,USGS,USGSUMESCILR,ST2-VR2TX-481292-A69-1601-63292-2022-12-29T18,2022-12-29 18:40:00.000,,UTC,STATION:ST2,41.3323,-88.46729,,,,Transceiver,VR2TX,NOT USED,A69-1601-63292,,,,,STATION,ST2,POINT (-88.46729 41.3323),Added this deploy record for RAFT format
"2025-03-12",TRANSMITTER,USGS,USGSUMESCILR,ST2-VR2TX-487141-A69-1601-62032-2022-12-14T20,2022-12-14 20:28:00.000,2023-04-13 14:02:00.000,UTC,STATION:ST2,41.33211,-88.46734,,,,Transceiver,VR2TX,NOT USED,A69-1601-62032,,,,,STATION,ST2,POINT (-88.46734 41.33211),"A69-1601-62032; receiver replaces 481292., 70% Battery, Firmware updated to 6.0.0, Changed station name back to St2 from St.2"
"2025-03-12",TRANSMITTER,USGS,USGSUMESCILR,ST2-VR2TX-487141-A69-1601-62032-2023-04-13T14,2023-04-13 14:07:00.000,2023-11-06 21:48:00.000,UTC,STATION:ST2,41.33211,-88.46734,,,,Transceiver,VR2TX,NOT USED,A69-1601-62032,,,,,STATION,ST2,POINT (-88.46734 41.33211),"Added this deploy record for RAFT format, New Battery"
"2025-03-12",TRANSMITTER,USGS,USGSUMESCILR,ST2-VR2TX-487141-A69-1601-62032-2023-11-06T21,2023-11-06 21:53:00.000,2024-04-18 14:10:00.000,UTC,STATION:ST2,41.33211,-88.46734,,,,Transceiver,VR2TX,NOT USED,A69-1601-62032,,,,,STATION,ST2,POINT (-88.46734 41.33211),"Added this deploy record for RAFT format, 70% Battery"
"2025-03-12",TRANSMITTER,USGS,USGSUMESCILR,ST2-VR2TX-487141-A69-1601-62032-2024-04-18T14,2024-04-18 14:15:00.000,2024-11-13 17:10:00.000,UTC,STATION:ST2,41.33211,-88.46734,,,,Transceiver,VR2TX,NOT USED,A69-1601-62032,,,,,STATION,ST2,POINT (-88.46734 41.33211),"Added this deploy record for RAFT format, Removed at 11:10AM; offloaded at 12:55PM"
"2025-03-12",TRANSMITTER,USGS,USGSUMESCILR,ST3-VR2TX-481291-A69-1601-63291-2019-10-10T17,2019-10-10 17:44:00.000,2019-12-10 21:20:57.000,UTC,STATION:ST3,41.33254,-88.4682,,7.58,,Transceiver,VR2TX,NOT USED,A69-1601-63291,,,,,STATION,ST3,POINT (-88.4682 41.33254),"heard 13:14, 90% battery"
"2025-03-12",TRANSMITTER,USGS,USGSUMESCILR,ST3-VR2TX-481291-A69-1601-63291-2019-12-10T21,2019-12-10 21:25:57.000,2020-03-12 17:03:00.000,UTC,STATION:ST3,41.33254,-88.4682,,7.58,,Transceiver,VR2TX,NOT USED,A69-1601-63291,,,,,STATION,ST3,POINT (-88.4682 41.33254),"Added this deploy record for RAFT format, 70% Battery; map 114, used last known gps coordinates because no new ones recorded"
"2025-03-12",TRANSMITTER,USGS,USGSUMESCILR,ST3-VR2TX-481291-A69-1601-63291-2020-03-12T17,2020-03-12 17:08:00.000,2020-10-27 14:20:00.000,UTC,STATION:ST3,41.33254,-88.4682,,7.58,,Transceiver,VR2TX,NOT USED,A69-1601-63291,,,,,STATION,ST3,POINT (-88.4682 41.33254),"Added this deploy record for RAFT format, Battery 25%, 1.34MB, Battery Replaced"
"2025-03-12",TRANSMITTER,USGS,USGSUMESCILR,ST3-VR2TX-481291-A69-1601-63291-2020-10-27T14,2020-10-27 14:25:00.000,2021-04-21 22:08:00.000,UTC,STATION:ST3,41.33254,-88.4682,,7.58,,Transceiver,VR2TX,NOT USED,A69-1601-63291,,,,,STATION,ST3,POINT (-88.4682 41.33254),"Added this deploy record for RAFT format, 65% Battery, used last known gps coordinates because no new ones recorded"
"2025-03-12",TRANSMITTER,USGS,USGSUMESCILR,ST3-VR2TX-481291-A69-1601-63291-2021-04-21T22,2021-04-21 22:13:00.000,2021-05-13 15:48:00.000,UTC,STATION:ST3,41.33254,-88.4682,,7.58,,Transceiver,VR2TX,NOT USED,A69-1601-63291,,,,,STATION,ST3,POINT (-88.4682 41.33254),"Added this deploy record for RAFT format, Update Firmware 5.0.1 to 5.1.4"
"2025-03-12",TRANSMITTER,USGS,USGSUMESCILR,ST3-VR2TX-481291-A69-1601-63291-2021-05-13T15,2021-05-13 15:53:00.000,2021-08-16 15:45:00.000,UTC,STATION:ST3,41.33254,-88.4682,,7.58,,Transceiver,VR2TX,NOT USED,A69-1601-63291,,,,,STATION,ST3,POINT (-88.4682 41.33254),"Added this deploy record for RAFT format, 40% Battery"
"2025-03-12",TRANSMITTER,USGS,USGSUMESCILR,ST3-VR2TX-481291-A69-1601-63291-2021-08-16T15,2021-08-16 15:50:00.000,2021-08-25 21:05:00.000,UTC,STATION:ST3,41.33254,-88.4682,,7.58,,Transceiver,VR2TX,NOT USED,A69-1601-63291,,,,,STATION,ST3,POINT (-88.4682 41.33254),"Added this deploy record for RAFT format, 40% Battery"
"2025-03-12",TRANSMITTER,USGS,USGSUMESCILR,ST3-VR2TX-481291-A69-1601-63291-2021-08-25T21,2021-08-25 21:10:00.000,2021-11-10 17:24:00.000,UTC,STATION:ST3,41.33254,-88.4682,,7.58,,Transceiver,VR2TX,NOT USED,A69-1601-63291,,,,,STATION,ST3,POINT (-88.4682 41.33254),Added this deploy record for RAFT format
"2025-03-12",TRANSMITTER,USGS,USGSUMESCILR,ST3-VR2TX-481291-A69-1601-63291-2021-11-10T17,2021-11-10 17:29:00.000,2021-12-01 19:03:00.000,UTC,STATION:ST3,41.33254,-88.4682,,7.58,,Transceiver,VR2TX,NOT USED,A69-1601-63291,,,,,STATION,ST3,POINT (-88.4682 41.33254),"Added this deploy record for RAFT format, New battery"
"2025-03-12",TRANSMITTER,USGS,USGSUMESCILR,ST3-VR2TX-481291-A69-1601-63291-2021-12-01T19,2021-12-01 19:08:00.000,2022-04-14 19:15:00.000,UTC,STATION:ST3,41.33254,-88.4682,,7.58,,Transceiver,VR2TX,NOT USED,A69-1601-63291,,,,,STATION,ST3,POINT (-88.4682 41.33254),"Added this deploy record for RAFT format, 75% battery, updated to Map-115"
"2025-03-12",TRANSMITTER,USGS,USGSUMESCILR,ST3-VR2TX-481291-A69-1601-63291-2022-04-14T19,2022-04-14 19:20:00.000,2022-07-12 18:29:00.000,UTC,STATION:ST3,41.33254,-88.4682,,7.58,,Transceiver,VR2TX,NOT USED,A69-1601-63291,,,,,STATION,ST3,POINT (-88.4682 41.33254),"Added this deploy record for RAFT format, Updated firmware to 5.2.2, 55% Battery"
"2025-03-12",TRANSMITTER,USGS,USGSUMESCILR,ST3-VR2TX-481291-A69-1601-63291-2022-07-12T18,2022-07-12 18:34:00.000,2022-11-10 17:05:00.000,UTC,STATION:ST3,41.33254,-88.4682,,7.58,,Transceiver,VR2TX,NOT USED,A69-1601-63291,,,,,STATION,ST3,POINT (-88.4682 41.33254),"Added this deploy record for RAFT format, 30% battery, replaced"
"2025-03-12",TRANSMITTER,USGS,USGSUMESCILR,ST3-VR2TX-481291-A69-1601-63291-2022-11-10T17,2022-11-10 17:10:00.000,2023-04-13 14:14:00.000,UTC,STATION:ST3,41.33254,-88.4682,,7.58,,Transceiver,VR2TX,NOT USED,A69-1601-63291,,,,,STATION,ST3,POINT (-88.4682 41.33254),"Added this deploy record for RAFT format, 70% Battery, Firmware updated to 6.0.0"
"2025-03-12",TRANSMITTER,USGS,USGSUMESCILR,ST3-VR2TX-481291-A69-1601-63291-2023-04-13T14,2023-04-13 14:19:00.000,2023-11-06 21:24:00.000,UTC,STATION:ST3,41.33254,-88.4682,,7.58,,Transceiver,VR2TX,NOT USED,A69-1601-63291,,,,,STATION,ST3,POINT (-88.4682 41.33254),"Added this deploy record for RAFT format, New Battery"
"2025-03-12",TRANSMITTER,USGS,USGSUMESCILR,ST3-VR2TX-481291-A69-1601-63291-2023-11-06T21,2023-11-06 21:29:00.000,2024-04-18 14:25:00.000,UTC,STATION:ST3,41.33254,-88.4682,,7.58,,Transceiver,VR2TX,NOT USED,A69-1601-63291,,,,,STATION,ST3,POINT (-88.4682 41.33254),"Added this deploy record for RAFT format, 70% Battery"
"2025-03-12",TRANSMITTER,USGS,USGSUMESCILR,ST3-VR2TX-481291-A69-1601-63291-2024-04-18T14,2024-04-18 14:30:00.000,2024-11-13 17:18:00.000,UTC,STATION:ST3,41.33254,-88.4682,,7.58,,Transceiver,VR2TX,NOT USED,A69-1601-63291,,,,,STATION,ST3,POINT (-88.4682 41.33254),"Added this deploy record for RAFT format, new battery"
"2025-03-12",TRANSMITTER,USGS,USGSUMESCILR,ST3-VR2TX-481291-A69-1601-63291-2024-11-13T17,2024-11-13 17:23:00.000,,UTC,STATION:ST3,41.33254,-88.4682,,7.58,,Transceiver,VR2TX,NOT USED,A69-1601-63291,,,,,STATION,ST3,POINT (-88.4682 41.33254),Added this deploy record for RAFT format
"2025-03-12",TRANSMITTER,USGS,USGSUMESCILR,ST4-VR2TX-481290-A69-1601-63290-2019-10-10T16,2019-10-10 16:57:00.000,2019-12-11 00:55:38.000,UTC,STATION:ST4,41.33436,-88.46626,,,,Transceiver,VR2TX,NOT USED,A69-1601-63290,,,,,STATION,ST4,POINT (-88.46626 41.33436),"heard 12:05, 90% battery"
"2025-03-12",TRANSMITTER,USGS,USGSUMESCILR,ST4-VR2TX-481290-A69-1601-63290-2019-12-11T01,2019-12-11 01:00:38.000,2020-03-12 16:13:00.000,UTC,STATION:ST4,41.33436,-88.46626,,,,Transceiver,VR2TX,NOT USED,A69-1601-63290,,,,,STATION,ST4,POINT (-88.46626 41.33436),"Added this deploy record for RAFT format, 70% Battery; map 114"
"2025-03-12",TRANSMITTER,USGS,USGSUMESCILR,ST4-VR2TX-481290-A69-1601-63290-2020-03-12T16,2020-03-12 16:18:00.000,2020-10-27 15:20:00.000,UTC,STATION:ST4,41.33436,-88.46626,,,,Transceiver,VR2TX,NOT USED,A69-1601-63290,,,,,STATION,ST4,POINT (-88.46626 41.33436),"Added this deploy record for RAFT format, Battery replaced first, 1.42MB,"
"2025-03-12",TRANSMITTER,USGS,USGSUMESCILR,ST4-VR2TX-481290-A69-1601-63290-2020-10-27T15,2020-10-27 15:25:00.000,2021-04-21 21:44:00.000,UTC,STATION:ST4,41.33436,-88.46626,,,,Transceiver,VR2TX,NOT USED,A69-1601-63290,,,,,STATION,ST4,POINT (-88.46626 41.33436),"Added this deploy record for RAFT format, 65% Battery"
"2025-03-12",TRANSMITTER,USGS,USGSUMESCILR,ST4-VR2TX-481290-A69-1601-63290-2021-04-21T21,2021-04-21 21:49:00.000,2021-05-13 16:05:00.000,UTC,STATION:ST4,41.33436,-88.46626,,,,Transceiver,VR2TX,NOT USED,A69-1601-63290,,,,,STATION,ST4,POINT (-88.46626 41.33436),"Added this deploy record for RAFT format, Update Firmware"
"2025-03-12",TRANSMITTER,USGS,USGSUMESCILR,ST4-VR2TX-481290-A69-1601-63290-2021-05-13T16,2021-05-13 16:10:00.000,2021-08-16 16:14:00.000,UTC,STATION:ST4,41.33436,-88.46626,,,,Transceiver,VR2TX,NOT USED,A69-1601-63290,,,,,STATION,ST4,POINT (-88.46626 41.33436),"Added this deploy record for RAFT format, 40% Battery"
"2025-03-12",TRANSMITTER,USGS,USGSUMESCILR,ST4-VR2TX-481290-A69-1601-63290-2021-08-16T16,2021-08-16 16:19:00.000,2021-08-25 20:54:00.000,UTC,STATION:ST4,41.33436,-88.46626,,,,Transceiver,VR2TX,NOT USED,A69-1601-63290,,,,,STATION,ST4,POINT (-88.46626 41.33436),"Added this deploy record for RAFT format, 40% Battery"
"2025-03-12",TRANSMITTER,USGS,USGSUMESCILR,ST4-VR2TX-481290-A69-1601-63290-2021-08-25T20,2021-08-25 20:59:00.000,2021-11-10 16:57:00.000,UTC,STATION:ST4,41.33436,-88.46626,,,,Transceiver,VR2TX,NOT USED,A69-1601-63290,,,,,STATION,ST4,POINT (-88.46626 41.33436),Added this deploy record for RAFT format
"2025-03-12",TRANSMITTER,USGS,USGSUMESCILR,ST4-VR2TX-481290-A69-1601-63290-2021-11-10T17,2021-11-10 17:02:00.000,2021-12-01 18:51:00.000,UTC,STATION:ST4,41.33436,-88.46626,,,,Transceiver,VR2TX,NOT USED,A69-1601-63290,,,,,STATION,ST4,POINT (-88.46626 41.33436),"Added this deploy record for RAFT format, New battery"
"2025-03-12",TRANSMITTER,USGS,USGSUMESCILR,ST4-VR2TX-481290-A69-1601-63290-2021-12-01T18,2021-12-01 18:56:00.000,2022-04-14 20:47:00.000,UTC,STATION:ST4,41.33436,-88.46626,,,,Transceiver,VR2TX,NOT USED,A69-1601-63290,,,,,STATION,ST4,POINT (-88.46626 41.33436),"Added this deploy record for RAFT format, 75% battery, updated to Map-115"
"2025-03-12",TRANSMITTER,USGS,USGSUMESCILR,ST4-VR2TX-481290-A69-1601-63290-2022-04-14T20,2022-04-14 20:52:00.000,2022-07-12 18:06:00.000,UTC,STATION:ST4,41.33436,-88.46626,,,,Transceiver,VR2TX,NOT USED,A69-1601-63290,,,,,STATION,ST4,POINT (-88.46626 41.33436),"Added this deploy record for RAFT format, Updated firmware to 5.2.2, 55% Battery"
"2025-03-12",TRANSMITTER,USGS,USGSUMESCILR,ST4-VR2TX-481290-A69-1601-63290-2022-07-12T18,2022-07-12 18:11:00.000,2022-11-10 15:46:00.000,UTC,STATION:ST4,41.33436,-88.46626,,,,Transceiver,VR2TX,NOT USED,A69-1601-63290,,,,,STATION,ST4,POINT (-88.46626 41.33436),"Added this deploy record for RAFT format, 30% battery, replaced"
"2025-03-12",TRANSMITTER,USGS,USGSUMESCILR,ST4-VR2TX-481290-A69-1601-63290-2022-11-10T15,2022-11-10 15:51:00.000,2023-04-13 13:21:00.000,UTC,STATION:ST4,41.33436,-88.46626,,,,Transceiver,VR2TX,NOT USED,A69-1601-63290,,,,,STATION,ST4,POINT (-88.46626 41.33436),"Added this deploy record for RAFT format, 70% Battery, Firmware updated to 6.0.0"
"2025-03-12",TRANSMITTER,USGS,USGSUMESCILR,ST4-VR2TX-481290-A69-1601-63290-2023-04-13T13,2023-04-13 13:26:00.000,2023-11-07 15:40:00.000,UTC,STATION:ST4,41.33436,-88.46626,,,,Transceiver,VR2TX,NOT USED,A69-1601-63290,,,,,STATION,ST4,POINT (-88.46626 41.33436),"Added this deploy record for RAFT format, New Battery"
"2025-03-12",TRANSMITTER,USGS,USGSUMESCILR,ST4-VR2TX-481290-A69-1601-63290-2023-11-07T15,2023-11-07 15:45:00.000,2024-04-18 13:10:00.000,UTC,STATION:ST4,41.33436,-88.46626,,,,Transceiver,VR2TX,NOT USED,A69-1601-63290,,,,,STATION,ST4,POINT (-88.46626 41.33436),"Added this deploy record for RAFT format, 70% Battery"
"2025-03-12",TRANSMITTER,USGS,USGSUMESCILR,ST4-VR2TX-481290-A69-1601-63290-2024-04-18T13,2024-04-18 13:15:00.000,2024-11-13 16:44:00.000,UTC,STATION:ST4,41.33436,-88.46626,,,,Transceiver,VR2TX,NOT USED,A69-1601-63290,,,,,STATION,ST4,POINT (-88.46626 41.33436),"Added this deploy record for RAFT format, Removed at 10:44, offloaded later in day"
"2025-03-12",TRANSMITTER,USGS,USGSUMESCILR,ST5-VR2TX-481302-A69-1601-63302-2019-10-10T16,2019-10-10 16:40:00.000,2019-12-11 01:14:33.000,UTC,STATION:ST5,41.33424,-88.46563,,,,Transceiver,VR2TX,NOT USED,A69-1601-63302,,,,,STATION,ST5,POINT (-88.46563 41.33424),"heard 12:14, new point saved as WP 30 on BK3 Garmin GPS; battery 90%"
"2025-03-12",TRANSMITTER,USGS,USGSUMESCILR,ST5-VR2TX-481302-A69-1601-63302-2019-12-11T01,2019-12-11 01:19:33.000,2020-03-12 16:25:00.000,UTC,STATION:ST5,41.33424,-88.46563,,,,Transceiver,VR2TX,NOT USED,A69-1601-63302,,,,,STATION,ST5,POINT (-88.46563 41.33424),"Added this deploy record for RAFT format, receiver tipped over; 70% battery; map 114"
"2025-03-12",TRANSMITTER,USGS,USGSUMESCILR,ST5-VR2TX-481302-A69-1601-63302-2020-03-12T16,2020-03-12 16:30:00.000,2020-10-27 15:50:00.000,UTC,STATION:ST5,41.33424,-88.46563,,,,Transceiver,VR2TX,NOT USED,A69-1601-63302,,,,,STATION,ST5,POINT (-88.46563 41.33424),"Added this deploy record for RAFT format, Battery replaced first, 1.55MB,"
"2025-03-12",TRANSMITTER,USGS,USGSUMESCILR,ST5-VR2TX-481302-A69-1601-63302-2020-10-27T15,2020-10-27 15:55:00.000,2021-04-21 21:36:00.000,UTC,STATION:ST5,41.33424,-88.46563,,,,Transceiver,VR2TX,NOT USED,A69-1601-63302,,,,,STATION,ST5,POINT (-88.46563 41.33424),"Added this deploy record for RAFT format, 65% Battery"
"2025-03-12",TRANSMITTER,USGS,USGSUMESCILR,ST5-VR2TX-481302-A69-1601-63302-2021-04-21T21,2021-04-21 21:41:00.000,2021-05-13 16:13:00.000,UTC,STATION:ST5,41.33424,-88.46563,,,,Transceiver,VR2TX,NOT USED,A69-1601-63302,,,,,STATION,ST5,POINT (-88.46563 41.33424),"Added this deploy record for RAFT format, Update Firmware"
"2025-03-12",TRANSMITTER,USGS,USGSUMESCILR,ST5-VR2TX-481302-A69-1601-63302-2021-05-13T16,2021-05-13 16:18:00.000,2021-08-16 16:07:00.000,UTC,STATION:ST5,41.33424,-88.46563,,,,Transceiver,VR2TX,NOT USED,A69-1601-63302,,,,,STATION,ST5,POINT (-88.46563 41.33424),"Added this deploy record for RAFT format, 40% Battery"
"2025-03-12",TRANSMITTER,USGS,USGSUMESCILR,ST5-VR2TX-481302-A69-1601-63302-2021-08-16T16,2021-08-16 16:12:00.000,2021-08-25 20:48:00.000,UTC,STATION:ST5,41.33424,-88.46563,,,,Transceiver,VR2TX,NOT USED,A69-1601-63302,,,,,STATION,ST5,POINT (-88.46563 41.33424),"Added this deploy record for RAFT format, 40% Battery"
"2025-03-12",TRANSMITTER,USGS,USGSUMESCILR,ST5-VR2TX-481302-A69-1601-63302-2021-08-25T20,2021-08-25 20:53:00.000,2021-11-10 18:52:00.000,UTC,STATION:ST5,41.33424,-88.46563,,,,Transceiver,VR2TX,NOT USED,A69-1601-63302,,,,,STATION,ST5,POINT (-88.46563 41.33424),Added this deploy record for RAFT format
"2025-03-12",TRANSMITTER,USGS,USGSUMESCILR,ST5-VR2TX-481302-A69-1601-63302-2021-11-10T18,2021-11-10 18:57:00.000,2021-11-10 19:27:00.000,UTC,STATION:ST5,41.33424,-88.46563,,,,Transceiver,VR2TX,NOT USED,A69-1601-63302,,,,,STATION,ST5,POINT (-88.46563 41.33424),Warmed in vehicle then offload worked
"2025-03-12",TRANSMITTER,USGS,USGSUMESCILR,ST5-VR2TX-481302-A69-1601-63302-2021-11-10T19,2021-11-10 19:38:00.000,2021-12-01 18:42:00.000,UTC,STATION:ST5,41.33424,-88.46563,,,,Transceiver,VR2TX,NOT USED,A69-1601-63302,,,,,STATION,ST5,POINT (-88.46563 41.33424),"New battery, New battery"
"2025-03-12",TRANSMITTER,USGS,USGSUMESCILR,ST5-VR2TX-481302-A69-1601-63302-2021-12-01T18,2021-12-01 18:47:00.000,2022-04-14 18:43:00.000,UTC,STATION:ST5,41.33424,-88.46563,,,,Transceiver,VR2TX,NOT USED,A69-1601-63302,,,,,STATION,ST5,POINT (-88.46563 41.33424),"Added this deploy record for RAFT format, 75% battery, updated to Map-115"
"2025-03-12",TRANSMITTER,USGS,USGSUMESCILR,ST5-VR2TX-481302-A69-1601-63302-2022-04-14T18,2022-04-14 18:48:00.000,2022-07-12 17:54:00.000,UTC,STATION:ST5,41.33424,-88.46563,,,,Transceiver,VR2TX,NOT USED,A69-1601-63302,,,,,STATION,ST5,POINT (-88.46563 41.33424),"Added this deploy record for RAFT format, Updated firmware to 5.2.2, 55% Battery"
"2025-03-12",TRANSMITTER,USGS,USGSUMESCILR,ST5-VR2TX-481302-A69-1601-63302-2022-07-12T17,2022-07-12 17:59:00.000,2022-11-10 15:34:00.000,UTC,STATION:ST5,41.33424,-88.46563,,,,Transceiver,VR2TX,NOT USED,A69-1601-63302,,,,,STATION,ST5,POINT (-88.46563 41.33424),"Added this deploy record for RAFT format, 30% battery, replaced"
"2025-03-12",TRANSMITTER,USGS,USGSUMESCILR,ST5-VR2TX-481302-A69-1601-63302-2022-11-10T15,2022-11-10 15:39:00.000,2023-04-13 13:04:00.000,UTC,STATION:ST5,41.33424,-88.46563,,,,Transceiver,VR2TX,NOT USED,A69-1601-63302,,,,,STATION,ST5,POINT (-88.46563 41.33424),"Added this deploy record for RAFT format, 70% Battery, Firmware updated to 6.0.0"
"2025-03-12",TRANSMITTER,USGS,USGSUMESCILR,ST5-VR2TX-481302-A69-1601-63302-2023-04-13T13,2023-04-13 13:09:00.000,2023-11-07 16:01:00.000,UTC,STATION:ST5,41.33424,-88.46563,,,,Transceiver,VR2TX,NOT USED,A69-1601-63302,,,,,STATION,ST5,POINT (-88.46563 41.33424),"Added this deploy record for RAFT format, New Battery, Receiver may have been tipped"
"2025-03-12",TRANSMITTER,USGS,USGSUMESCILR,ST5-VR2TX-481302-A69-1601-63302-2023-11-07T16,2023-11-07 16:06:00.000,2024-04-18 12:45:00.000,UTC,STATION:ST5,41.33424,-88.46563,,,,Transceiver,VR2TX,NOT USED,A69-1601-63302,,,,,STATION,ST5,POINT (-88.46563 41.33424),"Added this deploy record for RAFT format, 70% Battery"
"2025-03-12",TRANSMITTER,USGS,USGSUMESCILR,ST5-VR2TX-481302-A69-1601-63302-2024-04-18T12,2024-04-18 12:50:00.000,2024-11-13 16:24:00.000,UTC,STATION:ST5,41.33424,-88.46563,,,,Transceiver,VR2TX,NOT USED,A69-1601-63302,,,,,STATION,ST5,POINT (-88.46563 41.33424),"Added this deploy record for RAFT format, 10:24, steel cable repaired. Check cable again next trip"
"2025-03-12",TRANSMITTER,USGS,USGSUMESCILR,ST5-VR2TX-481302-A69-1601-63302-2024-11-13T16,2024-11-13 16:29:00.000,,UTC,STATION:ST5,41.33424,-88.46563,,,,Transceiver,VR2TX,NOT USED,A69-1601-63302,,,,,STATION,ST5,POINT (-88.46563 41.33424),Added this deploy record for RAFT format
"2025-03-12",TRANSMITTER,USGS,USGSUMESCILR,ST6-VR2TX-480685-A69-1601-62685-2019-10-09T22,2019-10-09 22:47:00.000,2019-12-10 23:21:27.000,UTC,STATION:ST6,41.33637,-88.46334,,,,Transceiver,VR2TX,NOT USED,A69-1601-62685,,,,,STATION,ST6,POINT (-88.46334 41.33637),"heard 10/10/2019 - 13:44, new point saved as WP 31 on BK3 Garmin GPS; battery 65% but not replaced"
"2025-03-12",TRANSMITTER,USGS,USGSUMESCILR,ST6-VR2TX-480685-A69-1601-62685-2019-12-10T23,2019-12-10 23:26:27.000,2020-03-12 15:10:08.000,UTC,STATION:ST6,41.33637,-88.46334,,,,Transceiver,VR2TX,NOT USED,A69-1601-62685,,,,,STATION,ST6,POINT (-88.46334 41.33637),"Added this deploy record for RAFT format, 45% Battery; verified time;"
"2025-03-12",TRANSMITTER,USGS,USGSUMESCILR,ST6-VR2TX-480685-A69-1601-62685-2020-03-12T15,2020-03-12 15:15:08.000,2020-10-27 16:45:00.000,UTC,STATION:ST6,41.33637,-88.46334,,,,Transceiver,VR2TX,NOT USED,A69-1601-62685,,,,,STATION,ST6,POINT (-88.46334 41.33637),"Added this deploy record for RAFT format, Battery replaced first, 1.57MB,  used last known gps coordinates because didn't take new coordinates"
"2025-03-12",TRANSMITTER,USGS,USGSUMESCILR,ST6-VR2TX-480685-A69-1601-62685-2020-10-27T16,2020-10-27 16:50:00.000,2021-04-21 21:15:00.000,UTC,STATION:ST6,41.33637,-88.46334,,,,Transceiver,VR2TX,NOT USED,A69-1601-62685,,,,,STATION,ST6,POINT (-88.46334 41.33637),"Added this deploy record for RAFT format, 65% Battery"
"2025-03-12",TRANSMITTER,USGS,USGSUMESCILR,ST6-VR2TX-480685-A69-1601-62685-2021-04-21T21,2021-04-21 21:20:00.000,2021-05-13 16:24:00.000,UTC,STATION:ST6,41.33637,-88.46334,,,,Transceiver,VR2TX,NOT USED,A69-1601-62685,,,,,STATION,ST6,POINT (-88.46334 41.33637),"Added this deploy record for RAFT format, Update Firmware"
"2025-03-12",TRANSMITTER,USGS,USGSUMESCILR,ST6-VR2TX-480685-A69-1601-62685-2021-05-13T16,2021-05-13 16:29:00.000,2021-08-16 16:32:00.000,UTC,STATION:ST6,41.33637,-88.46334,,,,Transceiver,VR2TX,NOT USED,A69-1601-62685,,,,,STATION,ST6,POINT (-88.46334 41.33637),"Added this deploy record for RAFT format, 40% Battery"
"2025-03-12",TRANSMITTER,USGS,USGSUMESCILR,ST6-VR2TX-480685-A69-1601-62685-2021-08-16T16,2021-08-16 16:37:00.000,2021-08-25 20:40:00.000,UTC,STATION:ST6,41.33637,-88.46334,,,,Transceiver,VR2TX,NOT USED,A69-1601-62685,,,,,STATION,ST6,POINT (-88.46334 41.33637),"Added this deploy record for RAFT format, 40% Battery"
"2025-03-12",TRANSMITTER,USGS,USGSUMESCILR,ST6-VR2TX-480685-A69-1601-62685-2021-08-25T20,2021-08-25 20:45:00.000,2021-11-10 16:35:00.000,UTC,STATION:ST6,41.33637,-88.46334,,,,Transceiver,VR2TX,NOT USED,A69-1601-62685,,,,,STATION,ST6,POINT (-88.46334 41.33637),Added this deploy record for RAFT format
"2025-03-12",TRANSMITTER,USGS,USGSUMESCILR,ST6-VR2TX-480685-A69-1601-62685-2021-11-10T16,2021-11-10 16:40:00.000,2021-12-01 18:25:00.000,UTC,STATION:ST6,41.33637,-88.46334,,,,Transceiver,VR2TX,NOT USED,A69-1601-62685,,,,,STATION,ST6,POINT (-88.46334 41.33637),"Added this deploy record for RAFT format, New battery"
"2025-03-12",TRANSMITTER,USGS,USGSUMESCILR,ST6-VR2TX-480685-A69-1601-62685-2021-12-01T18,2021-12-01 18:30:00.000,2022-04-14 18:15:00.000,UTC,STATION:ST6,41.33637,-88.46334,,,,Transceiver,VR2TX,NOT USED,A69-1601-62685,,,,,STATION,ST6,POINT (-88.46334 41.33637),"Added this deploy record for RAFT format, 75% battery"
"2025-03-12",TRANSMITTER,USGS,USGSUMESCILR,ST6-VR2TX-480685-A69-1601-62685-2022-04-14T18,2022-04-14 18:20:00.000,2022-07-12 17:38:00.000,UTC,STATION:ST6,41.33637,-88.46334,,,,Transceiver,VR2TX,NOT USED,A69-1601-62685,,,,,STATION,ST6,POINT (-88.46334 41.33637),"Added this deploy record for RAFT format, Updated firmware to 5.2.2, 55% Battery"
"2025-03-12",TRANSMITTER,USGS,USGSUMESCILR,ST6-VR2TX-480685-A69-1601-62685-2022-07-12T17,2022-07-12 17:43:00.000,2022-11-10 15:15:00.000,UTC,STATION:ST6,41.33637,-88.46334,,,,Transceiver,VR2TX,NOT USED,A69-1601-62685,,,,,STATION,ST6,POINT (-88.46334 41.33637),"Added this deploy record for RAFT format, 30% battery, replaced"
"2025-03-12",TRANSMITTER,USGS,USGSUMESCILR,ST6-VR2TX-480685-A69-1601-62685-2022-11-10T15,2022-11-10 15:20:00.000,2023-04-12 20:04:00.000,UTC,STATION:ST6,41.33637,-88.46334,,,,Transceiver,VR2TX,NOT USED,A69-1601-62685,,,,,STATION,ST6,POINT (-88.46334 41.33637),"Added this deploy record for RAFT format, 70% Battery, Firmware updated to 6.0.0"
"2025-03-12",TRANSMITTER,USGS,USGSUMESCILR,ST6-VR2TX-480685-A69-1601-62685-2023-04-12T20,2023-04-12 20:09:00.000,2023-11-07 16:38:00.000,UTC,STATION:ST6,41.33637,-88.46334,,,,Transceiver,VR2TX,NOT USED,A69-1601-62685,,,,,STATION,ST6,POINT (-88.46334 41.33637),"Added this deploy record for RAFT format, New Battery"
"2025-03-12",TRANSMITTER,USGS,USGSUMESCILR,ST6-VR2TX-480685-A69-1601-62685-2023-11-07T16,2023-11-07 16:43:00.000,2024-04-18 15:24:00.000,UTC,STATION:ST6,41.33637,-88.46334,,,,Transceiver,VR2TX,NOT USED,A69-1601-62685,,,,,STATION,ST6,POINT (-88.46334 41.33637),"Added this deploy record for RAFT format, 70% Battery"
"2025-03-12",TRANSMITTER,USGS,USGSUMESCILR,ST6-VR2TX-480685-A69-1601-62685-2024-04-18T15,2024-04-18 15:29:00.000,2024-11-13 15:54:00.000,UTC,STATION:ST6,41.33637,-88.46334,,,,Transceiver,VR2TX,NOT USED,A69-1601-62685,,,,,STATION,ST6,POINT (-88.46334 41.33637),"Added this deploy record for RAFT format, 9:54AM, Bad Clock Error, replaced with 491390, sending to Innovasea"
"2025-03-12",TRANSMITTER,USGS,USGSUMESCILR,ST7-VR2TX-480674-A69-1601-62674-2019-10-09T23,2019-10-09 23:08:00.000,2019-12-11 02:38:03.000,UTC,STATION:ST7,41.33725,-88.461,,1.83,,Transceiver,VR2TX,NOT USED,A69-1601-62674,,,,,STATION,ST7,POINT (-88.461 41.33725),"heard 10/10/2019 - 18:18, 90% battery"
"2025-03-12",TRANSMITTER,USGS,USGSUMESCILR,ST7-VR2TX-480674-A69-1601-62674-2019-12-11T02,2019-12-11 02:43:03.000,2020-03-12 17:20:00.000,UTC,STATION:ST7,41.33725,-88.461,,1.83,,Transceiver,VR2TX,NOT USED,A69-1601-62674,,,,,STATION,ST7,POINT (-88.461 41.33725),"Added this deploy record for RAFT format, 70% Battery; map 114"
"2025-03-12",TRANSMITTER,USGS,USGSUMESCILR,ST7-VR2TX-480674-A69-1601-62674-2020-03-12T17,2020-03-12 17:25:00.000,2020-10-27 18:41:00.000,UTC,STATION:ST7,41.33725,-88.461,,1.83,,Transceiver,VR2TX,NOT USED,A69-1601-62674,,,,,STATION,ST7,POINT (-88.461 41.33725),"Added this deploy record for RAFT format, Battery replaced first, 1.67MB, used last known gps coordinates because didn't take new coordinates"
"2025-03-12",TRANSMITTER,USGS,USGSUMESCILR,ST7-VR2TX-480674-A69-1601-62674-2020-10-27T18,2020-10-27 18:46:00.000,2021-04-21 20:56:00.000,UTC,STATION:ST7,41.33725,-88.461,,1.83,,Transceiver,VR2TX,NOT USED,A69-1601-62674,,,,,STATION,ST7,POINT (-88.461 41.33725),"Added this deploy record for RAFT format, 65% Battery; time drifted"
"2025-03-12",TRANSMITTER,USGS,USGSUMESCILR,ST7-VR2TX-480674-A69-1601-62674-2021-04-21T21,2021-04-21 21:01:00.000,2021-05-13 16:30:00.000,UTC,STATION:ST7,41.33725,-88.461,,1.83,,Transceiver,VR2TX,NOT USED,A69-1601-62674,,,,,STATION,ST7,POINT (-88.461 41.33725),"Added this deploy record for RAFT format, Update Firmware"
"2025-03-12",TRANSMITTER,USGS,USGSUMESCILR,ST7-VR2TX-480674-A69-1601-62674-2021-05-13T16,2021-05-13 16:35:00.000,2021-08-16 16:44:00.000,UTC,STATION:ST7,41.33725,-88.461,,1.83,,Transceiver,VR2TX,NOT USED,A69-1601-62674,,,,,STATION,ST7,POINT (-88.461 41.33725),"Added this deploy record for RAFT format, 40% Battery"
"2025-03-12",TRANSMITTER,USGS,USGSUMESCILR,ST7-VR2TX-480674-A69-1601-62674-2021-08-16T16,2021-08-16 16:49:00.000,2021-08-25 20:31:00.000,UTC,STATION:ST7,41.33725,-88.461,,1.83,,Transceiver,VR2TX,NOT USED,A69-1601-62674,,,,,STATION,ST7,POINT (-88.461 41.33725),"Added this deploy record for RAFT format, Offload all East Pit after Tag Drags, Battery 40%"
"2025-03-12",TRANSMITTER,USGS,USGSUMESCILR,ST7-VR2TX-480674-A69-1601-62674-2021-08-25T20,2021-08-25 20:36:00.000,2021-11-10 16:15:00.000,UTC,STATION:ST7,41.33725,-88.461,,1.83,,Transceiver,VR2TX,NOT USED,A69-1601-62674,,,,,STATION,ST7,POINT (-88.461 41.33725),Added this deploy record for RAFT format
"2025-03-12",TRANSMITTER,USGS,USGSUMESCILR,ST7-VR2TX-480674-A69-1601-62674-2021-11-10T16,2021-11-10 16:20:00.000,2021-12-01 18:00:00.000,UTC,STATION:ST7,41.33725,-88.461,,1.83,,Transceiver,VR2TX,NOT USED,A69-1601-62674,,,,,STATION,ST7,POINT (-88.461 41.33725),"Added this deploy record for RAFT format, New battery"
"2025-03-12",TRANSMITTER,USGS,USGSUMESCILR,ST7-VR2TX-480674-A69-1601-62674-2021-12-01T18,2021-12-01 18:05:00.000,2022-04-14 17:59:00.000,UTC,STATION:ST7,41.33725,-88.461,,1.83,,Transceiver,VR2TX,NOT USED,A69-1601-62674,,,,,STATION,ST7,POINT (-88.461 41.33725),"Added this deploy record for RAFT format, 75% battery, updated to Map-115"
"2025-03-12",TRANSMITTER,USGS,USGSUMESCILR,ST7-VR2TX-480674-A69-1601-62674-2022-04-14T18,2022-04-14 18:04:00.000,2022-07-12 16:29:00.000,UTC,STATION:ST7,41.33725,-88.461,,1.83,,Transceiver,VR2TX,NOT USED,A69-1601-62674,,,,,STATION,ST7,POINT (-88.461 41.33725),"Added this deploy record for RAFT format, Updated firmware to 5.2.2; battery replaced after we were having data parsing errors. After errors, study would not restart. Restarted receiver again via unplugging battery and waiting a few minutes and reconnecting battery terminal. Upon restart, confirmed it was recording again and redeployed."
"2025-03-12",TRANSMITTER,USGS,USGSUMESCILR,ST7-VR2TX-480674-A69-1601-62674-2022-07-12T16,2022-07-12 16:34:00.000,,UTC,STATION:ST7,41.33725,-88.461,,1.83,,Transceiver,VR2TX,NOT USED,A69-1601-62674,,,,,STATION,ST7,POINT (-88.461 41.33725),Added this deploy record for RAFT format
"2025-03-12",TRANSMITTER,USGS,USGSUMESCILR,ST7-VR2TX-487140-A69-1601-62010-2022-11-10T15,2022-11-10 15:00:00.000,2023-04-12 20:16:00.000,UTC,STATION:ST7,41.33724,-88.46105,,5.33,,Transceiver,VR2TX,NOT USED,A69-1601-62010,,,,,STATION,ST7,POINT (-88.46105 41.33724),"New receiver for station 7. A69-1601-62010,  MAP 115, 70% Battery, Firmware updated to 6.0.0, Needs new cable."
"2025-03-12",TRANSMITTER,USGS,USGSUMESCILR,ST7-VR2TX-487140-A69-1601-62010-2023-04-12T20,2023-04-12 20:21:00.000,2023-11-16 17:10:00.000,UTC,STATION:ST7,41.33724,-88.46105,,5.33,,Transceiver,VR2TX,NOT USED,A69-1601-62010,,,,,STATION,ST7,POINT (-88.46105 41.33724),"Added this deploy record for RAFT format, New Battery"
"2025-03-12",TRANSMITTER,USGS,USGSUMESCILR,ST7-VR2TX-487140-A69-1601-62010-2023-11-16T17,2023-11-16 17:15:00.000,2024-04-18 15:32:00.000,UTC,STATION:ST7,41.33724,-88.46105,,5.33,,Transceiver,VR2TX,NOT USED,A69-1601-62010,,,,,STATION,ST7,POINT (-88.46105 41.33724),"Added this deploy record for RAFT format, 70% Battery"
"2025-03-12",TRANSMITTER,USGS,USGSUMESCILR,ST7-VR2TX-487140-A69-1601-62010-2024-04-18T15,2024-04-18 15:37:00.000,2024-11-13 15:32:00.000,UTC,STATION:ST7,41.33724,-88.46105,,5.33,,Transceiver,VR2TX,NOT USED,A69-1601-62010,,,,,STATION,ST7,POINT (-88.46105 41.33724),"Added this deploy record for RAFT format, new battery"
"2025-03-12",TRANSMITTER,USGS,USGSUMESCILR,ST7-VR2TX-487140-A69-1601-62010-2024-11-13T15,2024-11-13 15:37:00.000,,UTC,STATION:ST7,41.33724,-88.46105,,5.33,,Transceiver,VR2TX,NOT USED,A69-1601-62010,,,,,STATION,ST7,POINT (-88.46105 41.33724),Added this deploy record for RAFT format
"2025-03-12",TRANSMITTER,USGS,USGSUMESCILR,WEST_PIT_2-VR2TX-485479-A69-1601-62876-2024-11-13T18,2024-11-13 18:00:00.000,2024-11-13 21:52:00.000,UTC,STATION:WEST_PIT_2,41.33119,-88.48564,,,,Transceiver,VR2TX,NOT USED,A69-1601-62876,,,,,STATION,WEST_PIT_2,POINT (-88.48564 41.33119),""
"2025-03-12",TRANSMITTER,USGS,USGSUMESCILR,WEST_PIT_2-VR2TX-485479-A69-1601-62876-2024-11-13T21,2024-11-13 21:57:00.000,,UTC,STATION:WEST_PIT_2,41.33119,-88.48564,,,,Transceiver,VR2TX,NOT USED,A69-1601-62876,,,,,STATION,WEST_PIT_2,POINT (-88.48564 41.33119),Added this deploy record for RAFT format
"2025-03-12",TRANSMITTER,USGS,USGSUMESCILR,WEST_PIT_3-VR2TX-487141-A69-1601-62032-2024-11-13T20,2024-11-13 20:21:00.000,2024-11-13 22:23:00.000,UTC,STATION:WEST_PIT_3,41.33005,-88.47263,,4.5,,Transceiver,VR2TX,NOT USED,A69-1601-62032,,,,,STATION,WEST_PIT_3,POINT (-88.47263 41.33005),""
"2025-03-12",TRANSMITTER,USGS,USGSUMESCILR,WEST_PIT_3-VR2TX-487141-A69-1601-62032-2024-11-13T22,2024-11-13 22:28:00.000,,UTC,STATION:WEST_PIT_3,41.33005,-88.47263,,4.5,,Transceiver,VR2TX,NOT USED,A69-1601-62032,,,,,STATION,WEST_PIT_3,POINT (-88.47263 41.33005),Added this deploy record for RAFT format
"2025-03-12",TRANSMITTER,USGS,USGSUMESCILR,WEST_PIT_4-VR2TX-485475-A69-1601-62867-2024-11-13T20,2024-11-13 20:06:00.000,2024-11-13 22:12:00.000,UTC,STATION:WEST_PIT_4,41.3314,-88.47197,,,,Transceiver,VR2TX,NOT USED,A69-1601-62867,,,,,STATION,WEST_PIT_4,POINT (-88.47197 41.3314),""
"2025-03-12",TRANSMITTER,USGS,USGSUMESCILR,WEST_PIT_4-VR2TX-485475-A69-1601-62867-2024-11-13T22,2024-11-13 22:17:00.000,,UTC,STATION:WEST_PIT_4,41.3314,-88.47197,,,,Transceiver,VR2TX,NOT USED,A69-1601-62867,,,,,STATION,WEST_PIT_4,POINT (-88.47197 41.3314),Added this deploy record for RAFT format
"2025-03-12",TRANSMITTER,WI DNR,WIDNRECCR,I-94 BRIDGE - CHIPPEWA RIVER-VR2TX-484960-A69-1601-62499-2020-10-14T13,2020-10-14 13:46:00.000,2025-10-30 10:08:00.000,UTC,STATION:I-94 BRIDGE - CHIPPEWA RIVER,44.78042,-91.53747,,,,Transceiver,VR2TX,"484960",A69-1601-62499,,,,,STATION,I-94 BRIDGE - CHIPPEWA RIVER,POINT (-91.53747 44.78042),""
"2025-12-16",TRANSMITTER,WI DNR,WIDNRECCR,I-94 BRIDGE - CHIPPEWA RIVER-VR2TX-484960-A69-1601-62499-2025_11_03T07,2025-11-03 07:48:00.000,,UTC,STATION:I-94 BRIDGE - CHIPPEWA RIVER,44.78042,-91.53747,,,,Transceiver,VR2TX,"484960",A69-1601-62499,,,,,STATION,I-94 BRIDGE - CHIPPEWA RIVER,POINT (-91.53747 44.78042),""
